id,Soil_Metric,metal,Name,GEN_GRAIN,GEN_GRAIN_Desc,SOIL_GROUP,Land_Cover_Type,value,HM_unit,HM_name,PH_07,LOI_07
LEEDS_00498c9486bf,Heavy Metals,As,Beeston Junction Community Orchard,,,,,35.55,mg/kg,Arsenic,,
LEEDS_00498c9486bf,Heavy Metals,Cd,Beeston Junction Community Orchard,,,,,0.52,mg/kg,Cadmium,,
LEEDS_00498c9486bf,Heavy Metals,Cu,Beeston Junction Community Orchard,,,,,61.81,mg/kg,Copper,,
LEEDS_00498c9486bf,Heavy Metals,Ni,Beeston Junction Community Orchard,,,,,37.44,mg/kg,Nickel,,
LEEDS_00498c9486bf,Heavy Metals,P2O5,Beeston Junction Community Orchard,,,,,0.33,w%,Phosphorus,,
LEEDS_00498c9486bf,Heavy Metals,Pb,Beeston Junction Community Orchard,,,,,133.26,mg/kg,Lead,,
LEEDS_00498c9486bf,Heavy Metals,Se,Beeston Junction Community Orchard,,,,,1.02,mg/kg,Selenium,,
LEEDS_00498c9486bf,Heavy Metals,Zr,Beeston Junction Community Orchard,,,,,237.29,mg/kg,Zirconium,,
LEEDS_00498c9486bf,Land Cover,,Beeston Junction Community Orchard,,,,Suburban,,,,,
LEEDS_00498c9486bf,Soil Parent,,Beeston Junction Community Orchard,ARGILLIC - ARENACEOUS,"A layered subsoil of clay, silt and sand.",MEDIUM TO HEAVY,,,,,,
LEEDS_00498c9486bf,Soil SOM,,Beeston Junction Community Orchard,,,,,,,,,14.15
LEEDS_00498c9486bf,Soil pH,,Beeston Junction Community Orchard,,,,,,,,5.5,
LEEDS_012884d53621,Heavy Metals,As,Incredible Edible Raised Beds,,,,,16.84,mg/kg,Arsenic,,
LEEDS_012884d53621,Heavy Metals,Cd,Incredible Edible Raised Beds,,,,,0.49,mg/kg,Cadmium,,
LEEDS_012884d53621,Heavy Metals,Cu,Incredible Edible Raised Beds,,,,,20.48,mg/kg,Copper,,
LEEDS_012884d53621,Heavy Metals,Ni,Incredible Edible Raised Beds,,,,,26.94,mg/kg,Nickel,,
LEEDS_012884d53621,Heavy Metals,P2O5,Incredible Edible Raised Beds,,,,,0.21,w%,Phosphorus,,
LEEDS_012884d53621,Heavy Metals,Pb,Incredible Edible Raised Beds,,,,,61.36,mg/kg,Lead,,
LEEDS_012884d53621,Heavy Metals,Se,Incredible Edible Raised Beds,,,,,0.69,mg/kg,Selenium,,
LEEDS_012884d53621,Heavy Metals,Zr,Incredible Edible Raised Beds,,,,,304.63,mg/kg,Zirconium,,
LEEDS_012884d53621,Land Cover,,Incredible Edible Raised Beds,,,,Suburban,,,,,
LEEDS_012884d53621,Soil Parent,,Incredible Edible Raised Beds,ARENACEOUS,A sand-rich subsoil.,MEDIUM TO HEAVY,,,,,,
LEEDS_014b1c3c5f59,,,Incredible Edible Raised Beds,,,,,,,,,
LEEDS_025940ac79ab,Heavy Metals,As,Reginald Park,,,,,22.02,mg/kg,Arsenic,,
LEEDS_025940ac79ab,Heavy Metals,Cd,Reginald Park,,,,,0.39,mg/kg,Cadmium,,
LEEDS_025940ac79ab,Heavy Metals,Cu,Reginald Park,,,,,34.87,mg/kg,Copper,,
LEEDS_025940ac79ab,Heavy Metals,Ni,Reginald Park,,,,,25.47,mg/kg,Nickel,,
LEEDS_025940ac79ab,Heavy Metals,P2O5,Reginald Park,,,,,0.28,w%,Phosphorus,,
LEEDS_025940ac79ab,Heavy Metals,Pb,Reginald Park,,,,,94.59,mg/kg,Lead,,
LEEDS_025940ac79ab,Heavy Metals,Se,Reginald Park,,,,,0.82,mg/kg,Selenium,,
LEEDS_025940ac79ab,Heavy Metals,Zr,Reginald Park,,,,,281.25,mg/kg,Zirconium,,
LEEDS_025940ac79ab,Land Cover,,Reginald Park,,,,Suburban,,,,,
LEEDS_025940ac79ab,Soil Parent,,Reginald Park,ARENACEOUS,A sand-rich subsoil.,LIGHT(SILTY) TO MEDIUM(SILTY),,,,,,
LEEDS_04c1e7814084,Heavy Metals,As,St Annes Road Allotments Ash,,,,,23.3,mg/kg,Arsenic,,
LEEDS_04c1e7814084,Heavy Metals,Cd,St Annes Road Allotments Ash,,,,,0.44,mg/kg,Cadmium,,
LEEDS_04c1e7814084,Heavy Metals,Cu,St Annes Road Allotments Ash,,,,,38.18,mg/kg,Copper,,
LEEDS_04c1e7814084,Heavy Metals,Ni,St Annes Road Allotments Ash,,,,,32.69,mg/kg,Nickel,,
LEEDS_04c1e7814084,Heavy Metals,P2O5,St Annes Road Allotments Ash,,,,,0.29,w%,Phosphorus,,
LEEDS_04c1e7814084,Heavy Metals,Pb,St Annes Road Allotments Ash,,,,,100.4,mg/kg,Lead,,
LEEDS_04c1e7814084,Heavy Metals,Se,St Annes Road Allotments Ash,,,,,0.97,mg/kg,Selenium,,
LEEDS_04c1e7814084,Heavy Metals,Zr,St Annes Road Allotments Ash,,,,,281.12,mg/kg,Zirconium,,
LEEDS_04c1e7814084,Land Cover,,St Annes Road Allotments Ash,,,,Suburban | Urban | Deciduous woodland,,,,,
LEEDS_04c1e7814084,Soil Parent,,St Annes Road Allotments Ash,ARGILLIC - ARENACEOUS,"A layered subsoil of clay, silt and sand.",MEDIUM TO HEAVY,,,,,,
LEEDS_05401cf51d59,,,Incredible Edible Raised Beds,,,,,,,,,
LEEDS_05435e723a1a,Heavy Metals,As,Kirk Lane Allotments Gardens,,,,,23.53,mg/kg,Arsenic,,
LEEDS_05435e723a1a,Heavy Metals,Cd,Kirk Lane Allotments Gardens,,,,,0.57,mg/kg,Cadmium,,
LEEDS_05435e723a1a,Heavy Metals,Cu,Kirk Lane Allotments Gardens,,,,,41.04,mg/kg,Copper,,
LEEDS_05435e723a1a,Heavy Metals,Ni,Kirk Lane Allotments Gardens,,,,,27.62,mg/kg,Nickel,,
LEEDS_05435e723a1a,Heavy Metals,P2O5,Kirk Lane Allotments Gardens,,,,,0.29,w%,Phosphorus,,
LEEDS_05435e723a1a,Heavy Metals,Pb,Kirk Lane Allotments Gardens,,,,,88.07,mg/kg,Lead,,
LEEDS_05435e723a1a,Heavy Metals,Se,Kirk Lane Allotments Gardens,,,,,0.9,mg/kg,Selenium,,
LEEDS_05435e723a1a,Heavy Metals,Zr,Kirk Lane Allotments Gardens,,,,,240.8,mg/kg,Zirconium,,
LEEDS_05435e723a1a,Land Cover,,Kirk Lane Allotments Gardens,,,,Suburban | Improve grassland,,,,,
LEEDS_05435e723a1a,Soil Parent,,Kirk Lane Allotments Gardens,MIXED (ARGILLIC-RUDACEOUS),"A variable clay, silt, and sand subsoil.",MEDIUM TO LIGHT(SILTY) TO HEAVY,,,,,,
LEEDS_057c82beef75,Heavy Metals,As,Beckhill Community Garden,,,,,20.0,mg/kg,Arsenic,,
LEEDS_057c82beef75,Heavy Metals,Cd,Beckhill Community Garden,,,,,0.4,mg/kg,Cadmium,,
LEEDS_057c82beef75,Heavy Metals,Cu,Beckhill Community Garden,,,,,33.15,mg/kg,Copper,,
LEEDS_057c82beef75,Heavy Metals,Ni,Beckhill Community Garden,,,,,26.36,mg/kg,Nickel,,
LEEDS_057c82beef75,Heavy Metals,P2O5,Beckhill Community Garden,,,,,0.26,w%,Phosphorus,,
LEEDS_057c82beef75,Heavy Metals,Pb,Beckhill Community Garden,,,,,91.55,mg/kg,Lead,,
LEEDS_057c82beef75,Heavy Metals,Se,Beckhill Community Garden,,,,,0.81,mg/kg,Selenium,,
LEEDS_057c82beef75,Heavy Metals,Zr,Beckhill Community Garden,,,,,278.09,mg/kg,Zirconium,,
LEEDS_057c82beef75,Land Cover,,Beckhill Community Garden,,,,Suburban,,,,,
LEEDS_057c82beef75,Soil Parent,,Beckhill Community Garden,ARGILLIC - ARENACEOUS,"A layered subsoil of clay, silt and sand.",MEDIUM TO HEAVY,,,,,,
LEEDS_05aa0dc49817,Heavy Metals,As,Hayleys Field Allotments Westover Road Haleys,,,,,23.45,mg/kg,Arsenic,,
LEEDS_05aa0dc49817,Heavy Metals,Cd,Hayleys Field Allotments Westover Road Haleys,,,,,0.43,mg/kg,Cadmium,,
LEEDS_05aa0dc49817,Heavy Metals,Cu,Hayleys Field Allotments Westover Road Haleys,,,,,42.05,mg/kg,Copper,,
LEEDS_05aa0dc49817,Heavy Metals,Ni,Hayleys Field Allotments Westover Road Haleys,,,,,28.71,mg/kg,Nickel,,
LEEDS_05aa0dc49817,Heavy Metals,P2O5,Hayleys Field Allotments Westover Road Haleys,,,,,0.29,w%,Phosphorus,,
LEEDS_05aa0dc49817,Heavy Metals,Pb,Hayleys Field Allotments Westover Road Haleys,,,,,98.66,mg/kg,Lead,,
LEEDS_05aa0dc49817,Heavy Metals,Se,Hayleys Field Allotments Westover Road Haleys,,,,,1.06,mg/kg,Selenium,,
LEEDS_05aa0dc49817,Heavy Metals,Zr,Hayleys Field Allotments Westover Road Haleys,,,,,336.51,mg/kg,Zirconium,,
LEEDS_05aa0dc49817,Land Cover,,Hayleys Field Allotments Westover Road Haleys,,,,Improve grassland | Suburban,,,,,
LEEDS_05aa0dc49817,Soil Parent,,Hayleys Field Allotments Westover Road Haleys,ARGILLIC - ARENACEOUS,"A layered subsoil of clay, silt and sand.",MEDIUM TO HEAVY,,,,,,
LEEDS_05e00e2c029c,Heavy Metals,As,Old Lane Beeston Allotments,,,,,41.99,mg/kg,Arsenic,,
LEEDS_05e00e2c029c,Heavy Metals,Cd,Old Lane Beeston Allotments,,,,,0.57,mg/kg,Cadmium,,
LEEDS_05e00e2c029c,Heavy Metals,Cu,Old Lane Beeston Allotments,,,,,66.11,mg/kg,Copper,,
LEEDS_05e00e2c029c,Heavy Metals,Ni,Old Lane Beeston Allotments,,,,,35.85,mg/kg,Nickel,,
LEEDS_05e00e2c029c,Heavy Metals,P2O5,Old Lane Beeston Allotments,,,,,0.35,w%,Phosphorus,,
LEEDS_05e00e2c029c,Heavy Metals,Pb,Old Lane Beeston Allotments,,,,,126.12,mg/kg,Lead,,
LEEDS_05e00e2c029c,Heavy Metals,Se,Old Lane Beeston Allotments,,,,,1.02,mg/kg,Selenium,,
LEEDS_05e00e2c029c,Heavy Metals,Zr,Old Lane Beeston Allotments,,,,,244.91,mg/kg,Zirconium,,
LEEDS_05e00e2c029c,Land Cover,,Old Lane Beeston Allotments,,,,Urban | Suburban,,,,,
LEEDS_05e00e2c029c,Soil Parent,,Old Lane Beeston Allotments,ARGILLIC - ARENACEOUS,"A layered subsoil of clay, silt and sand.",MEDIUM TO HEAVY,,,,,,
LEEDS_06368e2f7e2b,Heavy Metals,As,Carters Field Allotments | Growing Zone Community Orchard,,,,,15.3,mg/kg,Arsenic,,
LEEDS_06368e2f7e2b,Heavy Metals,Cd,Carters Field Allotments | Growing Zone Community Orchard,,,,,0.47,mg/kg,Cadmium,,
LEEDS_06368e2f7e2b,Heavy Metals,Cu,Carters Field Allotments | Growing Zone Community Orchard,,,,,24.73,mg/kg,Copper,,
LEEDS_06368e2f7e2b,Heavy Metals,Ni,Carters Field Allotments | Growing Zone Community Orchard,,,,,26.48,mg/kg,Nickel,,
LEEDS_06368e2f7e2b,Heavy Metals,P2O5,Carters Field Allotments | Growing Zone Community Orchard,,,,,0.21,w%,Phosphorus,,
LEEDS_06368e2f7e2b,Heavy Metals,Pb,Carters Field Allotments | Growing Zone Community Orchard,,,,,62.1,mg/kg,Lead,,
LEEDS_06368e2f7e2b,Heavy Metals,Se,Carters Field Allotments | Growing Zone Community Orchard,,,,,0.76,mg/kg,Selenium,,
LEEDS_06368e2f7e2b,Heavy Metals,Zr,Carters Field Allotments | Growing Zone Community Orchard,,,,,256.06,mg/kg,Zirconium,,
LEEDS_06368e2f7e2b,Land Cover,,Carters Field Allotments | Growing Zone Community Orchard,,,,Arable | Suburban | Improve grassland,,,,,
LEEDS_06368e2f7e2b,Soil Parent,,Carters Field Allotments | Growing Zone Community Orchard,ARGILLIC - ARENACEOUS,"A layered subsoil of clay, silt and sand.",LIGHT(SILTY) TO MEDIUM(SILTY),,,,,,
LEEDS_06368e2f7e2b,Soil SOM,,Carters Field Allotments | Growing Zone Community Orchard,,,,,,,,,3.13
LEEDS_06368e2f7e2b,Soil pH,,Carters Field Allotments | Growing Zone Community Orchard,,,,,,,,7.05,
LEEDS_0640bae08446,Heavy Metals,As,Great Preston Parish Field,,,,,16.43,mg/kg,Arsenic,,
LEEDS_0640bae08446,Heavy Metals,Cd,Great Preston Parish Field,,,,,0.47,mg/kg,Cadmium,,
LEEDS_0640bae08446,Heavy Metals,Cu,Great Preston Parish Field,,,,,33.28,mg/kg,Copper,,
LEEDS_0640bae08446,Heavy Metals,Ni,Great Preston Parish Field,,,,,21.6,mg/kg,Nickel,,
LEEDS_0640bae08446,Heavy Metals,P2O5,Great Preston Parish Field,,,,,0.21,w%,Phosphorus,,
LEEDS_0640bae08446,Heavy Metals,Pb,Great Preston Parish Field,,,,,64.71,mg/kg,Lead,,
LEEDS_0640bae08446,Heavy Metals,Se,Great Preston Parish Field,,,,,0.87,mg/kg,Selenium,,
LEEDS_0640bae08446,Heavy Metals,Zr,Great Preston Parish Field,,,,,264.85,mg/kg,Zirconium,,
LEEDS_0640bae08446,Land Cover,,Great Preston Parish Field,,,,Suburban,,,,,
LEEDS_0640bae08446,Soil Parent,,Great Preston Parish Field,ARGILLIC - ARENACEOUS,"A layered subsoil of clay, silt and sand.",HEAVY TO MEDIUM,,,,,,
LEEDS_0640bae08446,Soil SOM,,Great Preston Parish Field,,,,,,,,,3.13
LEEDS_0640bae08446,Soil pH,,Great Preston Parish Field,,,,,,,,7.05,
LEEDS_065379e8bef3,Heavy Metals,As,Incredible Edible Raised Beds,,,,,20.27,mg/kg,Arsenic,,
LEEDS_065379e8bef3,Heavy Metals,Cd,Incredible Edible Raised Beds,,,,,0.45,mg/kg,Cadmium,,
LEEDS_065379e8bef3,Heavy Metals,Cu,Incredible Edible Raised Beds,,,,,24.49,mg/kg,Copper,,
LEEDS_065379e8bef3,Heavy Metals,Ni,Incredible Edible Raised Beds,,,,,22.78,mg/kg,Nickel,,
LEEDS_065379e8bef3,Heavy Metals,P2O5,Incredible Edible Raised Beds,,,,,0.25,w%,Phosphorus,,
LEEDS_065379e8bef3,Heavy Metals,Pb,Incredible Edible Raised Beds,,,,,77.88,mg/kg,Lead,,
LEEDS_065379e8bef3,Heavy Metals,Se,Incredible Edible Raised Beds,,,,,0.73,mg/kg,Selenium,,
LEEDS_065379e8bef3,Heavy Metals,Zr,Incredible Edible Raised Beds,,,,,235.39,mg/kg,Zirconium,,
LEEDS_065379e8bef3,Land Cover,,Incredible Edible Raised Beds,,,,Suburban,,,,,
LEEDS_065379e8bef3,Soil Parent,,Incredible Edible Raised Beds,ARGILLIC - ARENACEOUS,"A layered subsoil of clay, silt and sand.",MEDIUM TO HEAVY,,,,,,
LEEDS_067512ed4f47,Heavy Metals,As,Saxton Gardens Community Orchard,,,,,31.86,mg/kg,Arsenic,,
LEEDS_067512ed4f47,Heavy Metals,Cd,Saxton Gardens Community Orchard,,,,,0.41,mg/kg,Cadmium,,
LEEDS_067512ed4f47,Heavy Metals,Cu,Saxton Gardens Community Orchard,,,,,56.05,mg/kg,Copper,,
LEEDS_067512ed4f47,Heavy Metals,Ni,Saxton Gardens Community Orchard,,,,,26.47,mg/kg,Nickel,,
LEEDS_067512ed4f47,Heavy Metals,P2O5,Saxton Gardens Community Orchard,,,,,0.3,w%,Phosphorus,,
LEEDS_067512ed4f47,Heavy Metals,Pb,Saxton Gardens Community Orchard,,,,,131.03,mg/kg,Lead,,
LEEDS_067512ed4f47,Heavy Metals,Se,Saxton Gardens Community Orchard,,,,,0.92,mg/kg,Selenium,,
LEEDS_067512ed4f47,Heavy Metals,Zr,Saxton Gardens Community Orchard,,,,,279.74,mg/kg,Zirconium,,
LEEDS_067512ed4f47,Land Cover,,Saxton Gardens Community Orchard,,,,Suburban,,,,,
LEEDS_067512ed4f47,Soil Parent,,Saxton Gardens Community Orchard,ARGILLIC - ARENACEOUS,"A layered subsoil of clay, silt and sand.",MEDIUM TO HEAVY,,,,,,
LEEDS_070a0d22d54c,Heavy Metals,As,Sydney Street Allotments Gardens,,,,,15.12,mg/kg,Arsenic,,
LEEDS_070a0d22d54c,Heavy Metals,Cd,Sydney Street Allotments Gardens,,,,,0.48,mg/kg,Cadmium,,
LEEDS_070a0d22d54c,Heavy Metals,Cu,Sydney Street Allotments Gardens,,,,,36.42,mg/kg,Copper,,
LEEDS_070a0d22d54c,Heavy Metals,Ni,Sydney Street Allotments Gardens,,,,,19.99,mg/kg,Nickel,,
LEEDS_070a0d22d54c,Heavy Metals,P2O5,Sydney Street Allotments Gardens,,,,,0.23,w%,Phosphorus,,
LEEDS_070a0d22d54c,Heavy Metals,Pb,Sydney Street Allotments Gardens,,,,,69.08,mg/kg,Lead,,
LEEDS_070a0d22d54c,Heavy Metals,Se,Sydney Street Allotments Gardens,,,,,1.09,mg/kg,Selenium,,
LEEDS_070a0d22d54c,Heavy Metals,Zr,Sydney Street Allotments Gardens,,,,,333.03,mg/kg,Zirconium,,
LEEDS_070a0d22d54c,Land Cover,,Sydney Street Allotments Gardens,,,,Suburban,,,,,
LEEDS_070a0d22d54c,Soil Parent,,Sydney Street Allotments Gardens,ARENACEOUS,A sand-rich subsoil.,MEDIUM TO HEAVY,,,,,,
LEEDS_07a8cabe9011,Heavy Metals,As,*Name Unavailable,,,,,11.09,mg/kg,Arsenic,,
LEEDS_07a8cabe9011,Heavy Metals,Cd,*Name Unavailable,,,,,0.41,mg/kg,Cadmium,,
LEEDS_07a8cabe9011,Heavy Metals,Cu,*Name Unavailable,,,,,16.95,mg/kg,Copper,,
LEEDS_07a8cabe9011,Heavy Metals,Ni,*Name Unavailable,,,,,18.65,mg/kg,Nickel,,
LEEDS_07a8cabe9011,Heavy Metals,P2O5,*Name Unavailable,,,,,0.18,w%,Phosphorus,,
LEEDS_07a8cabe9011,Heavy Metals,Pb,*Name Unavailable,,,,,62.6,mg/kg,Lead,,
LEEDS_07a8cabe9011,Heavy Metals,Se,*Name Unavailable,,,,,0.56,mg/kg,Selenium,,
LEEDS_07a8cabe9011,Heavy Metals,Zr,*Name Unavailable,,,,,296.32,mg/kg,Zirconium,,
LEEDS_07a8cabe9011,Land Cover,,*Name Unavailable,,,,Suburban,,,,,
LEEDS_07a8cabe9011,Soil Parent,,*Name Unavailable,ARENACEOUS,A sand-rich subsoil.,LIGHT(SILTY) TO MEDIUM(SILTY) TO HEAVY,,,,,,
LEEDS_07a8cabe9011,Soil SOM,,*Name Unavailable,,,,,,,,,5.65
LEEDS_07a8cabe9011,Soil pH,,*Name Unavailable,,,,,,,,7.05,
LEEDS_07af9485073d,Heavy Metals,As,Lydgate Place Allotments,,,,,30.8,mg/kg,Arsenic,,
LEEDS_07af9485073d,Heavy Metals,Cd,Lydgate Place Allotments,,,,,0.51,mg/kg,Cadmium,,
LEEDS_07af9485073d,Heavy Metals,Cu,Lydgate Place Allotments,,,,,50.23,mg/kg,Copper,,
LEEDS_07af9485073d,Heavy Metals,Ni,Lydgate Place Allotments,,,,,28.06,mg/kg,Nickel,,
LEEDS_07af9485073d,Heavy Metals,P2O5,Lydgate Place Allotments,,,,,0.33,w%,Phosphorus,,
LEEDS_07af9485073d,Heavy Metals,Pb,Lydgate Place Allotments,,,,,97.71,mg/kg,Lead,,
LEEDS_07af9485073d,Heavy Metals,Se,Lydgate Place Allotments,,,,,0.87,mg/kg,Selenium,,
LEEDS_07af9485073d,Heavy Metals,Zr,Lydgate Place Allotments,,,,,266.8,mg/kg,Zirconium,,
LEEDS_07af9485073d,Land Cover,,Lydgate Place Allotments,,,,Suburban | Improve grassland,,,,,
LEEDS_07af9485073d,Soil Parent,,Lydgate Place Allotments,MIXED (ARGILLIC-RUDACEOUS),"A variable clay, silt, and sand subsoil.",MEDIUM TO LIGHT(SILTY) TO HEAVY,,,,,,
LEEDS_07af9485073d,Soil SOM,,Lydgate Place Allotments,,,,,,,,,14.86
LEEDS_07af9485073d,Soil pH,,Lydgate Place Allotments,,,,,,,,5.74,
LEEDS_07cf0c9e70b6,Heavy Metals,As,Seacroft Community Forest Garden,,,,,13.09,mg/kg,Arsenic,,
LEEDS_07cf0c9e70b6,Heavy Metals,Cd,Seacroft Community Forest Garden,,,,,0.27,mg/kg,Cadmium,,
LEEDS_07cf0c9e70b6,Heavy Metals,Cu,Seacroft Community Forest Garden,,,,,25.81,mg/kg,Copper,,
LEEDS_07cf0c9e70b6,Heavy Metals,Ni,Seacroft Community Forest Garden,,,,,44.06,mg/kg,Nickel,,
LEEDS_07cf0c9e70b6,Heavy Metals,P2O5,Seacroft Community Forest Garden,,,,,0.19,w%,Phosphorus,,
LEEDS_07cf0c9e70b6,Heavy Metals,Pb,Seacroft Community Forest Garden,,,,,62.95,mg/kg,Lead,,
LEEDS_07cf0c9e70b6,Heavy Metals,Se,Seacroft Community Forest Garden,,,,,0.47,mg/kg,Selenium,,
LEEDS_07cf0c9e70b6,Heavy Metals,Zr,Seacroft Community Forest Garden,,,,,130.23,mg/kg,Zirconium,,
LEEDS_07cf0c9e70b6,Land Cover,,Seacroft Community Forest Garden,,,,Suburban,,,,,
LEEDS_07cf0c9e70b6,Soil Parent,,Seacroft Community Forest Garden,ARGILLIC - ARENACEOUS,"A layered subsoil of clay, silt and sand.",MEDIUM TO HEAVY,,,,,,
LEEDS_0878a29afdc9,Heavy Metals,As,White House Farm Allotments,,,,,27.42,mg/kg,Arsenic,,
LEEDS_0878a29afdc9,Heavy Metals,Cd,White House Farm Allotments,,,,,0.51,mg/kg,Cadmium,,
LEEDS_0878a29afdc9,Heavy Metals,Cu,White House Farm Allotments,,,,,54.14,mg/kg,Copper,,
LEEDS_0878a29afdc9,Heavy Metals,Ni,White House Farm Allotments,,,,,27.62,mg/kg,Nickel,,
LEEDS_0878a29afdc9,Heavy Metals,P2O5,White House Farm Allotments,,,,,0.33,w%,Phosphorus,,
LEEDS_0878a29afdc9,Heavy Metals,Pb,White House Farm Allotments,,,,,124.2,mg/kg,Lead,,
LEEDS_0878a29afdc9,Heavy Metals,Se,White House Farm Allotments,,,,,1.01,mg/kg,Selenium,,
LEEDS_0878a29afdc9,Heavy Metals,Zr,White House Farm Allotments,,,,,245.14,mg/kg,Zirconium,,
LEEDS_0878a29afdc9,Land Cover,,White House Farm Allotments,,,,Urban,,,,,
LEEDS_0878a29afdc9,Soil Parent,,White House Farm Allotments,ARENACEOUS,A sand-rich subsoil.,MEDIUM TO HEAVY,,,,,,
LEEDS_0c02edf311ee,Heavy Metals,As,Parkinsons Park Guiseley,,,,,17.19,mg/kg,Arsenic,,
LEEDS_0c02edf311ee,Heavy Metals,Cd,Parkinsons Park Guiseley,,,,,0.49,mg/kg,Cadmium,,
LEEDS_0c02edf311ee,Heavy Metals,Cu,Parkinsons Park Guiseley,,,,,29.14,mg/kg,Copper,,
LEEDS_0c02edf311ee,Heavy Metals,Ni,Parkinsons Park Guiseley,,,,,24.22,mg/kg,Nickel,,
LEEDS_0c02edf311ee,Heavy Metals,P2O5,Parkinsons Park Guiseley,,,,,0.26,w%,Phosphorus,,
LEEDS_0c02edf311ee,Heavy Metals,Pb,Parkinsons Park Guiseley,,,,,86.13,mg/kg,Lead,,
LEEDS_0c02edf311ee,Heavy Metals,Se,Parkinsons Park Guiseley,,,,,0.96,mg/kg,Selenium,,
LEEDS_0c02edf311ee,Heavy Metals,Zr,Parkinsons Park Guiseley,,,,,265.15,mg/kg,Zirconium,,
LEEDS_0c02edf311ee,Land Cover,,Parkinsons Park Guiseley,,,,Suburban,,,,,
LEEDS_0c02edf311ee,Soil Parent,,Parkinsons Park Guiseley,MIXED (ARGILLIC-RUDACEOUS),"A variable clay, silt, and sand subsoil.",MEDIUM TO LIGHT(SILTY) TO HEAVY,,,,,,
LEEDS_0c8ccf6290af,Heavy Metals,As,West Dale Allotments,,,,,33.31,mg/kg,Arsenic,,
LEEDS_0c8ccf6290af,Heavy Metals,Cd,West Dale Allotments,,,,,0.44,mg/kg,Cadmium,,
LEEDS_0c8ccf6290af,Heavy Metals,Cu,West Dale Allotments,,,,,40.14,mg/kg,Copper,,
LEEDS_0c8ccf6290af,Heavy Metals,Ni,West Dale Allotments,,,,,28.77,mg/kg,Nickel,,
LEEDS_0c8ccf6290af,Heavy Metals,P2O5,West Dale Allotments,,,,,0.29,w%,Phosphorus,,
LEEDS_0c8ccf6290af,Heavy Metals,Pb,West Dale Allotments,,,,,101.64,mg/kg,Lead,,
LEEDS_0c8ccf6290af,Heavy Metals,Se,West Dale Allotments,,,,,1.05,mg/kg,Selenium,,
LEEDS_0c8ccf6290af,Heavy Metals,Zr,West Dale Allotments,,,,,323.09,mg/kg,Zirconium,,
LEEDS_0c8ccf6290af,Land Cover,,West Dale Allotments,,,,Suburban,,,,,
LEEDS_0c8ccf6290af,Soil Parent,,West Dale Allotments,ARENACEOUS,A sand-rich subsoil.,LIGHT(SILTY) TO MEDIUM(SILTY),,,,,,
LEEDS_0d26c031c3d0,Heavy Metals,As,Incredible Edible Raised Beds,,,,,20.39,mg/kg,Arsenic,,
LEEDS_0d26c031c3d0,Heavy Metals,Cd,Incredible Edible Raised Beds,,,,,0.44,mg/kg,Cadmium,,
LEEDS_0d26c031c3d0,Heavy Metals,Cu,Incredible Edible Raised Beds,,,,,24.58,mg/kg,Copper,,
LEEDS_0d26c031c3d0,Heavy Metals,Ni,Incredible Edible Raised Beds,,,,,18.47,mg/kg,Nickel,,
LEEDS_0d26c031c3d0,Heavy Metals,P2O5,Incredible Edible Raised Beds,,,,,0.23,w%,Phosphorus,,
LEEDS_0d26c031c3d0,Heavy Metals,Pb,Incredible Edible Raised Beds,,,,,80.25,mg/kg,Lead,,
LEEDS_0d26c031c3d0,Heavy Metals,Se,Incredible Edible Raised Beds,,,,,0.7,mg/kg,Selenium,,
LEEDS_0d26c031c3d0,Heavy Metals,Zr,Incredible Edible Raised Beds,,,,,240.69,mg/kg,Zirconium,,
LEEDS_0d26c031c3d0,Land Cover,,Incredible Edible Raised Beds,,,,Suburban,,,,,
LEEDS_0d26c031c3d0,Soil Parent,,Incredible Edible Raised Beds,ARENACEOUS,A sand-rich subsoil.,LIGHT(SILTY) TO MEDIUM(SILTY) TO HEAVY,,,,,,
LEEDS_0e011970fb37,Heavy Metals,As,*Name Unavailable,,,,,20.49,mg/kg,Arsenic,,
LEEDS_0e011970fb37,Heavy Metals,Cd,*Name Unavailable,,,,,0.43,mg/kg,Cadmium,,
LEEDS_0e011970fb37,Heavy Metals,Cu,*Name Unavailable,,,,,21.92,mg/kg,Copper,,
LEEDS_0e011970fb37,Heavy Metals,Ni,*Name Unavailable,,,,,14.04,mg/kg,Nickel,,
LEEDS_0e011970fb37,Heavy Metals,P2O5,*Name Unavailable,,,,,0.23,w%,Phosphorus,,
LEEDS_0e011970fb37,Heavy Metals,Pb,*Name Unavailable,,,,,74.77,mg/kg,Lead,,
LEEDS_0e011970fb37,Heavy Metals,Se,*Name Unavailable,,,,,0.68,mg/kg,Selenium,,
LEEDS_0e011970fb37,Heavy Metals,Zr,*Name Unavailable,,,,,227.68,mg/kg,Zirconium,,
LEEDS_0e011970fb37,Land Cover,,*Name Unavailable,,,,Suburban,,,,,
LEEDS_0e011970fb37,Soil Parent,,*Name Unavailable,ARENACEOUS,A sand-rich subsoil.,LIGHT(SILTY) TO MEDIUM(SILTY) TO HEAVY,,,,,,
LEEDS_0e18e5180cf5,Heavy Metals,As,*Name Unavailable,,,,,21.39,mg/kg,Arsenic,,
LEEDS_0e18e5180cf5,Heavy Metals,Cd,*Name Unavailable,,,,,0.48,mg/kg,Cadmium,,
LEEDS_0e18e5180cf5,Heavy Metals,Cu,*Name Unavailable,,,,,44.85,mg/kg,Copper,,
LEEDS_0e18e5180cf5,Heavy Metals,Ni,*Name Unavailable,,,,,37.32,mg/kg,Nickel,,
LEEDS_0e18e5180cf5,Heavy Metals,P2O5,*Name Unavailable,,,,,0.35,w%,Phosphorus,,
LEEDS_0e18e5180cf5,Heavy Metals,Pb,*Name Unavailable,,,,,72.2,mg/kg,Lead,,
LEEDS_0e18e5180cf5,Heavy Metals,Se,*Name Unavailable,,,,,1.06,mg/kg,Selenium,,
LEEDS_0e18e5180cf5,Heavy Metals,Zr,*Name Unavailable,,,,,216.71,mg/kg,Zirconium,,
LEEDS_0e18e5180cf5,Land Cover,,*Name Unavailable,,,,Suburban,,,,,
LEEDS_0e18e5180cf5,Soil Parent,,*Name Unavailable,ARGILLIC - ARENACEOUS,"A layered subsoil of clay, silt and sand.",MEDIUM TO HEAVY,,,,,,
LEEDS_0e32372504f2,Heavy Metals,As,Temple Newsam,,,,,45.46,mg/kg,Arsenic,,
LEEDS_0e32372504f2,Heavy Metals,Cd,Temple Newsam,,,,,0.34,mg/kg,Cadmium,,
LEEDS_0e32372504f2,Heavy Metals,Cu,Temple Newsam,,,,,46.5,mg/kg,Copper,,
LEEDS_0e32372504f2,Heavy Metals,Ni,Temple Newsam,,,,,22.88,mg/kg,Nickel,,
LEEDS_0e32372504f2,Heavy Metals,P2O5,Temple Newsam,,,,,0.22,w%,Phosphorus,,
LEEDS_0e32372504f2,Heavy Metals,Pb,Temple Newsam,,,,,99.23,mg/kg,Lead,,
LEEDS_0e32372504f2,Heavy Metals,Se,Temple Newsam,,,,,0.86,mg/kg,Selenium,,
LEEDS_0e32372504f2,Heavy Metals,Zr,Temple Newsam,,,,,252.43,mg/kg,Zirconium,,
LEEDS_0e32372504f2,Land Cover,,Temple Newsam,,,,Improve grassland,,,,,
LEEDS_0e32372504f2,Soil Parent,,Temple Newsam,ARGILLIC - ARENACEOUS,"A layered subsoil of clay, silt and sand.",MEDIUM TO HEAVY,,,,,,
LEEDS_0e32372504f2,Soil SOM,,Temple Newsam,,,,,,,,,8.19
LEEDS_0e32372504f2,Soil pH,,Temple Newsam,,,,,,,,6.07,
LEEDS_0ede44e66eff,Heavy Metals,As,Killingbeck Community Allotments,,,,,22.62,mg/kg,Arsenic,,
LEEDS_0ede44e66eff,Heavy Metals,Cd,Killingbeck Community Allotments,,,,,0.39,mg/kg,Cadmium,,
LEEDS_0ede44e66eff,Heavy Metals,Cu,Killingbeck Community Allotments,,,,,41.63,mg/kg,Copper,,
LEEDS_0ede44e66eff,Heavy Metals,Ni,Killingbeck Community Allotments,,,,,30.04,mg/kg,Nickel,,
LEEDS_0ede44e66eff,Heavy Metals,P2O5,Killingbeck Community Allotments,,,,,0.26,w%,Phosphorus,,
LEEDS_0ede44e66eff,Heavy Metals,Pb,Killingbeck Community Allotments,,,,,84.13,mg/kg,Lead,,
LEEDS_0ede44e66eff,Heavy Metals,Se,Killingbeck Community Allotments,,,,,0.69,mg/kg,Selenium,,
LEEDS_0ede44e66eff,Heavy Metals,Zr,Killingbeck Community Allotments,,,,,190.72,mg/kg,Zirconium,,
LEEDS_0ede44e66eff,Land Cover,,Killingbeck Community Allotments,,,,Suburban,,,,,
LEEDS_0ede44e66eff,Soil Parent,,Killingbeck Community Allotments,ARGILLIC - ARENACEOUS,"A layered subsoil of clay, silt and sand.",MEDIUM TO HEAVY,,,,,,
LEEDS_0ede44e66eff,Soil SOM,,Killingbeck Community Allotments,,,,,,,,,8.19
LEEDS_0ede44e66eff,Soil pH,,Killingbeck Community Allotments,,,,,,,,6.07,
LEEDS_0f17cf5f47ce,Heavy Metals,As,"Nowell Mount Community Centre & Shine, Harehills",,,,,21.5,mg/kg,Arsenic,,
LEEDS_0f17cf5f47ce,Heavy Metals,Cd,"Nowell Mount Community Centre & Shine, Harehills",,,,,0.35,mg/kg,Cadmium,,
LEEDS_0f17cf5f47ce,Heavy Metals,Cu,"Nowell Mount Community Centre & Shine, Harehills",,,,,42.95,mg/kg,Copper,,
LEEDS_0f17cf5f47ce,Heavy Metals,Ni,"Nowell Mount Community Centre & Shine, Harehills",,,,,24.8,mg/kg,Nickel,,
LEEDS_0f17cf5f47ce,Heavy Metals,P2O5,"Nowell Mount Community Centre & Shine, Harehills",,,,,0.29,w%,Phosphorus,,
LEEDS_0f17cf5f47ce,Heavy Metals,Pb,"Nowell Mount Community Centre & Shine, Harehills",,,,,89.07,mg/kg,Lead,,
LEEDS_0f17cf5f47ce,Heavy Metals,Se,"Nowell Mount Community Centre & Shine, Harehills",,,,,0.81,mg/kg,Selenium,,
LEEDS_0f17cf5f47ce,Heavy Metals,Zr,"Nowell Mount Community Centre & Shine, Harehills",,,,,237.98,mg/kg,Zirconium,,
LEEDS_0f17cf5f47ce,Land Cover,,"Nowell Mount Community Centre & Shine, Harehills",,,,Suburban,,,,,
LEEDS_0f17cf5f47ce,Soil Parent,,"Nowell Mount Community Centre & Shine, Harehills",ARGILLIC - ARENACEOUS,"A layered subsoil of clay, silt and sand.",MEDIUM TO HEAVY,,,,,,
LEEDS_0fdd2aaa7e28,Heavy Metals,As,Church Lane Kirkstall Allotments,,,,,23.85,mg/kg,Arsenic,,
LEEDS_0fdd2aaa7e28,Heavy Metals,Cd,Church Lane Kirkstall Allotments,,,,,0.55,mg/kg,Cadmium,,
LEEDS_0fdd2aaa7e28,Heavy Metals,Cu,Church Lane Kirkstall Allotments,,,,,34.93,mg/kg,Copper,,
LEEDS_0fdd2aaa7e28,Heavy Metals,Ni,Church Lane Kirkstall Allotments,,,,,34.56,mg/kg,Nickel,,
LEEDS_0fdd2aaa7e28,Heavy Metals,P2O5,Church Lane Kirkstall Allotments,,,,,0.36,w%,Phosphorus,,
LEEDS_0fdd2aaa7e28,Heavy Metals,Pb,Church Lane Kirkstall Allotments,,,,,91.31,mg/kg,Lead,,
LEEDS_0fdd2aaa7e28,Heavy Metals,Se,Church Lane Kirkstall Allotments,,,,,1.02,mg/kg,Selenium,,
LEEDS_0fdd2aaa7e28,Heavy Metals,Zr,Church Lane Kirkstall Allotments,,,,,297.59,mg/kg,Zirconium,,
LEEDS_0fdd2aaa7e28,Land Cover,,Church Lane Kirkstall Allotments,,,,Urban | Suburban | Deciduous woodland,,,,,
LEEDS_0fdd2aaa7e28,Soil Parent,,Church Lane Kirkstall Allotments,ARGILLIC - ARENACEOUS,"A layered subsoil of clay, silt and sand.",ALL | MEDIUM TO HEAVY,,,,,,
LEEDS_11624cd3a435,Heavy Metals,As,Brooklyn Terrace Allotments,,,,,31.55,mg/kg,Arsenic,,
LEEDS_11624cd3a435,Heavy Metals,Cd,Brooklyn Terrace Allotments,,,,,0.54,mg/kg,Cadmium,,
LEEDS_11624cd3a435,Heavy Metals,Cu,Brooklyn Terrace Allotments,,,,,68.09,mg/kg,Copper,,
LEEDS_11624cd3a435,Heavy Metals,Ni,Brooklyn Terrace Allotments,,,,,31.53,mg/kg,Nickel,,
LEEDS_11624cd3a435,Heavy Metals,P2O5,Brooklyn Terrace Allotments,,,,,0.33,w%,Phosphorus,,
LEEDS_11624cd3a435,Heavy Metals,Pb,Brooklyn Terrace Allotments,,,,,128.17,mg/kg,Lead,,
LEEDS_11624cd3a435,Heavy Metals,Se,Brooklyn Terrace Allotments,,,,,1.06,mg/kg,Selenium,,
LEEDS_11624cd3a435,Heavy Metals,Zr,Brooklyn Terrace Allotments,,,,,262.76,mg/kg,Zirconium,,
LEEDS_11624cd3a435,Land Cover,,Brooklyn Terrace Allotments,,,,Urban,,,,,
LEEDS_11624cd3a435,Soil Parent,,Brooklyn Terrace Allotments,ARGILLIC - ARENACEOUS,"A layered subsoil of clay, silt and sand.",MEDIUM TO HEAVY,,,,,,
LEEDS_11834a8d9212,Heavy Metals,As,Belle Vue Allotments,,,,,13.26,mg/kg,Arsenic,,
LEEDS_11834a8d9212,Heavy Metals,Cd,Belle Vue Allotments,,,,,0.44,mg/kg,Cadmium,,
LEEDS_11834a8d9212,Heavy Metals,Cu,Belle Vue Allotments,,,,,25.78,mg/kg,Copper,,
LEEDS_11834a8d9212,Heavy Metals,Ni,Belle Vue Allotments,,,,,20.34,mg/kg,Nickel,,
LEEDS_11834a8d9212,Heavy Metals,P2O5,Belle Vue Allotments,,,,,0.21,w%,Phosphorus,,
LEEDS_11834a8d9212,Heavy Metals,Pb,Belle Vue Allotments,,,,,62.92,mg/kg,Lead,,
LEEDS_11834a8d9212,Heavy Metals,Se,Belle Vue Allotments,,,,,0.51,mg/kg,Selenium,,
LEEDS_11834a8d9212,Heavy Metals,Zr,Belle Vue Allotments,,,,,292.91,mg/kg,Zirconium,,
LEEDS_11834a8d9212,Land Cover,,Belle Vue Allotments,,,,Suburban | Improve grassland,,,,,
LEEDS_11834a8d9212,Soil Parent,,Belle Vue Allotments,ARGILLIC - ARENACEOUS,"A layered subsoil of clay, silt and sand.",MEDIUM TO HEAVY,,,,,,
LEEDS_11834a8d9212,Soil SOM,,Belle Vue Allotments,,,,,,,,,3.84
LEEDS_11834a8d9212,Soil pH,,Belle Vue Allotments,,,,,,,,7.29,
LEEDS_12bf0ec43abc,Heavy Metals,As,Allerton Grange Fields Community Orchard,,,,,19.43,mg/kg,Arsenic,,
LEEDS_12bf0ec43abc,Heavy Metals,Cd,Allerton Grange Fields Community Orchard,,,,,0.44,mg/kg,Cadmium,,
LEEDS_12bf0ec43abc,Heavy Metals,Cu,Allerton Grange Fields Community Orchard,,,,,23.99,mg/kg,Copper,,
LEEDS_12bf0ec43abc,Heavy Metals,Ni,Allerton Grange Fields Community Orchard,,,,,19.01,mg/kg,Nickel,,
LEEDS_12bf0ec43abc,Heavy Metals,P2O5,Allerton Grange Fields Community Orchard,,,,,0.23,w%,Phosphorus,,
LEEDS_12bf0ec43abc,Heavy Metals,Pb,Allerton Grange Fields Community Orchard,,,,,78.29,mg/kg,Lead,,
LEEDS_12bf0ec43abc,Heavy Metals,Se,Allerton Grange Fields Community Orchard,,,,,0.7,mg/kg,Selenium,,
LEEDS_12bf0ec43abc,Heavy Metals,Zr,Allerton Grange Fields Community Orchard,,,,,259.35,mg/kg,Zirconium,,
LEEDS_12bf0ec43abc,Land Cover,,Allerton Grange Fields Community Orchard,,,,Improve grassland,,,,,
LEEDS_12bf0ec43abc,Soil Parent,,Allerton Grange Fields Community Orchard,ARGILLIC - ARENACEOUS,"A layered subsoil of clay, silt and sand.",MEDIUM TO HEAVY,,,,,,
LEEDS_12daf9fcd0ff,Heavy Metals,As,*Name Unavailable,,,,,25.73,mg/kg,Arsenic,,
LEEDS_12daf9fcd0ff,Heavy Metals,Cd,*Name Unavailable,,,,,0.46,mg/kg,Cadmium,,
LEEDS_12daf9fcd0ff,Heavy Metals,Cu,*Name Unavailable,,,,,57.21,mg/kg,Copper,,
LEEDS_12daf9fcd0ff,Heavy Metals,Ni,*Name Unavailable,,,,,19.6,mg/kg,Nickel,,
LEEDS_12daf9fcd0ff,Heavy Metals,P2O5,*Name Unavailable,,,,,0.28,w%,Phosphorus,,
LEEDS_12daf9fcd0ff,Heavy Metals,Pb,*Name Unavailable,,,,,122.28,mg/kg,Lead,,
LEEDS_12daf9fcd0ff,Heavy Metals,Se,*Name Unavailable,,,,,0.97,mg/kg,Selenium,,
LEEDS_12daf9fcd0ff,Heavy Metals,Zr,*Name Unavailable,,,,,281.49,mg/kg,Zirconium,,
LEEDS_12daf9fcd0ff,Land Cover,,*Name Unavailable,,,,Suburban,,,,,
LEEDS_12daf9fcd0ff,Soil Parent,,*Name Unavailable,ARGILLIC - ARENACEOUS,"A layered subsoil of clay, silt and sand.",MEDIUM TO HEAVY,,,,,,
LEEDS_12dc05d63685,Heavy Metals,As,Rothwell Unity Street Allotments,,,,,20.7,mg/kg,Arsenic,,
LEEDS_12dc05d63685,Heavy Metals,Cd,Rothwell Unity Street Allotments,,,,,0.53,mg/kg,Cadmium,,
LEEDS_12dc05d63685,Heavy Metals,Cu,Rothwell Unity Street Allotments,,,,,47.23,mg/kg,Copper,,
LEEDS_12dc05d63685,Heavy Metals,Ni,Rothwell Unity Street Allotments,,,,,22.06,mg/kg,Nickel,,
LEEDS_12dc05d63685,Heavy Metals,P2O5,Rothwell Unity Street Allotments,,,,,0.27,w%,Phosphorus,,
LEEDS_12dc05d63685,Heavy Metals,Pb,Rothwell Unity Street Allotments,,,,,115.47,mg/kg,Lead,,
LEEDS_12dc05d63685,Heavy Metals,Se,Rothwell Unity Street Allotments,,,,,1.14,mg/kg,Selenium,,
LEEDS_12dc05d63685,Heavy Metals,Zr,Rothwell Unity Street Allotments,,,,,284.63,mg/kg,Zirconium,,
LEEDS_12dc05d63685,Land Cover,,Rothwell Unity Street Allotments,,,,Suburban,,,,,
LEEDS_12dc05d63685,Soil Parent,,Rothwell Unity Street Allotments,ARENACEOUS,A sand-rich subsoil.,MEDIUM TO HEAVY,,,,,,
LEEDS_12dc05d63685,Soil SOM,,Rothwell Unity Street Allotments,,,,,,,,,5.14
LEEDS_12dc05d63685,Soil pH,,Rothwell Unity Street Allotments,,,,,,,,7.05,
LEEDS_1433d90a6f8a,Heavy Metals,As,Arthington Allotments,,,,,11.4,mg/kg,Arsenic,,
LEEDS_1433d90a6f8a,Heavy Metals,Cd,Arthington Allotments,,,,,0.53,mg/kg,Cadmium,,
LEEDS_1433d90a6f8a,Heavy Metals,Cu,Arthington Allotments,,,,,24.67,mg/kg,Copper,,
LEEDS_1433d90a6f8a,Heavy Metals,Ni,Arthington Allotments,,,,,16.73,mg/kg,Nickel,,
LEEDS_1433d90a6f8a,Heavy Metals,P2O5,Arthington Allotments,,,,,0.23,w%,Phosphorus,,
LEEDS_1433d90a6f8a,Heavy Metals,Pb,Arthington Allotments,,,,,101.02,mg/kg,Lead,,
LEEDS_1433d90a6f8a,Heavy Metals,Se,Arthington Allotments,,,,,0.68,mg/kg,Selenium,,
LEEDS_1433d90a6f8a,Heavy Metals,Zr,Arthington Allotments,,,,,303.48,mg/kg,Zirconium,,
LEEDS_1433d90a6f8a,Land Cover,,Arthington Allotments,,,,Improve grassland | Suburban,,,,,
LEEDS_1433d90a6f8a,Soil Parent,,Arthington Allotments,MIXED (ARGILLIC-RUDACEOUS),"A variable clay, silt, and sand subsoil.",MEDIUM TO LIGHT(SILTY) TO HEAVY,,,,,,
LEEDS_1433d90a6f8a,Soil SOM,,Arthington Allotments,,,,,,,,,10.72
LEEDS_1433d90a6f8a,Soil pH,,Arthington Allotments,,,,,,,,6.07,
LEEDS_148f059b0199,Heavy Metals,As,Skelton Grange Orchard,,,,,25.73,mg/kg,Arsenic,,
LEEDS_148f059b0199,Heavy Metals,Cd,Skelton Grange Orchard,,,,,0.46,mg/kg,Cadmium,,
LEEDS_148f059b0199,Heavy Metals,Cu,Skelton Grange Orchard,,,,,57.21,mg/kg,Copper,,
LEEDS_148f059b0199,Heavy Metals,Ni,Skelton Grange Orchard,,,,,19.6,mg/kg,Nickel,,
LEEDS_148f059b0199,Heavy Metals,P2O5,Skelton Grange Orchard,,,,,0.28,w%,Phosphorus,,
LEEDS_148f059b0199,Heavy Metals,Pb,Skelton Grange Orchard,,,,,122.28,mg/kg,Lead,,
LEEDS_148f059b0199,Heavy Metals,Se,Skelton Grange Orchard,,,,,0.97,mg/kg,Selenium,,
LEEDS_148f059b0199,Heavy Metals,Zr,Skelton Grange Orchard,,,,,281.49,mg/kg,Zirconium,,
LEEDS_148f059b0199,Land Cover,,Skelton Grange Orchard,,,,Suburban,,,,,
LEEDS_148f059b0199,Soil Parent,,Skelton Grange Orchard,ARGILLIC - ARENACEOUS,"A layered subsoil of clay, silt and sand.",MEDIUM TO HEAVY,,,,,,
LEEDS_170e00b14e67,Heavy Metals,As,Horsforth Vale Playing Fields,,,,,18.38,mg/kg,Arsenic,,
LEEDS_170e00b14e67,Heavy Metals,Cd,Horsforth Vale Playing Fields,,,,,0.52,mg/kg,Cadmium,,
LEEDS_170e00b14e67,Heavy Metals,Cu,Horsforth Vale Playing Fields,,,,,47.95,mg/kg,Copper,,
LEEDS_170e00b14e67,Heavy Metals,Ni,Horsforth Vale Playing Fields,,,,,27.39,mg/kg,Nickel,,
LEEDS_170e00b14e67,Heavy Metals,P2O5,Horsforth Vale Playing Fields,,,,,0.33,w%,Phosphorus,,
LEEDS_170e00b14e67,Heavy Metals,Pb,Horsforth Vale Playing Fields,,,,,94.68,mg/kg,Lead,,
LEEDS_170e00b14e67,Heavy Metals,Se,Horsforth Vale Playing Fields,,,,,0.89,mg/kg,Selenium,,
LEEDS_170e00b14e67,Heavy Metals,Zr,Horsforth Vale Playing Fields,,,,,308.39,mg/kg,Zirconium,,
LEEDS_170e00b14e67,Land Cover,,Horsforth Vale Playing Fields,,,,Urban | Improve grassland,,,,,
LEEDS_170e00b14e67,Soil Parent,,Horsforth Vale Playing Fields,ARGILLIC - ARENACEOUS,"A layered subsoil of clay, silt and sand.",MEDIUM TO HEAVY,,,,,,
LEEDS_1937e15a7fa8,Heavy Metals,As,Highbury Small Holding,,,,,18.2,mg/kg,Arsenic,,
LEEDS_1937e15a7fa8,Heavy Metals,Cd,Highbury Small Holding,,,,,0.41,mg/kg,Cadmium,,
LEEDS_1937e15a7fa8,Heavy Metals,Cu,Highbury Small Holding,,,,,31.25,mg/kg,Copper,,
LEEDS_1937e15a7fa8,Heavy Metals,Ni,Highbury Small Holding,,,,,29.33,mg/kg,Nickel,,
LEEDS_1937e15a7fa8,Heavy Metals,P2O5,Highbury Small Holding,,,,,0.27,w%,Phosphorus,,
LEEDS_1937e15a7fa8,Heavy Metals,Pb,Highbury Small Holding,,,,,90.06,mg/kg,Lead,,
LEEDS_1937e15a7fa8,Heavy Metals,Se,Highbury Small Holding,,,,,0.84,mg/kg,Selenium,,
LEEDS_1937e15a7fa8,Heavy Metals,Zr,Highbury Small Holding,,,,,266.72,mg/kg,Zirconium,,
LEEDS_1937e15a7fa8,Land Cover,,Highbury Small Holding,,,,Suburban,,,,,
LEEDS_1937e15a7fa8,Soil Parent,,Highbury Small Holding,ARGILLIC - ARENACEOUS,"A layered subsoil of clay, silt and sand.",MEDIUM TO HEAVY,,,,,,
LEEDS_1a7a61f55156,Heavy Metals,As,Nunroyd Park Community Orchard,,,,,21.59,mg/kg,Arsenic,,
LEEDS_1a7a61f55156,Heavy Metals,Cd,Nunroyd Park Community Orchard,,,,,0.57,mg/kg,Cadmium,,
LEEDS_1a7a61f55156,Heavy Metals,Cu,Nunroyd Park Community Orchard,,,,,40.53,mg/kg,Copper,,
LEEDS_1a7a61f55156,Heavy Metals,Ni,Nunroyd Park Community Orchard,,,,,25.85,mg/kg,Nickel,,
LEEDS_1a7a61f55156,Heavy Metals,P2O5,Nunroyd Park Community Orchard,,,,,0.29,w%,Phosphorus,,
LEEDS_1a7a61f55156,Heavy Metals,Pb,Nunroyd Park Community Orchard,,,,,85.15,mg/kg,Lead,,
LEEDS_1a7a61f55156,Heavy Metals,Se,Nunroyd Park Community Orchard,,,,,0.92,mg/kg,Selenium,,
LEEDS_1a7a61f55156,Heavy Metals,Zr,Nunroyd Park Community Orchard,,,,,250.84,mg/kg,Zirconium,,
LEEDS_1a7a61f55156,Land Cover,,Nunroyd Park Community Orchard,,,,Improve grassland,,,,,
LEEDS_1a7a61f55156,Soil Parent,,Nunroyd Park Community Orchard,MIXED (ARGILLIC-RUDACEOUS),"A variable clay, silt, and sand subsoil.",MEDIUM TO LIGHT(SILTY) TO HEAVY,,,,,,
LEEDS_1a8e0d3e7d5d,Heavy Metals,As,Oblong Community Garden,,,,,23.42,mg/kg,Arsenic,,
LEEDS_1a8e0d3e7d5d,Heavy Metals,Cd,Oblong Community Garden,,,,,0.4,mg/kg,Cadmium,,
LEEDS_1a8e0d3e7d5d,Heavy Metals,Cu,Oblong Community Garden,,,,,41.02,mg/kg,Copper,,
LEEDS_1a8e0d3e7d5d,Heavy Metals,Ni,Oblong Community Garden,,,,,27.37,mg/kg,Nickel,,
LEEDS_1a8e0d3e7d5d,Heavy Metals,P2O5,Oblong Community Garden,,,,,0.28,w%,Phosphorus,,
LEEDS_1a8e0d3e7d5d,Heavy Metals,Pb,Oblong Community Garden,,,,,101.58,mg/kg,Lead,,
LEEDS_1a8e0d3e7d5d,Heavy Metals,Se,Oblong Community Garden,,,,,0.9,mg/kg,Selenium,,
LEEDS_1a8e0d3e7d5d,Heavy Metals,Zr,Oblong Community Garden,,,,,255.11,mg/kg,Zirconium,,
LEEDS_1a8e0d3e7d5d,Land Cover,,Oblong Community Garden,,,,Urban,,,,,
LEEDS_1a8e0d3e7d5d,Soil Parent,,Oblong Community Garden,ARGILLIC - ARENACEOUS,"A layered subsoil of clay, silt and sand.",MEDIUM TO HEAVY,,,,,,
LEEDS_1ace2f496f6b,Heavy Metals,As,Common Lane Allotments,,,,,26.11,mg/kg,Arsenic,,
LEEDS_1ace2f496f6b,Heavy Metals,Cd,Common Lane Allotments,,,,,0.63,mg/kg,Cadmium,,
LEEDS_1ace2f496f6b,Heavy Metals,Cu,Common Lane Allotments,,,,,60.52,mg/kg,Copper,,
LEEDS_1ace2f496f6b,Heavy Metals,Ni,Common Lane Allotments,,,,,23.21,mg/kg,Nickel,,
LEEDS_1ace2f496f6b,Heavy Metals,P2O5,Common Lane Allotments,,,,,0.33,w%,Phosphorus,,
LEEDS_1ace2f496f6b,Heavy Metals,Pb,Common Lane Allotments,,,,,113.78,mg/kg,Lead,,
LEEDS_1ace2f496f6b,Heavy Metals,Se,Common Lane Allotments,,,,,1.13,mg/kg,Selenium,,
LEEDS_1ace2f496f6b,Heavy Metals,Zr,Common Lane Allotments,,,,,333.89,mg/kg,Zirconium,,
LEEDS_1ace2f496f6b,Land Cover,,Common Lane Allotments,,,,Improve grassland | Arable | Suburban,,,,,
LEEDS_1ace2f496f6b,Soil Parent,,Common Lane Allotments,ARENACEOUS,A sand-rich subsoil.,MEDIUM TO HEAVY,,,,,,
LEEDS_1ace2f496f6b,Soil SOM,,Common Lane Allotments,,,,,,,,,3.13
LEEDS_1ace2f496f6b,Soil pH,,Common Lane Allotments,,,,,,,,7.05,
LEEDS_1bd911111ad0,Heavy Metals,As,Foundry Placedriveavenue Allotments Behind Gipton South | Foundry Avenue Allotments,,,,,20.81,mg/kg,Arsenic,,
LEEDS_1bd911111ad0,Heavy Metals,Cd,Foundry Placedriveavenue Allotments Behind Gipton South | Foundry Avenue Allotments,,,,,0.34,mg/kg,Cadmium,,
LEEDS_1bd911111ad0,Heavy Metals,Cu,Foundry Placedriveavenue Allotments Behind Gipton South | Foundry Avenue Allotments,,,,,34.74,mg/kg,Copper,,
LEEDS_1bd911111ad0,Heavy Metals,Ni,Foundry Placedriveavenue Allotments Behind Gipton South | Foundry Avenue Allotments,,,,,25.85,mg/kg,Nickel,,
LEEDS_1bd911111ad0,Heavy Metals,P2O5,Foundry Placedriveavenue Allotments Behind Gipton South | Foundry Avenue Allotments,,,,,0.27,w%,Phosphorus,,
LEEDS_1bd911111ad0,Heavy Metals,Pb,Foundry Placedriveavenue Allotments Behind Gipton South | Foundry Avenue Allotments,,,,,86.84,mg/kg,Lead,,
LEEDS_1bd911111ad0,Heavy Metals,Se,Foundry Placedriveavenue Allotments Behind Gipton South | Foundry Avenue Allotments,,,,,0.73,mg/kg,Selenium,,
LEEDS_1bd911111ad0,Heavy Metals,Zr,Foundry Placedriveavenue Allotments Behind Gipton South | Foundry Avenue Allotments,,,,,224.39,mg/kg,Zirconium,,
LEEDS_1bd911111ad0,Land Cover,,Foundry Placedriveavenue Allotments Behind Gipton South | Foundry Avenue Allotments,,,,Suburban,,,,,
LEEDS_1bd911111ad0,Soil Parent,,Foundry Placedriveavenue Allotments Behind Gipton South | Foundry Avenue Allotments,ARGILLIC - ARENACEOUS,"A layered subsoil of clay, silt and sand.",MEDIUM TO HEAVY,,,,,,
LEEDS_1c0a1829b614,Heavy Metals,As,Drury Fields Community Orchard,,,,,18.62,mg/kg,Arsenic,,
LEEDS_1c0a1829b614,Heavy Metals,Cd,Drury Fields Community Orchard,,,,,0.48,mg/kg,Cadmium,,
LEEDS_1c0a1829b614,Heavy Metals,Cu,Drury Fields Community Orchard,,,,,45.99,mg/kg,Copper,,
LEEDS_1c0a1829b614,Heavy Metals,Ni,Drury Fields Community Orchard,,,,,25.44,mg/kg,Nickel,,
LEEDS_1c0a1829b614,Heavy Metals,P2O5,Drury Fields Community Orchard,,,,,0.29,w%,Phosphorus,,
LEEDS_1c0a1829b614,Heavy Metals,Pb,Drury Fields Community Orchard,,,,,92.76,mg/kg,Lead,,
LEEDS_1c0a1829b614,Heavy Metals,Se,Drury Fields Community Orchard,,,,,0.88,mg/kg,Selenium,,
LEEDS_1c0a1829b614,Heavy Metals,Zr,Drury Fields Community Orchard,,,,,341.15,mg/kg,Zirconium,,
LEEDS_1c0a1829b614,Land Cover,,Drury Fields Community Orchard,,,,Suburban,,,,,
LEEDS_1c0a1829b614,Soil Parent,,Drury Fields Community Orchard,MIXED (ARGILLIC-RUDACEOUS),"A variable clay, silt, and sand subsoil.",MEDIUM TO LIGHT(SILTY) TO HEAVY,,,,,,
LEEDS_1c2d5c408257,Heavy Metals,As,Primrose Hill Community Orchard,,,,,22.15,mg/kg,Arsenic,,
LEEDS_1c2d5c408257,Heavy Metals,Cd,Primrose Hill Community Orchard,,,,,0.33,mg/kg,Cadmium,,
LEEDS_1c2d5c408257,Heavy Metals,Cu,Primrose Hill Community Orchard,,,,,41.61,mg/kg,Copper,,
LEEDS_1c2d5c408257,Heavy Metals,Ni,Primrose Hill Community Orchard,,,,,30.9,mg/kg,Nickel,,
LEEDS_1c2d5c408257,Heavy Metals,P2O5,Primrose Hill Community Orchard,,,,,0.23,w%,Phosphorus,,
LEEDS_1c2d5c408257,Heavy Metals,Pb,Primrose Hill Community Orchard,,,,,83.99,mg/kg,Lead,,
LEEDS_1c2d5c408257,Heavy Metals,Se,Primrose Hill Community Orchard,,,,,0.66,mg/kg,Selenium,,
LEEDS_1c2d5c408257,Heavy Metals,Zr,Primrose Hill Community Orchard,,,,,188.11,mg/kg,Zirconium,,
LEEDS_1c2d5c408257,Land Cover,,Primrose Hill Community Orchard,,,,Deciduous woodland,,,,,
LEEDS_1c2d5c408257,Soil Parent,,Primrose Hill Community Orchard,ARGILLIC - ARENACEOUS,"A layered subsoil of clay, silt and sand.",MEDIUM TO HEAVY,,,,,,
LEEDS_1c5638eee347,Heavy Metals,As,Lincoln Greeners Gardening Group,,,,,23.0,mg/kg,Arsenic,,
LEEDS_1c5638eee347,Heavy Metals,Cd,Lincoln Greeners Gardening Group,,,,,0.39,mg/kg,Cadmium,,
LEEDS_1c5638eee347,Heavy Metals,Cu,Lincoln Greeners Gardening Group,,,,,41.71,mg/kg,Copper,,
LEEDS_1c5638eee347,Heavy Metals,Ni,Lincoln Greeners Gardening Group,,,,,24.8,mg/kg,Nickel,,
LEEDS_1c5638eee347,Heavy Metals,P2O5,Lincoln Greeners Gardening Group,,,,,0.28,w%,Phosphorus,,
LEEDS_1c5638eee347,Heavy Metals,Pb,Lincoln Greeners Gardening Group,,,,,93.41,mg/kg,Lead,,
LEEDS_1c5638eee347,Heavy Metals,Se,Lincoln Greeners Gardening Group,,,,,0.87,mg/kg,Selenium,,
LEEDS_1c5638eee347,Heavy Metals,Zr,Lincoln Greeners Gardening Group,,,,,256.37,mg/kg,Zirconium,,
LEEDS_1c5638eee347,Land Cover,,Lincoln Greeners Gardening Group,,,,Suburban,,,,,
LEEDS_1c5638eee347,Soil Parent,,Lincoln Greeners Gardening Group,ARGILLIC - ARENACEOUS,"A layered subsoil of clay, silt and sand.",MEDIUM TO HEAVY,,,,,,
LEEDS_1cf1d40e91f3,Heavy Metals,As,Primrose Hill Allotments,,,,,13.62,mg/kg,Arsenic,,
LEEDS_1cf1d40e91f3,Heavy Metals,Cd,Primrose Hill Allotments,,,,,0.48,mg/kg,Cadmium,,
LEEDS_1cf1d40e91f3,Heavy Metals,Cu,Primrose Hill Allotments,,,,,27.99,mg/kg,Copper,,
LEEDS_1cf1d40e91f3,Heavy Metals,Ni,Primrose Hill Allotments,,,,,21.49,mg/kg,Nickel,,
LEEDS_1cf1d40e91f3,Heavy Metals,P2O5,Primrose Hill Allotments,,,,,0.21,w%,Phosphorus,,
LEEDS_1cf1d40e91f3,Heavy Metals,Pb,Primrose Hill Allotments,,,,,54.32,mg/kg,Lead,,
LEEDS_1cf1d40e91f3,Heavy Metals,Se,Primrose Hill Allotments,,,,,0.9,mg/kg,Selenium,,
LEEDS_1cf1d40e91f3,Heavy Metals,Zr,Primrose Hill Allotments,,,,,301.72,mg/kg,Zirconium,,
LEEDS_1cf1d40e91f3,Land Cover,,Primrose Hill Allotments,,,,Improve grassland,,,,,
LEEDS_1cf1d40e91f3,Soil Parent,,Primrose Hill Allotments,ARGILLIC - ARENACEOUS,"A layered subsoil of clay, silt and sand.",HEAVY TO MEDIUM,,,,,,
LEEDS_1d57f65d56da,Heavy Metals,As,Bedford Fields Community Forest Garden,,,,,19.71,mg/kg,Arsenic,,
LEEDS_1d57f65d56da,Heavy Metals,Cd,Bedford Fields Community Forest Garden,,,,,0.4,mg/kg,Cadmium,,
LEEDS_1d57f65d56da,Heavy Metals,Cu,Bedford Fields Community Forest Garden,,,,,34.28,mg/kg,Copper,,
LEEDS_1d57f65d56da,Heavy Metals,Ni,Bedford Fields Community Forest Garden,,,,,30.52,mg/kg,Nickel,,
LEEDS_1d57f65d56da,Heavy Metals,P2O5,Bedford Fields Community Forest Garden,,,,,0.28,w%,Phosphorus,,
LEEDS_1d57f65d56da,Heavy Metals,Pb,Bedford Fields Community Forest Garden,,,,,91.66,mg/kg,Lead,,
LEEDS_1d57f65d56da,Heavy Metals,Se,Bedford Fields Community Forest Garden,,,,,0.89,mg/kg,Selenium,,
LEEDS_1d57f65d56da,Heavy Metals,Zr,Bedford Fields Community Forest Garden,,,,,276.13,mg/kg,Zirconium,,
LEEDS_1d57f65d56da,Land Cover,,Bedford Fields Community Forest Garden,,,,Suburban,,,,,
LEEDS_1d57f65d56da,Soil Parent,,Bedford Fields Community Forest Garden,ARGILLIC - ARENACEOUS,"A layered subsoil of clay, silt and sand.",MEDIUM TO HEAVY,,,,,,
LEEDS_1dd70c8b41de,Heavy Metals,As,Stanningley Road Allotments,,,,,26.89,mg/kg,Arsenic,,
LEEDS_1dd70c8b41de,Heavy Metals,Cd,Stanningley Road Allotments,,,,,0.5,mg/kg,Cadmium,,
LEEDS_1dd70c8b41de,Heavy Metals,Cu,Stanningley Road Allotments,,,,,54.44,mg/kg,Copper,,
LEEDS_1dd70c8b41de,Heavy Metals,Ni,Stanningley Road Allotments,,,,,28.87,mg/kg,Nickel,,
LEEDS_1dd70c8b41de,Heavy Metals,P2O5,Stanningley Road Allotments,,,,,0.32,w%,Phosphorus,,
LEEDS_1dd70c8b41de,Heavy Metals,Pb,Stanningley Road Allotments,,,,,108.97,mg/kg,Lead,,
LEEDS_1dd70c8b41de,Heavy Metals,Se,Stanningley Road Allotments,,,,,1.06,mg/kg,Selenium,,
LEEDS_1dd70c8b41de,Heavy Metals,Zr,Stanningley Road Allotments,,,,,278.11,mg/kg,Zirconium,,
LEEDS_1dd70c8b41de,Land Cover,,Stanningley Road Allotments,,,,Improve grassland | Urban | Suburban | Deciduous woodland,,,,,
LEEDS_1dd70c8b41de,Soil Parent,,Stanningley Road Allotments,ARENACEOUS - RUDACEOUS | ARGILLIC - ARENACEOUS,"A layered subsoil of sand and gravel. | A layered subsoil of clay, silt and sand.",LIGHT(SANDY) TO MEDIUM(SANDY) | MEDIUM TO HEAVY,,,,,,
LEEDS_1dd70c8b41de,Soil SOM,,Stanningley Road Allotments,,,,,,,,,10.21
LEEDS_1dd70c8b41de,Soil pH,,Stanningley Road Allotments,,,,,,,,6.07,
LEEDS_1e21b6894571,Heavy Metals,As,Beckhill Community Garden,,,,,20.0,mg/kg,Arsenic,,
LEEDS_1e21b6894571,Heavy Metals,Cd,Beckhill Community Garden,,,,,0.4,mg/kg,Cadmium,,
LEEDS_1e21b6894571,Heavy Metals,Cu,Beckhill Community Garden,,,,,33.15,mg/kg,Copper,,
LEEDS_1e21b6894571,Heavy Metals,Ni,Beckhill Community Garden,,,,,26.36,mg/kg,Nickel,,
LEEDS_1e21b6894571,Heavy Metals,P2O5,Beckhill Community Garden,,,,,0.26,w%,Phosphorus,,
LEEDS_1e21b6894571,Heavy Metals,Pb,Beckhill Community Garden,,,,,91.55,mg/kg,Lead,,
LEEDS_1e21b6894571,Heavy Metals,Se,Beckhill Community Garden,,,,,0.81,mg/kg,Selenium,,
LEEDS_1e21b6894571,Heavy Metals,Zr,Beckhill Community Garden,,,,,278.09,mg/kg,Zirconium,,
LEEDS_1e21b6894571,Land Cover,,Beckhill Community Garden,,,,Suburban,,,,,
LEEDS_1e21b6894571,Soil Parent,,Beckhill Community Garden,ARGILLIC - ARENACEOUS,"A layered subsoil of clay, silt and sand.",MEDIUM TO HEAVY,,,,,,
LEEDS_1e9d5dd291b5,Heavy Metals,As,Whitehouse Avenue Allotments | Great Preston Allotments Gardens,,,,,15.35,mg/kg,Arsenic,,
LEEDS_1e9d5dd291b5,Heavy Metals,Cd,Whitehouse Avenue Allotments | Great Preston Allotments Gardens,,,,,0.47,mg/kg,Cadmium,,
LEEDS_1e9d5dd291b5,Heavy Metals,Cu,Whitehouse Avenue Allotments | Great Preston Allotments Gardens,,,,,34.16,mg/kg,Copper,,
LEEDS_1e9d5dd291b5,Heavy Metals,Ni,Whitehouse Avenue Allotments | Great Preston Allotments Gardens,,,,,21.66,mg/kg,Nickel,,
LEEDS_1e9d5dd291b5,Heavy Metals,P2O5,Whitehouse Avenue Allotments | Great Preston Allotments Gardens,,,,,0.21,w%,Phosphorus,,
LEEDS_1e9d5dd291b5,Heavy Metals,Pb,Whitehouse Avenue Allotments | Great Preston Allotments Gardens,,,,,63.84,mg/kg,Lead,,
LEEDS_1e9d5dd291b5,Heavy Metals,Se,Whitehouse Avenue Allotments | Great Preston Allotments Gardens,,,,,0.87,mg/kg,Selenium,,
LEEDS_1e9d5dd291b5,Heavy Metals,Zr,Whitehouse Avenue Allotments | Great Preston Allotments Gardens,,,,,263.74,mg/kg,Zirconium,,
LEEDS_1e9d5dd291b5,Land Cover,,Whitehouse Avenue Allotments | Great Preston Allotments Gardens,,,,Deciduous woodland | Suburban | Improve grassland,,,,,
LEEDS_1e9d5dd291b5,Soil Parent,,Whitehouse Avenue Allotments | Great Preston Allotments Gardens,ARGILLIC - ARENACEOUS,"A layered subsoil of clay, silt and sand.",HEAVY TO MEDIUM,,,,,,
LEEDS_1e9d5dd291b5,Soil SOM,,Whitehouse Avenue Allotments | Great Preston Allotments Gardens,,,,,,,,,3.13
LEEDS_1e9d5dd291b5,Soil pH,,Whitehouse Avenue Allotments | Great Preston Allotments Gardens,,,,,,,,7.05,
LEEDS_1eb476ca808d,,,Fruit Works Coop Tree Nursery,,,,,,,,,
LEEDS_2090aea3a66c,Heavy Metals,As,Incredible Edible Morley,,,,,26.75,mg/kg,Arsenic,,
LEEDS_2090aea3a66c,Heavy Metals,Cd,Incredible Edible Morley,,,,,0.49,mg/kg,Cadmium,,
LEEDS_2090aea3a66c,Heavy Metals,Cu,Incredible Edible Morley,,,,,55.81,mg/kg,Copper,,
LEEDS_2090aea3a66c,Heavy Metals,Ni,Incredible Edible Morley,,,,,32.75,mg/kg,Nickel,,
LEEDS_2090aea3a66c,Heavy Metals,P2O5,Incredible Edible Morley,,,,,0.35,w%,Phosphorus,,
LEEDS_2090aea3a66c,Heavy Metals,Pb,Incredible Edible Morley,,,,,86.64,mg/kg,Lead,,
LEEDS_2090aea3a66c,Heavy Metals,Se,Incredible Edible Morley,,,,,0.9,mg/kg,Selenium,,
LEEDS_2090aea3a66c,Heavy Metals,Zr,Incredible Edible Morley,,,,,271.77,mg/kg,Zirconium,,
LEEDS_2090aea3a66c,Land Cover,,Incredible Edible Morley,,,,Urban,,,,,
LEEDS_2090aea3a66c,Soil Parent,,Incredible Edible Morley,ARENACEOUS,A sand-rich subsoil.,MEDIUM TO HEAVY,,,,,,
LEEDS_20a9e2422f49,Heavy Metals,As,Gotts Park Rose Garden,,,,,25.94,mg/kg,Arsenic,,
LEEDS_20a9e2422f49,Heavy Metals,Cd,Gotts Park Rose Garden,,,,,0.5,mg/kg,Cadmium,,
LEEDS_20a9e2422f49,Heavy Metals,Cu,Gotts Park Rose Garden,,,,,45.61,mg/kg,Copper,,
LEEDS_20a9e2422f49,Heavy Metals,Ni,Gotts Park Rose Garden,,,,,28.85,mg/kg,Nickel,,
LEEDS_20a9e2422f49,Heavy Metals,P2O5,Gotts Park Rose Garden,,,,,0.32,w%,Phosphorus,,
LEEDS_20a9e2422f49,Heavy Metals,Pb,Gotts Park Rose Garden,,,,,98.45,mg/kg,Lead,,
LEEDS_20a9e2422f49,Heavy Metals,Se,Gotts Park Rose Garden,,,,,1.09,mg/kg,Selenium,,
LEEDS_20a9e2422f49,Heavy Metals,Zr,Gotts Park Rose Garden,,,,,288.55,mg/kg,Zirconium,,
LEEDS_20a9e2422f49,Land Cover,,Gotts Park Rose Garden,,,,Deciduous woodland,,,,,
LEEDS_20a9e2422f49,Soil Parent,,Gotts Park Rose Garden,ARENACEOUS - RUDACEOUS,A layered subsoil of sand and gravel.,LIGHT(SANDY) TO MEDIUM(SANDY),,,,,,
LEEDS_20a9e2422f49,Soil SOM,,Gotts Park Rose Garden,,,,,,,,,10.21
LEEDS_20a9e2422f49,Soil pH,,Gotts Park Rose Garden,,,,,,,,6.07,
LEEDS_20ba6c6e45b3,Heavy Metals,As,Station Road Station Top Myers Croft Allotments,,,,,13.4,mg/kg,Arsenic,,
LEEDS_20ba6c6e45b3,Heavy Metals,Cd,Station Road Station Top Myers Croft Allotments,,,,,0.72,mg/kg,Cadmium,,
LEEDS_20ba6c6e45b3,Heavy Metals,Cu,Station Road Station Top Myers Croft Allotments,,,,,32.16,mg/kg,Copper,,
LEEDS_20ba6c6e45b3,Heavy Metals,Ni,Station Road Station Top Myers Croft Allotments,,,,,16.91,mg/kg,Nickel,,
LEEDS_20ba6c6e45b3,Heavy Metals,P2O5,Station Road Station Top Myers Croft Allotments,,,,,0.25,w%,Phosphorus,,
LEEDS_20ba6c6e45b3,Heavy Metals,Pb,Station Road Station Top Myers Croft Allotments,,,,,100.29,mg/kg,Lead,,
LEEDS_20ba6c6e45b3,Heavy Metals,Se,Station Road Station Top Myers Croft Allotments,,,,,1.19,mg/kg,Selenium,,
LEEDS_20ba6c6e45b3,Heavy Metals,Zr,Station Road Station Top Myers Croft Allotments,,,,,233.17,mg/kg,Zirconium,,
LEEDS_20ba6c6e45b3,Land Cover,,Station Road Station Top Myers Croft Allotments,,,,Suburban | Urban,,,,,
LEEDS_20ba6c6e45b3,Soil Parent,,Station Road Station Top Myers Croft Allotments,MIXED (ARGILLIC-RUDACEOUS),"A variable clay, silt, and sand subsoil.",MEDIUM TO LIGHT(SILTY) TO HEAVY,,,,,,
LEEDS_217011b93a0e,Heavy Metals,As,Incredible Edible Raised Beds,,,,,19.6,mg/kg,Arsenic,,
LEEDS_217011b93a0e,Heavy Metals,Cd,Incredible Edible Raised Beds,,,,,0.4,mg/kg,Cadmium,,
LEEDS_217011b93a0e,Heavy Metals,Cu,Incredible Edible Raised Beds,,,,,33.24,mg/kg,Copper,,
LEEDS_217011b93a0e,Heavy Metals,Ni,Incredible Edible Raised Beds,,,,,27.33,mg/kg,Nickel,,
LEEDS_217011b93a0e,Heavy Metals,P2O5,Incredible Edible Raised Beds,,,,,0.26,w%,Phosphorus,,
LEEDS_217011b93a0e,Heavy Metals,Pb,Incredible Edible Raised Beds,,,,,87.3,mg/kg,Lead,,
LEEDS_217011b93a0e,Heavy Metals,Se,Incredible Edible Raised Beds,,,,,0.82,mg/kg,Selenium,,
LEEDS_217011b93a0e,Heavy Metals,Zr,Incredible Edible Raised Beds,,,,,274.8,mg/kg,Zirconium,,
LEEDS_217011b93a0e,Land Cover,,Incredible Edible Raised Beds,,,,Urban,,,,,
LEEDS_217011b93a0e,Soil Parent,,Incredible Edible Raised Beds,ARGILLIC - ARENACEOUS,"A layered subsoil of clay, silt and sand.",MEDIUM TO HEAVY,,,,,,
LEEDS_222b66681255,Heavy Metals,As,Silverdale Avenue Allotments,,,,,19.26,mg/kg,Arsenic,,
LEEDS_222b66681255,Heavy Metals,Cd,Silverdale Avenue Allotments,,,,,0.57,mg/kg,Cadmium,,
LEEDS_222b66681255,Heavy Metals,Cu,Silverdale Avenue Allotments,,,,,36.65,mg/kg,Copper,,
LEEDS_222b66681255,Heavy Metals,Ni,Silverdale Avenue Allotments,,,,,22.45,mg/kg,Nickel,,
LEEDS_222b66681255,Heavy Metals,P2O5,Silverdale Avenue Allotments,,,,,0.29,w%,Phosphorus,,
LEEDS_222b66681255,Heavy Metals,Pb,Silverdale Avenue Allotments,,,,,96.18,mg/kg,Lead,,
LEEDS_222b66681255,Heavy Metals,Se,Silverdale Avenue Allotments,,,,,0.89,mg/kg,Selenium,,
LEEDS_222b66681255,Heavy Metals,Zr,Silverdale Avenue Allotments,,,,,242.97,mg/kg,Zirconium,,
LEEDS_222b66681255,Land Cover,,Silverdale Avenue Allotments,,,,Suburban,,,,,
LEEDS_222b66681255,Soil Parent,,Silverdale Avenue Allotments,MIXED (ARGILLIC-RUDACEOUS),"A variable clay, silt, and sand subsoil.",MEDIUM TO LIGHT(SILTY) TO HEAVY,,,,,,
LEEDS_2259babfa986,Heavy Metals,As,Herb Fruit And Flower Garden,,,,,23.6,mg/kg,Arsenic,,
LEEDS_2259babfa986,Heavy Metals,Cd,Herb Fruit And Flower Garden,,,,,0.44,mg/kg,Cadmium,,
LEEDS_2259babfa986,Heavy Metals,Cu,Herb Fruit And Flower Garden,,,,,46.2,mg/kg,Copper,,
LEEDS_2259babfa986,Heavy Metals,Ni,Herb Fruit And Flower Garden,,,,,30.15,mg/kg,Nickel,,
LEEDS_2259babfa986,Heavy Metals,P2O5,Herb Fruit And Flower Garden,,,,,0.29,w%,Phosphorus,,
LEEDS_2259babfa986,Heavy Metals,Pb,Herb Fruit And Flower Garden,,,,,104.23,mg/kg,Lead,,
LEEDS_2259babfa986,Heavy Metals,Se,Herb Fruit And Flower Garden,,,,,1.04,mg/kg,Selenium,,
LEEDS_2259babfa986,Heavy Metals,Zr,Herb Fruit And Flower Garden,,,,,333.0,mg/kg,Zirconium,,
LEEDS_2259babfa986,Land Cover,,Herb Fruit And Flower Garden,,,,Suburban,,,,,
LEEDS_2259babfa986,Soil Parent,,Herb Fruit And Flower Garden,ARGILLIC - ARENACEOUS,"A layered subsoil of clay, silt and sand.",MEDIUM TO HEAVY,,,,,,
LEEDS_231b13dc606a,Heavy Metals,As,Calverly Lane Community Orchard,,,,,20.87,mg/kg,Arsenic,,
LEEDS_231b13dc606a,Heavy Metals,Cd,Calverly Lane Community Orchard,,,,,0.52,mg/kg,Cadmium,,
LEEDS_231b13dc606a,Heavy Metals,Cu,Calverly Lane Community Orchard,,,,,48.18,mg/kg,Copper,,
LEEDS_231b13dc606a,Heavy Metals,Ni,Calverly Lane Community Orchard,,,,,29.1,mg/kg,Nickel,,
LEEDS_231b13dc606a,Heavy Metals,P2O5,Calverly Lane Community Orchard,,,,,0.33,w%,Phosphorus,,
LEEDS_231b13dc606a,Heavy Metals,Pb,Calverly Lane Community Orchard,,,,,93.52,mg/kg,Lead,,
LEEDS_231b13dc606a,Heavy Metals,Se,Calverly Lane Community Orchard,,,,,0.9,mg/kg,Selenium,,
LEEDS_231b13dc606a,Heavy Metals,Zr,Calverly Lane Community Orchard,,,,,314.33,mg/kg,Zirconium,,
LEEDS_231b13dc606a,Land Cover,,Calverly Lane Community Orchard,,,,Deciduous woodland,,,,,
LEEDS_231b13dc606a,Soil Parent,,Calverly Lane Community Orchard,ARENACEOUS - RUDACEOUS,A layered subsoil of sand and gravel.,LIGHT(SANDY) TO MEDIUM(SANDY),,,,,,
LEEDS_231b13dc606a,Soil SOM,,Calverly Lane Community Orchard,,,,,,,,,8.9
LEEDS_231b13dc606a,Soil pH,,Calverly Lane Community Orchard,,,,,,,,6.31,
LEEDS_23972dda2dda,Heavy Metals,As,Incredible Edible Raised Beds,,,,,15.26,mg/kg,Arsenic,,
LEEDS_23972dda2dda,Heavy Metals,Cd,Incredible Edible Raised Beds,,,,,0.47,mg/kg,Cadmium,,
LEEDS_23972dda2dda,Heavy Metals,Cu,Incredible Edible Raised Beds,,,,,27.55,mg/kg,Copper,,
LEEDS_23972dda2dda,Heavy Metals,Ni,Incredible Edible Raised Beds,,,,,26.14,mg/kg,Nickel,,
LEEDS_23972dda2dda,Heavy Metals,P2O5,Incredible Edible Raised Beds,,,,,0.21,w%,Phosphorus,,
LEEDS_23972dda2dda,Heavy Metals,Pb,Incredible Edible Raised Beds,,,,,62.47,mg/kg,Lead,,
LEEDS_23972dda2dda,Heavy Metals,Se,Incredible Edible Raised Beds,,,,,0.77,mg/kg,Selenium,,
LEEDS_23972dda2dda,Heavy Metals,Zr,Incredible Edible Raised Beds,,,,,265.23,mg/kg,Zirconium,,
LEEDS_23972dda2dda,Land Cover,,Incredible Edible Raised Beds,,,,Suburban,,,,,
LEEDS_23972dda2dda,Soil Parent,,Incredible Edible Raised Beds,ARGILLIC - ARENACEOUS,"A layered subsoil of clay, silt and sand.",HEAVY TO MEDIUM,,,,,,
LEEDS_24468cdc2e26,Heavy Metals,As,Spring Well Cottages Allotments,,,,,23.64,mg/kg,Arsenic,,
LEEDS_24468cdc2e26,Heavy Metals,Cd,Spring Well Cottages Allotments,,,,,0.54,mg/kg,Cadmium,,
LEEDS_24468cdc2e26,Heavy Metals,Cu,Spring Well Cottages Allotments,,,,,49.3,mg/kg,Copper,,
LEEDS_24468cdc2e26,Heavy Metals,Ni,Spring Well Cottages Allotments,,,,,23.22,mg/kg,Nickel,,
LEEDS_24468cdc2e26,Heavy Metals,P2O5,Spring Well Cottages Allotments,,,,,0.27,w%,Phosphorus,,
LEEDS_24468cdc2e26,Heavy Metals,Pb,Spring Well Cottages Allotments,,,,,129.38,mg/kg,Lead,,
LEEDS_24468cdc2e26,Heavy Metals,Se,Spring Well Cottages Allotments,,,,,1.12,mg/kg,Selenium,,
LEEDS_24468cdc2e26,Heavy Metals,Zr,Spring Well Cottages Allotments,,,,,317.7,mg/kg,Zirconium,,
LEEDS_24468cdc2e26,Land Cover,,Spring Well Cottages Allotments,,,,Improve grassland | Arable,,,,,
LEEDS_24468cdc2e26,Soil Parent,,Spring Well Cottages Allotments,ARENACEOUS,A sand-rich subsoil.,MEDIUM TO HEAVY,,,,,,
LEEDS_24468cdc2e26,Soil SOM,,Spring Well Cottages Allotments,,,,,,,,,5.14
LEEDS_24468cdc2e26,Soil pH,,Spring Well Cottages Allotments,,,,,,,,7.05,
LEEDS_24b5ff73f754,Heavy Metals,As,Incredible Edible Raised Beds,,,,,10.55,mg/kg,Arsenic,,
LEEDS_24b5ff73f754,Heavy Metals,Cd,Incredible Edible Raised Beds,,,,,0.34,mg/kg,Cadmium,,
LEEDS_24b5ff73f754,Heavy Metals,Cu,Incredible Edible Raised Beds,,,,,21.77,mg/kg,Copper,,
LEEDS_24b5ff73f754,Heavy Metals,Ni,Incredible Edible Raised Beds,,,,,27.29,mg/kg,Nickel,,
LEEDS_24b5ff73f754,Heavy Metals,P2O5,Incredible Edible Raised Beds,,,,,0.2,w%,Phosphorus,,
LEEDS_24b5ff73f754,Heavy Metals,Pb,Incredible Edible Raised Beds,,,,,76.34,mg/kg,Lead,,
LEEDS_24b5ff73f754,Heavy Metals,Se,Incredible Edible Raised Beds,,,,,0.64,mg/kg,Selenium,,
LEEDS_24b5ff73f754,Heavy Metals,Zr,Incredible Edible Raised Beds,,,,,212.42,mg/kg,Zirconium,,
LEEDS_24b5ff73f754,Land Cover,,Incredible Edible Raised Beds,,,,Suburban,,,,,
LEEDS_24b5ff73f754,Soil Parent,,Incredible Edible Raised Beds,ARENACEOUS,A sand-rich subsoil.,LIGHT(SILTY) TO MEDIUM(SILTY) TO HEAVY,,,,,,
LEEDS_24b5ff73f754,Soil SOM,,Incredible Edible Raised Beds,,,,,,,,,10.21
LEEDS_24b5ff73f754,Soil pH,,Incredible Edible Raised Beds,,,,,,,,6.07,
LEEDS_24e3d167f262,Heavy Metals,As,Denbigh Approach Community Orchard,,,,,20.68,mg/kg,Arsenic,,
LEEDS_24e3d167f262,Heavy Metals,Cd,Denbigh Approach Community Orchard,,,,,0.34,mg/kg,Cadmium,,
LEEDS_24e3d167f262,Heavy Metals,Cu,Denbigh Approach Community Orchard,,,,,38.66,mg/kg,Copper,,
LEEDS_24e3d167f262,Heavy Metals,Ni,Denbigh Approach Community Orchard,,,,,29.24,mg/kg,Nickel,,
LEEDS_24e3d167f262,Heavy Metals,P2O5,Denbigh Approach Community Orchard,,,,,0.29,w%,Phosphorus,,
LEEDS_24e3d167f262,Heavy Metals,Pb,Denbigh Approach Community Orchard,,,,,86.0,mg/kg,Lead,,
LEEDS_24e3d167f262,Heavy Metals,Se,Denbigh Approach Community Orchard,,,,,0.73,mg/kg,Selenium,,
LEEDS_24e3d167f262,Heavy Metals,Zr,Denbigh Approach Community Orchard,,,,,202.46,mg/kg,Zirconium,,
LEEDS_24e3d167f262,Land Cover,,Denbigh Approach Community Orchard,,,,Improve grassland,,,,,
LEEDS_24e3d167f262,Soil Parent,,Denbigh Approach Community Orchard,ARGILLIC - ARENACEOUS,"A layered subsoil of clay, silt and sand.",MEDIUM TO HEAVY,,,,,,
LEEDS_255c5a7a1587,Heavy Metals,As,Sunset Allotments,,,,,17.75,mg/kg,Arsenic,,
LEEDS_255c5a7a1587,Heavy Metals,Cd,Sunset Allotments,,,,,0.4,mg/kg,Cadmium,,
LEEDS_255c5a7a1587,Heavy Metals,Cu,Sunset Allotments,,,,,31.76,mg/kg,Copper,,
LEEDS_255c5a7a1587,Heavy Metals,Ni,Sunset Allotments,,,,,27.75,mg/kg,Nickel,,
LEEDS_255c5a7a1587,Heavy Metals,P2O5,Sunset Allotments,,,,,0.27,w%,Phosphorus,,
LEEDS_255c5a7a1587,Heavy Metals,Pb,Sunset Allotments,,,,,87.56,mg/kg,Lead,,
LEEDS_255c5a7a1587,Heavy Metals,Se,Sunset Allotments,,,,,0.81,mg/kg,Selenium,,
LEEDS_255c5a7a1587,Heavy Metals,Zr,Sunset Allotments,,,,,259.49,mg/kg,Zirconium,,
LEEDS_255c5a7a1587,Land Cover,,Sunset Allotments,,,,Suburban,,,,,
LEEDS_255c5a7a1587,Soil Parent,,Sunset Allotments,ARGILLIC - ARENACEOUS,"A layered subsoil of clay, silt and sand.",MEDIUM TO HEAVY,,,,,,
LEEDS_255f6c1a43ec,Heavy Metals,As,Inglewood Drive Allotments Off | Seacroft Hall Allotments,,,,,13.89,mg/kg,Arsenic,,
LEEDS_255f6c1a43ec,Heavy Metals,Cd,Inglewood Drive Allotments Off | Seacroft Hall Allotments,,,,,0.28,mg/kg,Cadmium,,
LEEDS_255f6c1a43ec,Heavy Metals,Cu,Inglewood Drive Allotments Off | Seacroft Hall Allotments,,,,,27.54,mg/kg,Copper,,
LEEDS_255f6c1a43ec,Heavy Metals,Ni,Inglewood Drive Allotments Off | Seacroft Hall Allotments,,,,,43.62,mg/kg,Nickel,,
LEEDS_255f6c1a43ec,Heavy Metals,P2O5,Inglewood Drive Allotments Off | Seacroft Hall Allotments,,,,,0.2,w%,Phosphorus,,
LEEDS_255f6c1a43ec,Heavy Metals,Pb,Inglewood Drive Allotments Off | Seacroft Hall Allotments,,,,,64.45,mg/kg,Lead,,
LEEDS_255f6c1a43ec,Heavy Metals,Se,Inglewood Drive Allotments Off | Seacroft Hall Allotments,,,,,0.49,mg/kg,Selenium,,
LEEDS_255f6c1a43ec,Heavy Metals,Zr,Inglewood Drive Allotments Off | Seacroft Hall Allotments,,,,,135.81,mg/kg,Zirconium,,
LEEDS_255f6c1a43ec,Land Cover,,Inglewood Drive Allotments Off | Seacroft Hall Allotments,,,,Suburban | Improve grassland,,,,,
LEEDS_255f6c1a43ec,Soil Parent,,Inglewood Drive Allotments Off | Seacroft Hall Allotments,ARGILLIC - ARENACEOUS,"A layered subsoil of clay, silt and sand.",MEDIUM TO HEAVY,,,,,,
LEEDS_25f83d38fc9e,Heavy Metals,As,Cave Lane Allotments,,,,,43.63,mg/kg,Arsenic,,
LEEDS_25f83d38fc9e,Heavy Metals,Cd,Cave Lane Allotments,,,,,0.63,mg/kg,Cadmium,,
LEEDS_25f83d38fc9e,Heavy Metals,Cu,Cave Lane Allotments,,,,,60.36,mg/kg,Copper,,
LEEDS_25f83d38fc9e,Heavy Metals,Ni,Cave Lane Allotments,,,,,27.82,mg/kg,Nickel,,
LEEDS_25f83d38fc9e,Heavy Metals,P2O5,Cave Lane Allotments,,,,,0.33,w%,Phosphorus,,
LEEDS_25f83d38fc9e,Heavy Metals,Pb,Cave Lane Allotments,,,,,116.49,mg/kg,Lead,,
LEEDS_25f83d38fc9e,Heavy Metals,Se,Cave Lane Allotments,,,,,1.15,mg/kg,Selenium,,
LEEDS_25f83d38fc9e,Heavy Metals,Zr,Cave Lane Allotments,,,,,290.56,mg/kg,Zirconium,,
LEEDS_25f83d38fc9e,Land Cover,,Cave Lane Allotments,,,,Arable | Suburban,,,,,
LEEDS_25f83d38fc9e,Soil Parent,,Cave Lane Allotments,ARGILLIC - ARENACEOUS,"A layered subsoil of clay, silt and sand.",HEAVY TO MEDIUM,,,,,,
LEEDS_25f83d38fc9e,Soil SOM,,Cave Lane Allotments,,,,,,,,,5.14
LEEDS_25f83d38fc9e,Soil pH,,Cave Lane Allotments,,,,,,,,7.05,
LEEDS_26bff62d112c,Heavy Metals,As,Meanwood Park,,,,,18.2,mg/kg,Arsenic,,
LEEDS_26bff62d112c,Heavy Metals,Cd,Meanwood Park,,,,,0.41,mg/kg,Cadmium,,
LEEDS_26bff62d112c,Heavy Metals,Cu,Meanwood Park,,,,,31.25,mg/kg,Copper,,
LEEDS_26bff62d112c,Heavy Metals,Ni,Meanwood Park,,,,,29.33,mg/kg,Nickel,,
LEEDS_26bff62d112c,Heavy Metals,P2O5,Meanwood Park,,,,,0.27,w%,Phosphorus,,
LEEDS_26bff62d112c,Heavy Metals,Pb,Meanwood Park,,,,,90.06,mg/kg,Lead,,
LEEDS_26bff62d112c,Heavy Metals,Se,Meanwood Park,,,,,0.84,mg/kg,Selenium,,
LEEDS_26bff62d112c,Heavy Metals,Zr,Meanwood Park,,,,,266.72,mg/kg,Zirconium,,
LEEDS_26bff62d112c,Land Cover,,Meanwood Park,,,,Suburban,,,,,
LEEDS_26bff62d112c,Soil Parent,,Meanwood Park,ARGILLIC - ARENACEOUS,"A layered subsoil of clay, silt and sand.",MEDIUM TO HEAVY,,,,,,
LEEDS_27242bda1a23,Heavy Metals,As,Rothwell Windmill Allotments Unicorn,,,,,20.7,mg/kg,Arsenic,,
LEEDS_27242bda1a23,Heavy Metals,Cd,Rothwell Windmill Allotments Unicorn,,,,,0.53,mg/kg,Cadmium,,
LEEDS_27242bda1a23,Heavy Metals,Cu,Rothwell Windmill Allotments Unicorn,,,,,47.23,mg/kg,Copper,,
LEEDS_27242bda1a23,Heavy Metals,Ni,Rothwell Windmill Allotments Unicorn,,,,,22.06,mg/kg,Nickel,,
LEEDS_27242bda1a23,Heavy Metals,P2O5,Rothwell Windmill Allotments Unicorn,,,,,0.27,w%,Phosphorus,,
LEEDS_27242bda1a23,Heavy Metals,Pb,Rothwell Windmill Allotments Unicorn,,,,,115.47,mg/kg,Lead,,
LEEDS_27242bda1a23,Heavy Metals,Se,Rothwell Windmill Allotments Unicorn,,,,,1.14,mg/kg,Selenium,,
LEEDS_27242bda1a23,Heavy Metals,Zr,Rothwell Windmill Allotments Unicorn,,,,,284.63,mg/kg,Zirconium,,
LEEDS_27242bda1a23,Land Cover,,Rothwell Windmill Allotments Unicorn,,,,Suburban | Arable | Improve grassland,,,,,
LEEDS_27242bda1a23,Soil Parent,,Rothwell Windmill Allotments Unicorn,ARENACEOUS,A sand-rich subsoil.,MEDIUM TO HEAVY,,,,,,
LEEDS_27242bda1a23,Soil SOM,,Rothwell Windmill Allotments Unicorn,,,,,,,,,5.14
LEEDS_27242bda1a23,Soil pH,,Rothwell Windmill Allotments Unicorn,,,,,,,,7.05,
LEEDS_2760cf62f465,Heavy Metals,As,Pondfields Drive East View Allotments,,,,,15.26,mg/kg,Arsenic,,
LEEDS_2760cf62f465,Heavy Metals,Cd,Pondfields Drive East View Allotments,,,,,0.47,mg/kg,Cadmium,,
LEEDS_2760cf62f465,Heavy Metals,Cu,Pondfields Drive East View Allotments,,,,,27.55,mg/kg,Copper,,
LEEDS_2760cf62f465,Heavy Metals,Ni,Pondfields Drive East View Allotments,,,,,26.14,mg/kg,Nickel,,
LEEDS_2760cf62f465,Heavy Metals,P2O5,Pondfields Drive East View Allotments,,,,,0.21,w%,Phosphorus,,
LEEDS_2760cf62f465,Heavy Metals,Pb,Pondfields Drive East View Allotments,,,,,62.47,mg/kg,Lead,,
LEEDS_2760cf62f465,Heavy Metals,Se,Pondfields Drive East View Allotments,,,,,0.77,mg/kg,Selenium,,
LEEDS_2760cf62f465,Heavy Metals,Zr,Pondfields Drive East View Allotments,,,,,265.23,mg/kg,Zirconium,,
LEEDS_2760cf62f465,Land Cover,,Pondfields Drive East View Allotments,,,,Suburban,,,,,
LEEDS_2760cf62f465,Soil Parent,,Pondfields Drive East View Allotments,ARGILLIC - ARENACEOUS,"A layered subsoil of clay, silt and sand.",HEAVY TO MEDIUM,,,,,,
LEEDS_28d86fd01464,Heavy Metals,As,Lotherton Hall Orchard,,,,,13.78,mg/kg,Arsenic,,
LEEDS_28d86fd01464,Heavy Metals,Cd,Lotherton Hall Orchard,,,,,0.65,mg/kg,Cadmium,,
LEEDS_28d86fd01464,Heavy Metals,Cu,Lotherton Hall Orchard,,,,,20.1,mg/kg,Copper,,
LEEDS_28d86fd01464,Heavy Metals,Ni,Lotherton Hall Orchard,,,,,22.81,mg/kg,Nickel,,
LEEDS_28d86fd01464,Heavy Metals,P2O5,Lotherton Hall Orchard,,,,,0.18,w%,Phosphorus,,
LEEDS_28d86fd01464,Heavy Metals,Pb,Lotherton Hall Orchard,,,,,54.2,mg/kg,Lead,,
LEEDS_28d86fd01464,Heavy Metals,Se,Lotherton Hall Orchard,,,,,0.53,mg/kg,Selenium,,
LEEDS_28d86fd01464,Heavy Metals,Zr,Lotherton Hall Orchard,,,,,385.9,mg/kg,Zirconium,,
LEEDS_28d86fd01464,Land Cover,,Lotherton Hall Orchard,,,,Improve grassland,,,,,
LEEDS_28d86fd01464,Soil Parent,,Lotherton Hall Orchard,ARGILLIC - ARENACEOUS,"A layered subsoil of clay, silt and sand.",LIGHT(SILTY) TO MEDIUM(SILTY),,,,,,
LEEDS_28d86fd01464,Soil SOM,,Lotherton Hall Orchard,,,,,,,,,3.13
LEEDS_28d86fd01464,Soil pH,,Lotherton Hall Orchard,,,,,,,,7.7,
LEEDS_2930369352ec,Heavy Metals,As,Skelton Wood Community Orchard,,,,,10.19,mg/kg,Arsenic,,
LEEDS_2930369352ec,Heavy Metals,Cd,Skelton Wood Community Orchard,,,,,0.33,mg/kg,Cadmium,,
LEEDS_2930369352ec,Heavy Metals,Cu,Skelton Wood Community Orchard,,,,,18.35,mg/kg,Copper,,
LEEDS_2930369352ec,Heavy Metals,Ni,Skelton Wood Community Orchard,,,,,11.59,mg/kg,Nickel,,
LEEDS_2930369352ec,Heavy Metals,P2O5,Skelton Wood Community Orchard,,,,,0.2,w%,Phosphorus,,
LEEDS_2930369352ec,Heavy Metals,Pb,Skelton Wood Community Orchard,,,,,70.02,mg/kg,Lead,,
LEEDS_2930369352ec,Heavy Metals,Se,Skelton Wood Community Orchard,,,,,0.54,mg/kg,Selenium,,
LEEDS_2930369352ec,Heavy Metals,Zr,Skelton Wood Community Orchard,,,,,232.21,mg/kg,Zirconium,,
LEEDS_2930369352ec,Land Cover,,Skelton Wood Community Orchard,,,,Improve grassland,,,,,
LEEDS_2930369352ec,Soil Parent,,Skelton Wood Community Orchard,MIXED (ARGILLIC-RUDACEOUS),"A variable clay, silt, and sand subsoil.",MEDIUM TO LIGHT(SILTY) TO HEAVY,,,,,,
LEEDS_2930369352ec,Soil SOM,,Skelton Wood Community Orchard,,,,,,,,,10.72
LEEDS_2930369352ec,Soil pH,,Skelton Wood Community Orchard,,,,,,,,6.07,
LEEDS_2974a099f154,Heavy Metals,As,Incredible Edible Raised Beds,,,,,39.27,mg/kg,Arsenic,,
LEEDS_2974a099f154,Heavy Metals,Cd,Incredible Edible Raised Beds,,,,,0.46,mg/kg,Cadmium,,
LEEDS_2974a099f154,Heavy Metals,Cu,Incredible Edible Raised Beds,,,,,42.87,mg/kg,Copper,,
LEEDS_2974a099f154,Heavy Metals,Ni,Incredible Edible Raised Beds,,,,,31.78,mg/kg,Nickel,,
LEEDS_2974a099f154,Heavy Metals,P2O5,Incredible Edible Raised Beds,,,,,0.29,w%,Phosphorus,,
LEEDS_2974a099f154,Heavy Metals,Pb,Incredible Edible Raised Beds,,,,,99.33,mg/kg,Lead,,
LEEDS_2974a099f154,Heavy Metals,Se,Incredible Edible Raised Beds,,,,,1.0,mg/kg,Selenium,,
LEEDS_2974a099f154,Heavy Metals,Zr,Incredible Edible Raised Beds,,,,,303.8,mg/kg,Zirconium,,
LEEDS_2974a099f154,Land Cover,,Incredible Edible Raised Beds,,,,Urban,,,,,
LEEDS_2974a099f154,Soil Parent,,Incredible Edible Raised Beds,MIXED (ARGILLIC-RUDACEOUS),"A variable clay, silt, and sand subsoil.",MEDIUM TO LIGHT(SILTY) TO HEAVY,,,,,,
LEEDS_29b214067782,Heavy Metals,As,Headingley Station Allotments Gardens | The Station Allotments,,,,,23.79,mg/kg,Arsenic,,
LEEDS_29b214067782,Heavy Metals,Cd,Headingley Station Allotments Gardens | The Station Allotments,,,,,0.5,mg/kg,Cadmium,,
LEEDS_29b214067782,Heavy Metals,Cu,Headingley Station Allotments Gardens | The Station Allotments,,,,,37.91,mg/kg,Copper,,
LEEDS_29b214067782,Heavy Metals,Ni,Headingley Station Allotments Gardens | The Station Allotments,,,,,33.62,mg/kg,Nickel,,
LEEDS_29b214067782,Heavy Metals,P2O5,Headingley Station Allotments Gardens | The Station Allotments,,,,,0.32,w%,Phosphorus,,
LEEDS_29b214067782,Heavy Metals,Pb,Headingley Station Allotments Gardens | The Station Allotments,,,,,95.66,mg/kg,Lead,,
LEEDS_29b214067782,Heavy Metals,Se,Headingley Station Allotments Gardens | The Station Allotments,,,,,1.0,mg/kg,Selenium,,
LEEDS_29b214067782,Heavy Metals,Zr,Headingley Station Allotments Gardens | The Station Allotments,,,,,285.15,mg/kg,Zirconium,,
LEEDS_29b214067782,Land Cover,,Headingley Station Allotments Gardens | The Station Allotments,,,,Suburban | Improve grassland,,,,,
LEEDS_29b214067782,Soil Parent,,Headingley Station Allotments Gardens | The Station Allotments,ARGILLIC - ARENACEOUS,"A layered subsoil of clay, silt and sand.",MEDIUM TO HEAVY | ALL,,,,,,
LEEDS_29d633de813c,Heavy Metals,As,Tofts Road Allotments,,,,,30.2,mg/kg,Arsenic,,
LEEDS_29d633de813c,Heavy Metals,Cd,Tofts Road Allotments,,,,,0.44,mg/kg,Cadmium,,
LEEDS_29d633de813c,Heavy Metals,Cu,Tofts Road Allotments,,,,,32.81,mg/kg,Copper,,
LEEDS_29d633de813c,Heavy Metals,Ni,Tofts Road Allotments,,,,,26.19,mg/kg,Nickel,,
LEEDS_29d633de813c,Heavy Metals,P2O5,Tofts Road Allotments,,,,,0.29,w%,Phosphorus,,
LEEDS_29d633de813c,Heavy Metals,Pb,Tofts Road Allotments,,,,,87.55,mg/kg,Lead,,
LEEDS_29d633de813c,Heavy Metals,Se,Tofts Road Allotments,,,,,1.09,mg/kg,Selenium,,
LEEDS_29d633de813c,Heavy Metals,Zr,Tofts Road Allotments,,,,,324.71,mg/kg,Zirconium,,
LEEDS_29d633de813c,Land Cover,,Tofts Road Allotments,,,,Suburban,,,,,
LEEDS_29d633de813c,Soil Parent,,Tofts Road Allotments,ARENACEOUS,A sand-rich subsoil.,LIGHT(SILTY) TO MEDIUM(SILTY),,,,,,
LEEDS_2b10122458e5,Heavy Metals,As,Rothwell Haigh Road Allotments,,,,,18.66,mg/kg,Arsenic,,
LEEDS_2b10122458e5,Heavy Metals,Cd,Rothwell Haigh Road Allotments,,,,,0.54,mg/kg,Cadmium,,
LEEDS_2b10122458e5,Heavy Metals,Cu,Rothwell Haigh Road Allotments,,,,,44.93,mg/kg,Copper,,
LEEDS_2b10122458e5,Heavy Metals,Ni,Rothwell Haigh Road Allotments,,,,,20.21,mg/kg,Nickel,,
LEEDS_2b10122458e5,Heavy Metals,P2O5,Rothwell Haigh Road Allotments,,,,,0.27,w%,Phosphorus,,
LEEDS_2b10122458e5,Heavy Metals,Pb,Rothwell Haigh Road Allotments,,,,,113.31,mg/kg,Lead,,
LEEDS_2b10122458e5,Heavy Metals,Se,Rothwell Haigh Road Allotments,,,,,1.09,mg/kg,Selenium,,
LEEDS_2b10122458e5,Heavy Metals,Zr,Rothwell Haigh Road Allotments,,,,,291.06,mg/kg,Zirconium,,
LEEDS_2b10122458e5,Land Cover,,Rothwell Haigh Road Allotments,,,,Suburban,,,,,
LEEDS_2b10122458e5,Soil Parent,,Rothwell Haigh Road Allotments,ARENACEOUS | ARGILLIC - ARENACEOUS,"A sand-rich subsoil. | A layered subsoil of clay, silt and sand.",MEDIUM TO HEAVY,,,,,,
LEEDS_2b10122458e5,Soil SOM,,Rothwell Haigh Road Allotments,,,,,,,,,3.13
LEEDS_2b10122458e5,Soil pH,,Rothwell Haigh Road Allotments,,,,,,,,7.05,
LEEDS_2b175f4a80a5,Heavy Metals,As,*Name Unavailable,,,,,13.87,mg/kg,Arsenic,,
LEEDS_2b175f4a80a5,Heavy Metals,Cd,*Name Unavailable,,,,,0.56,mg/kg,Cadmium,,
LEEDS_2b175f4a80a5,Heavy Metals,Cu,*Name Unavailable,,,,,20.07,mg/kg,Copper,,
LEEDS_2b175f4a80a5,Heavy Metals,Ni,*Name Unavailable,,,,,17.29,mg/kg,Nickel,,
LEEDS_2b175f4a80a5,Heavy Metals,P2O5,*Name Unavailable,,,,,0.26,w%,Phosphorus,,
LEEDS_2b175f4a80a5,Heavy Metals,Pb,*Name Unavailable,,,,,67.28,mg/kg,Lead,,
LEEDS_2b175f4a80a5,Heavy Metals,Se,*Name Unavailable,,,,,0.81,mg/kg,Selenium,,
LEEDS_2b175f4a80a5,Heavy Metals,Zr,*Name Unavailable,,,,,259.37,mg/kg,Zirconium,,
LEEDS_2b175f4a80a5,Land Cover,,*Name Unavailable,,,,Suburban,,,,,
LEEDS_2b175f4a80a5,Soil Parent,,*Name Unavailable,MIXED (ARGILLIC-RUDACEOUS),"A variable clay, silt, and sand subsoil.",MEDIUM TO LIGHT(SILTY) TO HEAVY,,,,,,
LEEDS_2b175f4a80a5,Soil SOM,,*Name Unavailable,,,,,,,,,8.9
LEEDS_2b175f4a80a5,Soil pH,,*Name Unavailable,,,,,,,,6.31,
LEEDS_2b2eccd9cbaf,Heavy Metals,As,Elland Road Allotments,,,,,57.76,mg/kg,Arsenic,,
LEEDS_2b2eccd9cbaf,Heavy Metals,Cd,Elland Road Allotments,,,,,0.59,mg/kg,Cadmium,,
LEEDS_2b2eccd9cbaf,Heavy Metals,Cu,Elland Road Allotments,,,,,65.8,mg/kg,Copper,,
LEEDS_2b2eccd9cbaf,Heavy Metals,Ni,Elland Road Allotments,,,,,39.09,mg/kg,Nickel,,
LEEDS_2b2eccd9cbaf,Heavy Metals,P2O5,Elland Road Allotments,,,,,0.35,w%,Phosphorus,,
LEEDS_2b2eccd9cbaf,Heavy Metals,Pb,Elland Road Allotments,,,,,118.79,mg/kg,Lead,,
LEEDS_2b2eccd9cbaf,Heavy Metals,Se,Elland Road Allotments,,,,,1.03,mg/kg,Selenium,,
LEEDS_2b2eccd9cbaf,Heavy Metals,Zr,Elland Road Allotments,,,,,229.14,mg/kg,Zirconium,,
LEEDS_2b2eccd9cbaf,Land Cover,,Elland Road Allotments,,,,Improve grassland | Suburban | Urban,,,,,
LEEDS_2b2eccd9cbaf,Soil Parent,,Elland Road Allotments,ARGILLIC - ARENACEOUS,"A layered subsoil of clay, silt and sand.",MEDIUM TO HEAVY,,,,,,
LEEDS_2ba47f398a48,Heavy Metals,As,Incredible Edible Raised Beds,,,,,20.27,mg/kg,Arsenic,,
LEEDS_2ba47f398a48,Heavy Metals,Cd,Incredible Edible Raised Beds,,,,,0.33,mg/kg,Cadmium,,
LEEDS_2ba47f398a48,Heavy Metals,Cu,Incredible Edible Raised Beds,,,,,33.88,mg/kg,Copper,,
LEEDS_2ba47f398a48,Heavy Metals,Ni,Incredible Edible Raised Beds,,,,,31.94,mg/kg,Nickel,,
LEEDS_2ba47f398a48,Heavy Metals,P2O5,Incredible Edible Raised Beds,,,,,0.23,w%,Phosphorus,,
LEEDS_2ba47f398a48,Heavy Metals,Pb,Incredible Edible Raised Beds,,,,,80.54,mg/kg,Lead,,
LEEDS_2ba47f398a48,Heavy Metals,Se,Incredible Edible Raised Beds,,,,,0.61,mg/kg,Selenium,,
LEEDS_2ba47f398a48,Heavy Metals,Zr,Incredible Edible Raised Beds,,,,,189.97,mg/kg,Zirconium,,
LEEDS_2ba47f398a48,Land Cover,,Incredible Edible Raised Beds,,,,Urban,,,,,
LEEDS_2ba47f398a48,Soil Parent,,Incredible Edible Raised Beds,ARENACEOUS,A sand-rich subsoil.,LIGHT(SILTY) TO MEDIUM(SILTY),,,,,,
LEEDS_2bbdc472c1d6,Heavy Metals,As,St Edwards Clifford,,,,,12.39,mg/kg,Arsenic,,
LEEDS_2bbdc472c1d6,Heavy Metals,Cd,St Edwards Clifford,,,,,0.71,mg/kg,Cadmium,,
LEEDS_2bbdc472c1d6,Heavy Metals,Cu,St Edwards Clifford,,,,,28.44,mg/kg,Copper,,
LEEDS_2bbdc472c1d6,Heavy Metals,Ni,St Edwards Clifford,,,,,26.11,mg/kg,Nickel,,
LEEDS_2bbdc472c1d6,Heavy Metals,P2O5,St Edwards Clifford,,,,,0.21,w%,Phosphorus,,
LEEDS_2bbdc472c1d6,Heavy Metals,Pb,St Edwards Clifford,,,,,79.17,mg/kg,Lead,,
LEEDS_2bbdc472c1d6,Heavy Metals,Se,St Edwards Clifford,,,,,0.59,mg/kg,Selenium,,
LEEDS_2bbdc472c1d6,Heavy Metals,Zr,St Edwards Clifford,,,,,238.17,mg/kg,Zirconium,,
LEEDS_2bbdc472c1d6,Land Cover,,St Edwards Clifford,,,,Suburban,,,,,
LEEDS_2bbdc472c1d6,Soil Parent,,St Edwards Clifford,ARENACEOUS - RUDACEOUS,A layered subsoil of sand and gravel.,LIGHT(SANDY) TO MEDIUM(SANDY),,,,,,
LEEDS_2bbdc472c1d6,Soil SOM,,St Edwards Clifford,,,,,,,,,10.21
LEEDS_2bbdc472c1d6,Soil pH,,St Edwards Clifford,,,,,,,,6.07,
LEEDS_2c84ba131192,Heavy Metals,As,Kippax Allotments,,,,,16.28,mg/kg,Arsenic,,
LEEDS_2c84ba131192,Heavy Metals,Cd,Kippax Allotments,,,,,0.47,mg/kg,Cadmium,,
LEEDS_2c84ba131192,Heavy Metals,Cu,Kippax Allotments,,,,,27.64,mg/kg,Copper,,
LEEDS_2c84ba131192,Heavy Metals,Ni,Kippax Allotments,,,,,23.92,mg/kg,Nickel,,
LEEDS_2c84ba131192,Heavy Metals,P2O5,Kippax Allotments,,,,,0.21,w%,Phosphorus,,
LEEDS_2c84ba131192,Heavy Metals,Pb,Kippax Allotments,,,,,61.19,mg/kg,Lead,,
LEEDS_2c84ba131192,Heavy Metals,Se,Kippax Allotments,,,,,0.82,mg/kg,Selenium,,
LEEDS_2c84ba131192,Heavy Metals,Zr,Kippax Allotments,,,,,260.24,mg/kg,Zirconium,,
LEEDS_2c84ba131192,Land Cover,,Kippax Allotments,,,,Improve grassland | Suburban,,,,,
LEEDS_2c84ba131192,Soil Parent,,Kippax Allotments,ARGILLIC - ARENACEOUS,"A layered subsoil of clay, silt and sand.",HEAVY TO MEDIUM,,,,,,
LEEDS_2c84ba131192,Soil SOM,,Kippax Allotments,,,,,,,,,3.13
LEEDS_2c84ba131192,Soil pH,,Kippax Allotments,,,,,,,,7.05,
LEEDS_2d1b59b972a8,Heavy Metals,As,Cottingley Community Orchard,,,,,50.87,mg/kg,Arsenic,,
LEEDS_2d1b59b972a8,Heavy Metals,Cd,Cottingley Community Orchard,,,,,0.58,mg/kg,Cadmium,,
LEEDS_2d1b59b972a8,Heavy Metals,Cu,Cottingley Community Orchard,,,,,67.13,mg/kg,Copper,,
LEEDS_2d1b59b972a8,Heavy Metals,Ni,Cottingley Community Orchard,,,,,34.18,mg/kg,Nickel,,
LEEDS_2d1b59b972a8,Heavy Metals,P2O5,Cottingley Community Orchard,,,,,0.36,w%,Phosphorus,,
LEEDS_2d1b59b972a8,Heavy Metals,Pb,Cottingley Community Orchard,,,,,123.0,mg/kg,Lead,,
LEEDS_2d1b59b972a8,Heavy Metals,Se,Cottingley Community Orchard,,,,,1.01,mg/kg,Selenium,,
LEEDS_2d1b59b972a8,Heavy Metals,Zr,Cottingley Community Orchard,,,,,212.04,mg/kg,Zirconium,,
LEEDS_2d1b59b972a8,Land Cover,,Cottingley Community Orchard,,,,Suburban,,,,,
LEEDS_2d1b59b972a8,Soil Parent,,Cottingley Community Orchard,ARGILLIC - ARENACEOUS,"A layered subsoil of clay, silt and sand.",MEDIUM TO HEAVY,,,,,,
LEEDS_2da8d85a2b03,Heavy Metals,As,Scarcroft Allotments,,,,,7.18,mg/kg,Arsenic,,
LEEDS_2da8d85a2b03,Heavy Metals,Cd,Scarcroft Allotments,,,,,0.32,mg/kg,Cadmium,,
LEEDS_2da8d85a2b03,Heavy Metals,Cu,Scarcroft Allotments,,,,,14.99,mg/kg,Copper,,
LEEDS_2da8d85a2b03,Heavy Metals,Ni,Scarcroft Allotments,,,,,35.39,mg/kg,Nickel,,
LEEDS_2da8d85a2b03,Heavy Metals,P2O5,Scarcroft Allotments,,,,,0.18,w%,Phosphorus,,
LEEDS_2da8d85a2b03,Heavy Metals,Pb,Scarcroft Allotments,,,,,47.44,mg/kg,Lead,,
LEEDS_2da8d85a2b03,Heavy Metals,Se,Scarcroft Allotments,,,,,0.58,mg/kg,Selenium,,
LEEDS_2da8d85a2b03,Heavy Metals,Zr,Scarcroft Allotments,,,,,207.99,mg/kg,Zirconium,,
LEEDS_2da8d85a2b03,Land Cover,,Scarcroft Allotments,,,,Improve grassland | Suburban,,,,,
LEEDS_2da8d85a2b03,Soil Parent,,Scarcroft Allotments,ARGILLIC - ARENACEOUS,"A layered subsoil of clay, silt and sand.",LIGHT(SILTY) TO MEDIUM(SILTY) TO HEAVY,,,,,,
LEEDS_2da8d85a2b03,Soil SOM,,Scarcroft Allotments,,,,,,,,,10.21
LEEDS_2da8d85a2b03,Soil pH,,Scarcroft Allotments,,,,,,,,6.07,
LEEDS_2f0822a6ee78,Heavy Metals,As,Roxby Close,,,,,23.0,mg/kg,Arsenic,,
LEEDS_2f0822a6ee78,Heavy Metals,Cd,Roxby Close,,,,,0.39,mg/kg,Cadmium,,
LEEDS_2f0822a6ee78,Heavy Metals,Cu,Roxby Close,,,,,41.71,mg/kg,Copper,,
LEEDS_2f0822a6ee78,Heavy Metals,Ni,Roxby Close,,,,,24.8,mg/kg,Nickel,,
LEEDS_2f0822a6ee78,Heavy Metals,P2O5,Roxby Close,,,,,0.28,w%,Phosphorus,,
LEEDS_2f0822a6ee78,Heavy Metals,Pb,Roxby Close,,,,,93.41,mg/kg,Lead,,
LEEDS_2f0822a6ee78,Heavy Metals,Se,Roxby Close,,,,,0.87,mg/kg,Selenium,,
LEEDS_2f0822a6ee78,Heavy Metals,Zr,Roxby Close,,,,,256.37,mg/kg,Zirconium,,
LEEDS_2f0822a6ee78,Land Cover,,Roxby Close,,,,Suburban,,,,,
LEEDS_2f0822a6ee78,Soil Parent,,Roxby Close,ARGILLIC - ARENACEOUS,"A layered subsoil of clay, silt and sand.",MEDIUM TO HEAVY,,,,,,
LEEDS_3099abe3bf06,Heavy Metals,As,Volunteer Action Day Hunslet Cemetery,,,,,24.82,mg/kg,Arsenic,,
LEEDS_3099abe3bf06,Heavy Metals,Cd,Volunteer Action Day Hunslet Cemetery,,,,,0.52,mg/kg,Cadmium,,
LEEDS_3099abe3bf06,Heavy Metals,Cu,Volunteer Action Day Hunslet Cemetery,,,,,49.1,mg/kg,Copper,,
LEEDS_3099abe3bf06,Heavy Metals,Ni,Volunteer Action Day Hunslet Cemetery,,,,,24.62,mg/kg,Nickel,,
LEEDS_3099abe3bf06,Heavy Metals,P2O5,Volunteer Action Day Hunslet Cemetery,,,,,0.33,w%,Phosphorus,,
LEEDS_3099abe3bf06,Heavy Metals,Pb,Volunteer Action Day Hunslet Cemetery,,,,,110.43,mg/kg,Lead,,
LEEDS_3099abe3bf06,Heavy Metals,Se,Volunteer Action Day Hunslet Cemetery,,,,,1.02,mg/kg,Selenium,,
LEEDS_3099abe3bf06,Heavy Metals,Zr,Volunteer Action Day Hunslet Cemetery,,,,,254.6,mg/kg,Zirconium,,
LEEDS_3099abe3bf06,Land Cover,,Volunteer Action Day Hunslet Cemetery,,,,Deciduous woodland,,,,,
LEEDS_3099abe3bf06,Soil Parent,,Volunteer Action Day Hunslet Cemetery,ARENACEOUS,A sand-rich subsoil.,MEDIUM TO HEAVY,,,,,,
LEEDS_30fef7c56788,Heavy Metals,As,Parkside Road Meanwood,,,,,16.89,mg/kg,Arsenic,,
LEEDS_30fef7c56788,Heavy Metals,Cd,Parkside Road Meanwood,,,,,0.52,mg/kg,Cadmium,,
LEEDS_30fef7c56788,Heavy Metals,Cu,Parkside Road Meanwood,,,,,31.61,mg/kg,Copper,,
LEEDS_30fef7c56788,Heavy Metals,Ni,Parkside Road Meanwood,,,,,25.76,mg/kg,Nickel,,
LEEDS_30fef7c56788,Heavy Metals,P2O5,Parkside Road Meanwood,,,,,0.28,w%,Phosphorus,,
LEEDS_30fef7c56788,Heavy Metals,Pb,Parkside Road Meanwood,,,,,86.23,mg/kg,Lead,,
LEEDS_30fef7c56788,Heavy Metals,Se,Parkside Road Meanwood,,,,,0.8,mg/kg,Selenium,,
LEEDS_30fef7c56788,Heavy Metals,Zr,Parkside Road Meanwood,,,,,256.3,mg/kg,Zirconium,,
LEEDS_30fef7c56788,Land Cover,,Parkside Road Meanwood,,,,Suburban,,,,,
LEEDS_30fef7c56788,Soil Parent,,Parkside Road Meanwood,ARENACEOUS,A sand-rich subsoil.,LIGHT(SANDY) TO MEDIUM(SANDY),,,,,,
LEEDS_30fef7c56788,Soil SOM,,Parkside Road Meanwood,,,,,,,,,16.16
LEEDS_30fef7c56788,Soil pH,,Parkside Road Meanwood,,,,,,,,5.5,
LEEDS_324cbcf936fa,Heavy Metals,As,Rothwell Woodrow Allotments,,,,,19.61,mg/kg,Arsenic,,
LEEDS_324cbcf936fa,Heavy Metals,Cd,Rothwell Woodrow Allotments,,,,,0.7,mg/kg,Cadmium,,
LEEDS_324cbcf936fa,Heavy Metals,Cu,Rothwell Woodrow Allotments,,,,,47.12,mg/kg,Copper,,
LEEDS_324cbcf936fa,Heavy Metals,Ni,Rothwell Woodrow Allotments,,,,,23.57,mg/kg,Nickel,,
LEEDS_324cbcf936fa,Heavy Metals,P2O5,Rothwell Woodrow Allotments,,,,,0.23,w%,Phosphorus,,
LEEDS_324cbcf936fa,Heavy Metals,Pb,Rothwell Woodrow Allotments,,,,,74.29,mg/kg,Lead,,
LEEDS_324cbcf936fa,Heavy Metals,Se,Rothwell Woodrow Allotments,,,,,0.99,mg/kg,Selenium,,
LEEDS_324cbcf936fa,Heavy Metals,Zr,Rothwell Woodrow Allotments,,,,,245.72,mg/kg,Zirconium,,
LEEDS_324cbcf936fa,Land Cover,,Rothwell Woodrow Allotments,,,,Suburban,,,,,
LEEDS_324cbcf936fa,Soil Parent,,Rothwell Woodrow Allotments,ARENACEOUS - RUDACEOUS,A layered subsoil of sand and gravel.,LIGHT(SILTY) TO MEDIUM(SILTY),,,,,,
LEEDS_324cbcf936fa,Soil SOM,,Rothwell Woodrow Allotments,,,,,,,,,4.64
LEEDS_324cbcf936fa,Soil pH,,Rothwell Woodrow Allotments,,,,,,,,7.05,
LEEDS_3297947fccbb,Heavy Metals,As,Queens Park,,,,,36.31,mg/kg,Arsenic,,
LEEDS_3297947fccbb,Heavy Metals,Cd,Queens Park,,,,,0.43,mg/kg,Cadmium,,
LEEDS_3297947fccbb,Heavy Metals,Cu,Queens Park,,,,,36.44,mg/kg,Copper,,
LEEDS_3297947fccbb,Heavy Metals,Ni,Queens Park,,,,,28.3,mg/kg,Nickel,,
LEEDS_3297947fccbb,Heavy Metals,P2O5,Queens Park,,,,,0.32,w%,Phosphorus,,
LEEDS_3297947fccbb,Heavy Metals,Pb,Queens Park,,,,,85.68,mg/kg,Lead,,
LEEDS_3297947fccbb,Heavy Metals,Se,Queens Park,,,,,1.08,mg/kg,Selenium,,
LEEDS_3297947fccbb,Heavy Metals,Zr,Queens Park,,,,,304.07,mg/kg,Zirconium,,
LEEDS_3297947fccbb,Land Cover,,Queens Park,,,,Urban,,,,,
LEEDS_3297947fccbb,Soil Parent,,Queens Park,ARENACEOUS,A sand-rich subsoil.,LIGHT(SILTY) TO MEDIUM(SILTY),,,,,,
LEEDS_33a51d1408b7,,,Incredible Edible Raised Beds,,,,,,,,,
LEEDS_3477cca6bd90,Heavy Metals,As,Ring Road Lower Wortley Allotments,,,,,24.78,mg/kg,Arsenic,,
LEEDS_3477cca6bd90,Heavy Metals,Cd,Ring Road Lower Wortley Allotments,,,,,0.53,mg/kg,Cadmium,,
LEEDS_3477cca6bd90,Heavy Metals,Cu,Ring Road Lower Wortley Allotments,,,,,42.3,mg/kg,Copper,,
LEEDS_3477cca6bd90,Heavy Metals,Ni,Ring Road Lower Wortley Allotments,,,,,21.01,mg/kg,Nickel,,
LEEDS_3477cca6bd90,Heavy Metals,P2O5,Ring Road Lower Wortley Allotments,,,,,0.33,w%,Phosphorus,,
LEEDS_3477cca6bd90,Heavy Metals,Pb,Ring Road Lower Wortley Allotments,,,,,95.33,mg/kg,Lead,,
LEEDS_3477cca6bd90,Heavy Metals,Se,Ring Road Lower Wortley Allotments,,,,,1.07,mg/kg,Selenium,,
LEEDS_3477cca6bd90,Heavy Metals,Zr,Ring Road Lower Wortley Allotments,,,,,285.45,mg/kg,Zirconium,,
LEEDS_3477cca6bd90,Land Cover,,Ring Road Lower Wortley Allotments,,,,Deciduous woodland | Suburban | Urban,,,,,
LEEDS_3477cca6bd90,Soil Parent,,Ring Road Lower Wortley Allotments,ARGILLIC - ARENACEOUS,"A layered subsoil of clay, silt and sand.",MEDIUM TO HEAVY,,,,,,
LEEDS_35f17f1d91b0,Heavy Metals,As,Incredible Edible Raised Beds,,,,,18.93,mg/kg,Arsenic,,
LEEDS_35f17f1d91b0,Heavy Metals,Cd,Incredible Edible Raised Beds,,,,,0.57,mg/kg,Cadmium,,
LEEDS_35f17f1d91b0,Heavy Metals,Cu,Incredible Edible Raised Beds,,,,,36.73,mg/kg,Copper,,
LEEDS_35f17f1d91b0,Heavy Metals,Ni,Incredible Edible Raised Beds,,,,,23.06,mg/kg,Nickel,,
LEEDS_35f17f1d91b0,Heavy Metals,P2O5,Incredible Edible Raised Beds,,,,,0.29,w%,Phosphorus,,
LEEDS_35f17f1d91b0,Heavy Metals,Pb,Incredible Edible Raised Beds,,,,,97.09,mg/kg,Lead,,
LEEDS_35f17f1d91b0,Heavy Metals,Se,Incredible Edible Raised Beds,,,,,0.9,mg/kg,Selenium,,
LEEDS_35f17f1d91b0,Heavy Metals,Zr,Incredible Edible Raised Beds,,,,,257.35,mg/kg,Zirconium,,
LEEDS_35f17f1d91b0,Land Cover,,Incredible Edible Raised Beds,,,,Suburban,,,,,
LEEDS_35f17f1d91b0,Soil Parent,,Incredible Edible Raised Beds,MIXED (ARGILLIC-RUDACEOUS),"A variable clay, silt, and sand subsoil.",MEDIUM TO LIGHT(SILTY) TO HEAVY,,,,,,
LEEDS_3636e2aca622,Heavy Metals,As,Preston View Allotments,,,,,13.62,mg/kg,Arsenic,,
LEEDS_3636e2aca622,Heavy Metals,Cd,Preston View Allotments,,,,,0.48,mg/kg,Cadmium,,
LEEDS_3636e2aca622,Heavy Metals,Cu,Preston View Allotments,,,,,27.99,mg/kg,Copper,,
LEEDS_3636e2aca622,Heavy Metals,Ni,Preston View Allotments,,,,,21.49,mg/kg,Nickel,,
LEEDS_3636e2aca622,Heavy Metals,P2O5,Preston View Allotments,,,,,0.21,w%,Phosphorus,,
LEEDS_3636e2aca622,Heavy Metals,Pb,Preston View Allotments,,,,,54.32,mg/kg,Lead,,
LEEDS_3636e2aca622,Heavy Metals,Se,Preston View Allotments,,,,,0.9,mg/kg,Selenium,,
LEEDS_3636e2aca622,Heavy Metals,Zr,Preston View Allotments,,,,,301.72,mg/kg,Zirconium,,
LEEDS_3636e2aca622,Land Cover,,Preston View Allotments,,,,Suburban | Improve grassland,,,,,
LEEDS_3636e2aca622,Soil Parent,,Preston View Allotments,ARGILLIC - ARENACEOUS,"A layered subsoil of clay, silt and sand.",HEAVY TO MEDIUM,,,,,,
LEEDS_3688cac00332,Heavy Metals,As,Woodlea Primrose Lane Allotments,,,,,13.7,mg/kg,Arsenic,,
LEEDS_3688cac00332,Heavy Metals,Cd,Woodlea Primrose Lane Allotments,,,,,0.69,mg/kg,Cadmium,,
LEEDS_3688cac00332,Heavy Metals,Cu,Woodlea Primrose Lane Allotments,,,,,19.67,mg/kg,Copper,,
LEEDS_3688cac00332,Heavy Metals,Ni,Woodlea Primrose Lane Allotments,,,,,22.01,mg/kg,Nickel,,
LEEDS_3688cac00332,Heavy Metals,P2O5,Woodlea Primrose Lane Allotments,,,,,0.21,w%,Phosphorus,,
LEEDS_3688cac00332,Heavy Metals,Pb,Woodlea Primrose Lane Allotments,,,,,74.71,mg/kg,Lead,,
LEEDS_3688cac00332,Heavy Metals,Se,Woodlea Primrose Lane Allotments,,,,,0.52,mg/kg,Selenium,,
LEEDS_3688cac00332,Heavy Metals,Zr,Woodlea Primrose Lane Allotments,,,,,279.73,mg/kg,Zirconium,,
LEEDS_3688cac00332,Land Cover,,Woodlea Primrose Lane Allotments,,,,Suburban,,,,,
LEEDS_3688cac00332,Soil Parent,,Woodlea Primrose Lane Allotments,ARGILLIC - ARENACEOUS,"A layered subsoil of clay, silt and sand.",LIGHT(SILTY) TO MEDIUM(SILTY),,,,,,
LEEDS_36d402d3b92d,Heavy Metals,As,Bramley St Peters,,,,,23.45,mg/kg,Arsenic,,
LEEDS_36d402d3b92d,Heavy Metals,Cd,Bramley St Peters,,,,,0.43,mg/kg,Cadmium,,
LEEDS_36d402d3b92d,Heavy Metals,Cu,Bramley St Peters,,,,,42.05,mg/kg,Copper,,
LEEDS_36d402d3b92d,Heavy Metals,Ni,Bramley St Peters,,,,,28.71,mg/kg,Nickel,,
LEEDS_36d402d3b92d,Heavy Metals,P2O5,Bramley St Peters,,,,,0.29,w%,Phosphorus,,
LEEDS_36d402d3b92d,Heavy Metals,Pb,Bramley St Peters,,,,,98.66,mg/kg,Lead,,
LEEDS_36d402d3b92d,Heavy Metals,Se,Bramley St Peters,,,,,1.06,mg/kg,Selenium,,
LEEDS_36d402d3b92d,Heavy Metals,Zr,Bramley St Peters,,,,,336.51,mg/kg,Zirconium,,
LEEDS_36d402d3b92d,Land Cover,,Bramley St Peters,,,,Suburban,,,,,
LEEDS_36d402d3b92d,Soil Parent,,Bramley St Peters,ARGILLIC - ARENACEOUS,"A layered subsoil of clay, silt and sand.",MEDIUM TO HEAVY,,,,,,
LEEDS_371eeb6b91b7,Heavy Metals,As,Beecroft Street Community Orchard,,,,,24.07,mg/kg,Arsenic,,
LEEDS_371eeb6b91b7,Heavy Metals,Cd,Beecroft Street Community Orchard,,,,,0.54,mg/kg,Cadmium,,
LEEDS_371eeb6b91b7,Heavy Metals,Cu,Beecroft Street Community Orchard,,,,,37.28,mg/kg,Copper,,
LEEDS_371eeb6b91b7,Heavy Metals,Ni,Beecroft Street Community Orchard,,,,,34.03,mg/kg,Nickel,,
LEEDS_371eeb6b91b7,Heavy Metals,P2O5,Beecroft Street Community Orchard,,,,,0.34,w%,Phosphorus,,
LEEDS_371eeb6b91b7,Heavy Metals,Pb,Beecroft Street Community Orchard,,,,,86.16,mg/kg,Lead,,
LEEDS_371eeb6b91b7,Heavy Metals,Se,Beecroft Street Community Orchard,,,,,1.02,mg/kg,Selenium,,
LEEDS_371eeb6b91b7,Heavy Metals,Zr,Beecroft Street Community Orchard,,,,,286.21,mg/kg,Zirconium,,
LEEDS_371eeb6b91b7,Land Cover,,Beecroft Street Community Orchard,,,,Suburban,,,,,
LEEDS_371eeb6b91b7,Soil Parent,,Beecroft Street Community Orchard,ARGILLIC - ARENACEOUS,"A layered subsoil of clay, silt and sand.",ALL,,,,,,
LEEDS_373712ba5d39,Heavy Metals,As,Bandstand Community Gardens,,,,,20.2,mg/kg,Arsenic,,
LEEDS_373712ba5d39,Heavy Metals,Cd,Bandstand Community Gardens,,,,,0.4,mg/kg,Cadmium,,
LEEDS_373712ba5d39,Heavy Metals,Cu,Bandstand Community Gardens,,,,,33.36,mg/kg,Copper,,
LEEDS_373712ba5d39,Heavy Metals,Ni,Bandstand Community Gardens,,,,,27.63,mg/kg,Nickel,,
LEEDS_373712ba5d39,Heavy Metals,P2O5,Bandstand Community Gardens,,,,,0.28,w%,Phosphorus,,
LEEDS_373712ba5d39,Heavy Metals,Pb,Bandstand Community Gardens,,,,,93.3,mg/kg,Lead,,
LEEDS_373712ba5d39,Heavy Metals,Se,Bandstand Community Gardens,,,,,0.87,mg/kg,Selenium,,
LEEDS_373712ba5d39,Heavy Metals,Zr,Bandstand Community Gardens,,,,,293.07,mg/kg,Zirconium,,
LEEDS_373712ba5d39,Land Cover,,Bandstand Community Gardens,,,,Deciduous woodland | Suburban,,,,,
LEEDS_373712ba5d39,Soil Parent,,Bandstand Community Gardens,ARGILLIC - ARENACEOUS,"A layered subsoil of clay, silt and sand.",MEDIUM TO HEAVY,,,,,,
LEEDS_374c48c8b06d,Heavy Metals,As,Broadlea,,,,,24.9,mg/kg,Arsenic,,
LEEDS_374c48c8b06d,Heavy Metals,Cd,Broadlea,,,,,0.46,mg/kg,Cadmium,,
LEEDS_374c48c8b06d,Heavy Metals,Cu,Broadlea,,,,,43.17,mg/kg,Copper,,
LEEDS_374c48c8b06d,Heavy Metals,Ni,Broadlea,,,,,31.36,mg/kg,Nickel,,
LEEDS_374c48c8b06d,Heavy Metals,P2O5,Broadlea,,,,,0.3,w%,Phosphorus,,
LEEDS_374c48c8b06d,Heavy Metals,Pb,Broadlea,,,,,94.6,mg/kg,Lead,,
LEEDS_374c48c8b06d,Heavy Metals,Se,Broadlea,,,,,1.09,mg/kg,Selenium,,
LEEDS_374c48c8b06d,Heavy Metals,Zr,Broadlea,,,,,319.62,mg/kg,Zirconium,,
LEEDS_374c48c8b06d,Land Cover,,Broadlea,,,,Suburban,,,,,
LEEDS_374c48c8b06d,Soil Parent,,Broadlea,MIXED (ARGILLIC-RUDACEOUS),"A variable clay, silt, and sand subsoil.",MEDIUM TO LIGHT(SILTY) TO HEAVY,,,,,,
LEEDS_37c0c637c24a,Heavy Metals,As,*Name Unavailable,,,,,8.2,mg/kg,Arsenic,,
LEEDS_37c0c637c24a,Heavy Metals,Cd,*Name Unavailable,,,,,0.56,mg/kg,Cadmium,,
LEEDS_37c0c637c24a,Heavy Metals,Cu,*Name Unavailable,,,,,14.62,mg/kg,Copper,,
LEEDS_37c0c637c24a,Heavy Metals,Ni,*Name Unavailable,,,,,14.75,mg/kg,Nickel,,
LEEDS_37c0c637c24a,Heavy Metals,P2O5,*Name Unavailable,,,,,0.22,w%,Phosphorus,,
LEEDS_37c0c637c24a,Heavy Metals,Pb,*Name Unavailable,,,,,62.07,mg/kg,Lead,,
LEEDS_37c0c637c24a,Heavy Metals,Se,*Name Unavailable,,,,,0.36,mg/kg,Selenium,,
LEEDS_37c0c637c24a,Heavy Metals,Zr,*Name Unavailable,,,,,332.49,mg/kg,Zirconium,,
LEEDS_37c0c637c24a,Land Cover,,*Name Unavailable,,,,Suburban,,,,,
LEEDS_37c0c637c24a,Soil Parent,,*Name Unavailable,ARENACEOUS - RUDACEOUS,A layered subsoil of sand and gravel.,LIGHT(SANDY) TO MEDIUM(SANDY),,,,,,
LEEDS_3904b839159c,Heavy Metals,As,Lastingham Road Allotments,,,,,21.71,mg/kg,Arsenic,,
LEEDS_3904b839159c,Heavy Metals,Cd,Lastingham Road Allotments,,,,,0.45,mg/kg,Cadmium,,
LEEDS_3904b839159c,Heavy Metals,Cu,Lastingham Road Allotments,,,,,48.14,mg/kg,Copper,,
LEEDS_3904b839159c,Heavy Metals,Ni,Lastingham Road Allotments,,,,,29.43,mg/kg,Nickel,,
LEEDS_3904b839159c,Heavy Metals,P2O5,Lastingham Road Allotments,,,,,0.29,w%,Phosphorus,,
LEEDS_3904b839159c,Heavy Metals,Pb,Lastingham Road Allotments,,,,,93.72,mg/kg,Lead,,
LEEDS_3904b839159c,Heavy Metals,Se,Lastingham Road Allotments,,,,,0.93,mg/kg,Selenium,,
LEEDS_3904b839159c,Heavy Metals,Zr,Lastingham Road Allotments,,,,,322.6,mg/kg,Zirconium,,
LEEDS_3904b839159c,Land Cover,,Lastingham Road Allotments,,,,Deciduous woodland | Suburban,,,,,
LEEDS_3904b839159c,Soil Parent,,Lastingham Road Allotments,ARENACEOUS - RUDACEOUS,A layered subsoil of sand and gravel.,LIGHT(SANDY) TO MEDIUM(SANDY),,,,,,
LEEDS_3904b839159c,Soil SOM,,Lastingham Road Allotments,,,,,,,,,8.9
LEEDS_3904b839159c,Soil pH,,Lastingham Road Allotments,,,,,,,,6.31,
LEEDS_393d6dfd17dc,Heavy Metals,As,Gallows Hill Allotments | White Bridge Allotments,,,,,12.9,mg/kg,Arsenic,,
LEEDS_393d6dfd17dc,Heavy Metals,Cd,Gallows Hill Allotments | White Bridge Allotments,,,,,0.81,mg/kg,Cadmium,,
LEEDS_393d6dfd17dc,Heavy Metals,Cu,Gallows Hill Allotments | White Bridge Allotments,,,,,28.84,mg/kg,Copper,,
LEEDS_393d6dfd17dc,Heavy Metals,Ni,Gallows Hill Allotments | White Bridge Allotments,,,,,27.17,mg/kg,Nickel,,
LEEDS_393d6dfd17dc,Heavy Metals,P2O5,Gallows Hill Allotments | White Bridge Allotments,,,,,0.31,w%,Phosphorus,,
LEEDS_393d6dfd17dc,Heavy Metals,Pb,Gallows Hill Allotments | White Bridge Allotments,,,,,98.91,mg/kg,Lead,,
LEEDS_393d6dfd17dc,Heavy Metals,Se,Gallows Hill Allotments | White Bridge Allotments,,,,,1.25,mg/kg,Selenium,,
LEEDS_393d6dfd17dc,Heavy Metals,Zr,Gallows Hill Allotments | White Bridge Allotments,,,,,258.82,mg/kg,Zirconium,,
LEEDS_393d6dfd17dc,Land Cover,,Gallows Hill Allotments | White Bridge Allotments,,,,Improve grassland,,,,,
LEEDS_393d6dfd17dc,Soil Parent,,Gallows Hill Allotments | White Bridge Allotments,MIXED (ARGILLIC-RUDACEOUS),"A variable clay, silt, and sand subsoil.",MEDIUM TO LIGHT(SILTY) TO HEAVY,,,,,,
LEEDS_39706f5f2cf6,Heavy Metals,As,*Name Unavailable,,,,,19.84,mg/kg,Arsenic,,
LEEDS_39706f5f2cf6,Heavy Metals,Cd,*Name Unavailable,,,,,0.4,mg/kg,Cadmium,,
LEEDS_39706f5f2cf6,Heavy Metals,Cu,*Name Unavailable,,,,,33.71,mg/kg,Copper,,
LEEDS_39706f5f2cf6,Heavy Metals,Ni,*Name Unavailable,,,,,28.12,mg/kg,Nickel,,
LEEDS_39706f5f2cf6,Heavy Metals,P2O5,*Name Unavailable,,,,,0.28,w%,Phosphorus,,
LEEDS_39706f5f2cf6,Heavy Metals,Pb,*Name Unavailable,,,,,92.55,mg/kg,Lead,,
LEEDS_39706f5f2cf6,Heavy Metals,Se,*Name Unavailable,,,,,0.83,mg/kg,Selenium,,
LEEDS_39706f5f2cf6,Heavy Metals,Zr,*Name Unavailable,,,,,273.9,mg/kg,Zirconium,,
LEEDS_39706f5f2cf6,Land Cover,,*Name Unavailable,,,,Suburban,,,,,
LEEDS_39706f5f2cf6,Soil Parent,,*Name Unavailable,ARENACEOUS,A sand-rich subsoil.,LIGHT(SILTY) TO MEDIUM(SILTY),,,,,,
LEEDS_3a5474010004,Heavy Metals,As,Incredible Edible Raised Beds,,,,,26.75,mg/kg,Arsenic,,
LEEDS_3a5474010004,Heavy Metals,Cd,Incredible Edible Raised Beds,,,,,0.49,mg/kg,Cadmium,,
LEEDS_3a5474010004,Heavy Metals,Cu,Incredible Edible Raised Beds,,,,,55.81,mg/kg,Copper,,
LEEDS_3a5474010004,Heavy Metals,Ni,Incredible Edible Raised Beds,,,,,32.75,mg/kg,Nickel,,
LEEDS_3a5474010004,Heavy Metals,P2O5,Incredible Edible Raised Beds,,,,,0.35,w%,Phosphorus,,
LEEDS_3a5474010004,Heavy Metals,Pb,Incredible Edible Raised Beds,,,,,86.64,mg/kg,Lead,,
LEEDS_3a5474010004,Heavy Metals,Se,Incredible Edible Raised Beds,,,,,0.9,mg/kg,Selenium,,
LEEDS_3a5474010004,Heavy Metals,Zr,Incredible Edible Raised Beds,,,,,271.77,mg/kg,Zirconium,,
LEEDS_3a5474010004,Land Cover,,Incredible Edible Raised Beds,,,,Urban,,,,,
LEEDS_3a5474010004,Soil Parent,,Incredible Edible Raised Beds,ARENACEOUS,A sand-rich subsoil.,MEDIUM TO HEAVY,,,,,,
LEEDS_3a90b2a3128c,Heavy Metals,As,Woodhouse Moor Allotments Gardens,,,,,27.83,mg/kg,Arsenic,,
LEEDS_3a90b2a3128c,Heavy Metals,Cd,Woodhouse Moor Allotments Gardens,,,,,0.47,mg/kg,Cadmium,,
LEEDS_3a90b2a3128c,Heavy Metals,Cu,Woodhouse Moor Allotments Gardens,,,,,57.88,mg/kg,Copper,,
LEEDS_3a90b2a3128c,Heavy Metals,Ni,Woodhouse Moor Allotments Gardens,,,,,32.88,mg/kg,Nickel,,
LEEDS_3a90b2a3128c,Heavy Metals,P2O5,Woodhouse Moor Allotments Gardens,,,,,0.3,w%,Phosphorus,,
LEEDS_3a90b2a3128c,Heavy Metals,Pb,Woodhouse Moor Allotments Gardens,,,,,112.02,mg/kg,Lead,,
LEEDS_3a90b2a3128c,Heavy Metals,Se,Woodhouse Moor Allotments Gardens,,,,,0.96,mg/kg,Selenium,,
LEEDS_3a90b2a3128c,Heavy Metals,Zr,Woodhouse Moor Allotments Gardens,,,,,268.97,mg/kg,Zirconium,,
LEEDS_3a90b2a3128c,Land Cover,,Woodhouse Moor Allotments Gardens,,,,Suburban | Improve grassland | Deciduous woodland,,,,,
LEEDS_3a90b2a3128c,Soil Parent,,Woodhouse Moor Allotments Gardens,ARGILLIC - ARENACEOUS,"A layered subsoil of clay, silt and sand.",MEDIUM TO HEAVY,,,,,,
LEEDS_3ae6f5ba2383,Heavy Metals,As,Hill Top Moor Armley,,,,,24.97,mg/kg,Arsenic,,
LEEDS_3ae6f5ba2383,Heavy Metals,Cd,Hill Top Moor Armley,,,,,0.51,mg/kg,Cadmium,,
LEEDS_3ae6f5ba2383,Heavy Metals,Cu,Hill Top Moor Armley,,,,,45.33,mg/kg,Copper,,
LEEDS_3ae6f5ba2383,Heavy Metals,Ni,Hill Top Moor Armley,,,,,25.43,mg/kg,Nickel,,
LEEDS_3ae6f5ba2383,Heavy Metals,P2O5,Hill Top Moor Armley,,,,,0.32,w%,Phosphorus,,
LEEDS_3ae6f5ba2383,Heavy Metals,Pb,Hill Top Moor Armley,,,,,96.58,mg/kg,Lead,,
LEEDS_3ae6f5ba2383,Heavy Metals,Se,Hill Top Moor Armley,,,,,1.09,mg/kg,Selenium,,
LEEDS_3ae6f5ba2383,Heavy Metals,Zr,Hill Top Moor Armley,,,,,298.66,mg/kg,Zirconium,,
LEEDS_3ae6f5ba2383,Land Cover,,Hill Top Moor Armley,,,,Suburban,,,,,
LEEDS_3ae6f5ba2383,Soil Parent,,Hill Top Moor Armley,ARGILLIC - ARENACEOUS,"A layered subsoil of clay, silt and sand.",MEDIUM TO HEAVY,,,,,,
LEEDS_3af06bfe8a3d,Heavy Metals,As,Dewsbury Road Community Orchard,,,,,32.37,mg/kg,Arsenic,,
LEEDS_3af06bfe8a3d,Heavy Metals,Cd,Dewsbury Road Community Orchard,,,,,0.51,mg/kg,Cadmium,,
LEEDS_3af06bfe8a3d,Heavy Metals,Cu,Dewsbury Road Community Orchard,,,,,51.92,mg/kg,Copper,,
LEEDS_3af06bfe8a3d,Heavy Metals,Ni,Dewsbury Road Community Orchard,,,,,30.24,mg/kg,Nickel,,
LEEDS_3af06bfe8a3d,Heavy Metals,P2O5,Dewsbury Road Community Orchard,,,,,0.33,w%,Phosphorus,,
LEEDS_3af06bfe8a3d,Heavy Metals,Pb,Dewsbury Road Community Orchard,,,,,97.66,mg/kg,Lead,,
LEEDS_3af06bfe8a3d,Heavy Metals,Se,Dewsbury Road Community Orchard,,,,,1.0,mg/kg,Selenium,,
LEEDS_3af06bfe8a3d,Heavy Metals,Zr,Dewsbury Road Community Orchard,,,,,240.01,mg/kg,Zirconium,,
LEEDS_3af06bfe8a3d,Land Cover,,Dewsbury Road Community Orchard,,,,Urban,,,,,
LEEDS_3af06bfe8a3d,Soil Parent,,Dewsbury Road Community Orchard,ARENACEOUS - RUDACEOUS,A layered subsoil of sand and gravel.,LIGHT(SANDY) TO MEDIUM(SANDY),,,,,,
LEEDS_3b38614762cd,Heavy Metals,As,Chapel FM Arts Centre,,,,,13.09,mg/kg,Arsenic,,
LEEDS_3b38614762cd,Heavy Metals,Cd,Chapel FM Arts Centre,,,,,0.27,mg/kg,Cadmium,,
LEEDS_3b38614762cd,Heavy Metals,Cu,Chapel FM Arts Centre,,,,,25.81,mg/kg,Copper,,
LEEDS_3b38614762cd,Heavy Metals,Ni,Chapel FM Arts Centre,,,,,44.06,mg/kg,Nickel,,
LEEDS_3b38614762cd,Heavy Metals,P2O5,Chapel FM Arts Centre,,,,,0.19,w%,Phosphorus,,
LEEDS_3b38614762cd,Heavy Metals,Pb,Chapel FM Arts Centre,,,,,62.95,mg/kg,Lead,,
LEEDS_3b38614762cd,Heavy Metals,Se,Chapel FM Arts Centre,,,,,0.47,mg/kg,Selenium,,
LEEDS_3b38614762cd,Heavy Metals,Zr,Chapel FM Arts Centre,,,,,130.23,mg/kg,Zirconium,,
LEEDS_3b38614762cd,Land Cover,,Chapel FM Arts Centre,,,,Suburban,,,,,
LEEDS_3b38614762cd,Soil Parent,,Chapel FM Arts Centre,ARGILLIC - ARENACEOUS,"A layered subsoil of clay, silt and sand.",MEDIUM TO HEAVY,,,,,,
LEEDS_3ba169480700,Heavy Metals,As,Ings Lane Allotments,,,,,12.96,mg/kg,Arsenic,,
LEEDS_3ba169480700,Heavy Metals,Cd,Ings Lane Allotments,,,,,0.81,mg/kg,Cadmium,,
LEEDS_3ba169480700,Heavy Metals,Cu,Ings Lane Allotments,,,,,30.41,mg/kg,Copper,,
LEEDS_3ba169480700,Heavy Metals,Ni,Ings Lane Allotments,,,,,26.46,mg/kg,Nickel,,
LEEDS_3ba169480700,Heavy Metals,P2O5,Ings Lane Allotments,,,,,0.34,w%,Phosphorus,,
LEEDS_3ba169480700,Heavy Metals,Pb,Ings Lane Allotments,,,,,95.87,mg/kg,Lead,,
LEEDS_3ba169480700,Heavy Metals,Se,Ings Lane Allotments,,,,,1.24,mg/kg,Selenium,,
LEEDS_3ba169480700,Heavy Metals,Zr,Ings Lane Allotments,,,,,269.98,mg/kg,Zirconium,,
LEEDS_3ba169480700,Land Cover,,Ings Lane Allotments,,,,Suburban,,,,,
LEEDS_3ba169480700,Soil Parent,,Ings Lane Allotments,MIXED (ARGILLIC-RUDACEOUS) | ARGILLIC - ARENACEOUS,"A variable clay, silt, and sand subsoil. | A layered subsoil of clay, silt and sand.",MEDIUM TO LIGHT(SILTY) TO HEAVY | ALL,,,,,,
LEEDS_3ba169480700,Soil SOM,,Ings Lane Allotments,,,,,,,,,10.72
LEEDS_3ba169480700,Soil pH,,Ings Lane Allotments,,,,,,,,6.07,
LEEDS_3c54ad033822,Heavy Metals,As,Soldiers Field,,,,,18.19,mg/kg,Arsenic,,
LEEDS_3c54ad033822,Heavy Metals,Cd,Soldiers Field,,,,,0.38,mg/kg,Cadmium,,
LEEDS_3c54ad033822,Heavy Metals,Cu,Soldiers Field,,,,,22.42,mg/kg,Copper,,
LEEDS_3c54ad033822,Heavy Metals,Ni,Soldiers Field,,,,,20.36,mg/kg,Nickel,,
LEEDS_3c54ad033822,Heavy Metals,P2O5,Soldiers Field,,,,,0.24,w%,Phosphorus,,
LEEDS_3c54ad033822,Heavy Metals,Pb,Soldiers Field,,,,,80.58,mg/kg,Lead,,
LEEDS_3c54ad033822,Heavy Metals,Se,Soldiers Field,,,,,0.7,mg/kg,Selenium,,
LEEDS_3c54ad033822,Heavy Metals,Zr,Soldiers Field,,,,,244.98,mg/kg,Zirconium,,
LEEDS_3c54ad033822,Land Cover,,Soldiers Field,,,,Suburban,,,,,
LEEDS_3c54ad033822,Soil Parent,,Soldiers Field,ARENACEOUS,A sand-rich subsoil.,LIGHT(SILTY) TO MEDIUM(SILTY),,,,,,
LEEDS_3c54ad033822,Soil SOM,,Soldiers Field,,,,,,,,,10.21
LEEDS_3c54ad033822,Soil pH,,Soldiers Field,,,,,,,,6.07,
LEEDS_3c580b494ddb,Heavy Metals,As,Club Lane Allotments,,,,,23.03,mg/kg,Arsenic,,
LEEDS_3c580b494ddb,Heavy Metals,Cd,Club Lane Allotments,,,,,0.45,mg/kg,Cadmium,,
LEEDS_3c580b494ddb,Heavy Metals,Cu,Club Lane Allotments,,,,,48.21,mg/kg,Copper,,
LEEDS_3c580b494ddb,Heavy Metals,Ni,Club Lane Allotments,,,,,30.38,mg/kg,Nickel,,
LEEDS_3c580b494ddb,Heavy Metals,P2O5,Club Lane Allotments,,,,,0.29,w%,Phosphorus,,
LEEDS_3c580b494ddb,Heavy Metals,Pb,Club Lane Allotments,,,,,94.82,mg/kg,Lead,,
LEEDS_3c580b494ddb,Heavy Metals,Se,Club Lane Allotments,,,,,0.91,mg/kg,Selenium,,
LEEDS_3c580b494ddb,Heavy Metals,Zr,Club Lane Allotments,,,,,318.6,mg/kg,Zirconium,,
LEEDS_3c580b494ddb,Land Cover,,Club Lane Allotments,,,,Deciduous woodland,,,,,
LEEDS_3c580b494ddb,Soil Parent,,Club Lane Allotments,ARENACEOUS - RUDACEOUS,A layered subsoil of sand and gravel.,LIGHT(SANDY) TO MEDIUM(SANDY),,,,,,
LEEDS_3c580b494ddb,Soil SOM,,Club Lane Allotments,,,,,,,,,8.9
LEEDS_3c580b494ddb,Soil pH,,Club Lane Allotments,,,,,,,,6.31,
LEEDS_3ce02a3a8e6c,Heavy Metals,As,St Vincents Centre,,,,,23.02,mg/kg,Arsenic,,
LEEDS_3ce02a3a8e6c,Heavy Metals,Cd,St Vincents Centre,,,,,0.42,mg/kg,Cadmium,,
LEEDS_3ce02a3a8e6c,Heavy Metals,Cu,St Vincents Centre,,,,,48.59,mg/kg,Copper,,
LEEDS_3ce02a3a8e6c,Heavy Metals,Ni,St Vincents Centre,,,,,28.65,mg/kg,Nickel,,
LEEDS_3ce02a3a8e6c,Heavy Metals,P2O5,St Vincents Centre,,,,,0.29,w%,Phosphorus,,
LEEDS_3ce02a3a8e6c,Heavy Metals,Pb,St Vincents Centre,,,,,102.0,mg/kg,Lead,,
LEEDS_3ce02a3a8e6c,Heavy Metals,Se,St Vincents Centre,,,,,0.87,mg/kg,Selenium,,
LEEDS_3ce02a3a8e6c,Heavy Metals,Zr,St Vincents Centre,,,,,217.91,mg/kg,Zirconium,,
LEEDS_3ce02a3a8e6c,Land Cover,,St Vincents Centre,,,,Urban,,,,,
LEEDS_3ce02a3a8e6c,Soil Parent,,St Vincents Centre,ARGILLIC - ARENACEOUS,"A layered subsoil of clay, silt and sand.",MEDIUM TO HEAVY,,,,,,
LEEDS_3db90f07bbf8,Heavy Metals,As,Incredible Edible Raised Beds,,,,,17.63,mg/kg,Arsenic,,
LEEDS_3db90f07bbf8,Heavy Metals,Cd,Incredible Edible Raised Beds,,,,,0.48,mg/kg,Cadmium,,
LEEDS_3db90f07bbf8,Heavy Metals,Cu,Incredible Edible Raised Beds,,,,,20.26,mg/kg,Copper,,
LEEDS_3db90f07bbf8,Heavy Metals,Ni,Incredible Edible Raised Beds,,,,,28.52,mg/kg,Nickel,,
LEEDS_3db90f07bbf8,Heavy Metals,P2O5,Incredible Edible Raised Beds,,,,,0.21,w%,Phosphorus,,
LEEDS_3db90f07bbf8,Heavy Metals,Pb,Incredible Edible Raised Beds,,,,,55.81,mg/kg,Lead,,
LEEDS_3db90f07bbf8,Heavy Metals,Se,Incredible Edible Raised Beds,,,,,0.67,mg/kg,Selenium,,
LEEDS_3db90f07bbf8,Heavy Metals,Zr,Incredible Edible Raised Beds,,,,,320.39,mg/kg,Zirconium,,
LEEDS_3db90f07bbf8,Land Cover,,Incredible Edible Raised Beds,,,,Suburban,,,,,
LEEDS_3db90f07bbf8,Soil Parent,,Incredible Edible Raised Beds,ARGILLIC - ARENACEOUS,"A layered subsoil of clay, silt and sand.",MEDIUM TO HEAVY,,,,,,
LEEDS_3e7f01c96121,Heavy Metals,As,Burley Park Community Orchard,,,,,25.16,mg/kg,Arsenic,,
LEEDS_3e7f01c96121,Heavy Metals,Cd,Burley Park Community Orchard,,,,,0.42,mg/kg,Cadmium,,
LEEDS_3e7f01c96121,Heavy Metals,Cu,Burley Park Community Orchard,,,,,48.83,mg/kg,Copper,,
LEEDS_3e7f01c96121,Heavy Metals,Ni,Burley Park Community Orchard,,,,,29.86,mg/kg,Nickel,,
LEEDS_3e7f01c96121,Heavy Metals,P2O5,Burley Park Community Orchard,,,,,0.28,w%,Phosphorus,,
LEEDS_3e7f01c96121,Heavy Metals,Pb,Burley Park Community Orchard,,,,,97.24,mg/kg,Lead,,
LEEDS_3e7f01c96121,Heavy Metals,Se,Burley Park Community Orchard,,,,,0.97,mg/kg,Selenium,,
LEEDS_3e7f01c96121,Heavy Metals,Zr,Burley Park Community Orchard,,,,,258.15,mg/kg,Zirconium,,
LEEDS_3e7f01c96121,Land Cover,,Burley Park Community Orchard,,,,Suburban,,,,,
LEEDS_3e7f01c96121,Soil Parent,,Burley Park Community Orchard,ARGILLIC - ARENACEOUS,"A layered subsoil of clay, silt and sand.",ALL,,,,,,
LEEDS_3e99cf5d92c2,Heavy Metals,As,Laith Gardens Allotments,,,,,12.53,mg/kg,Arsenic,,
LEEDS_3e99cf5d92c2,Heavy Metals,Cd,Laith Gardens Allotments,,,,,0.69,mg/kg,Cadmium,,
LEEDS_3e99cf5d92c2,Heavy Metals,Cu,Laith Gardens Allotments,,,,,22.08,mg/kg,Copper,,
LEEDS_3e99cf5d92c2,Heavy Metals,Ni,Laith Gardens Allotments,,,,,17.74,mg/kg,Nickel,,
LEEDS_3e99cf5d92c2,Heavy Metals,P2O5,Laith Gardens Allotments,,,,,0.34,w%,Phosphorus,,
LEEDS_3e99cf5d92c2,Heavy Metals,Pb,Laith Gardens Allotments,,,,,73.28,mg/kg,Lead,,
LEEDS_3e99cf5d92c2,Heavy Metals,Se,Laith Gardens Allotments,,,,,0.68,mg/kg,Selenium,,
LEEDS_3e99cf5d92c2,Heavy Metals,Zr,Laith Gardens Allotments,,,,,293.33,mg/kg,Zirconium,,
LEEDS_3e99cf5d92c2,Land Cover,,Laith Gardens Allotments,,,,Suburban,,,,,
LEEDS_3e99cf5d92c2,Soil Parent,,Laith Gardens Allotments,MIXED (ARGILLIC-RUDACEOUS),"A variable clay, silt, and sand subsoil.",MEDIUM TO LIGHT(SILTY) TO HEAVY,,,,,,
LEEDS_3fc2a3386701,Heavy Metals,As,Nan,,,,,17.93,mg/kg,Arsenic,,
LEEDS_3fc2a3386701,Heavy Metals,Cd,Nan,,,,,0.52,mg/kg,Cadmium,,
LEEDS_3fc2a3386701,Heavy Metals,Cu,Nan,,,,,37.03,mg/kg,Copper,,
LEEDS_3fc2a3386701,Heavy Metals,Ni,Nan,,,,,25.88,mg/kg,Nickel,,
LEEDS_3fc2a3386701,Heavy Metals,P2O5,Nan,,,,,0.21,w%,Phosphorus,,
LEEDS_3fc2a3386701,Heavy Metals,Pb,Nan,,,,,80.67,mg/kg,Lead,,
LEEDS_3fc2a3386701,Heavy Metals,Se,Nan,,,,,0.81,mg/kg,Selenium,,
LEEDS_3fc2a3386701,Heavy Metals,Zr,Nan,,,,,278.27,mg/kg,Zirconium,,
LEEDS_3fc2a3386701,Land Cover,,Nan,,,,Suburban,,,,,
LEEDS_3fc2a3386701,Soil Parent,,Nan,ARENACEOUS - RUDACEOUS | ARGILLIC - ARENACEOUS,"A layered subsoil of sand and gravel. | A layered subsoil of clay, silt and sand.",LIGHT(SILTY) TO MEDIUM(SILTY) | HEAVY TO MEDIUM,,,,,,
LEEDS_3fc2a3386701,Soil SOM,,Nan,,,,,,,,,3.13
LEEDS_3fc2a3386701,Soil pH,,Nan,,,,,,,,7.05,
LEEDS_418f2347ac75,Heavy Metals,As,Berwick In Elmet Allotments,,,,,18.77,mg/kg,Arsenic,,
LEEDS_418f2347ac75,Heavy Metals,Cd,Berwick In Elmet Allotments,,,,,0.48,mg/kg,Cadmium,,
LEEDS_418f2347ac75,Heavy Metals,Cu,Berwick In Elmet Allotments,,,,,28.37,mg/kg,Copper,,
LEEDS_418f2347ac75,Heavy Metals,Ni,Berwick In Elmet Allotments,,,,,25.06,mg/kg,Nickel,,
LEEDS_418f2347ac75,Heavy Metals,P2O5,Berwick In Elmet Allotments,,,,,0.2,w%,Phosphorus,,
LEEDS_418f2347ac75,Heavy Metals,Pb,Berwick In Elmet Allotments,,,,,60.97,mg/kg,Lead,,
LEEDS_418f2347ac75,Heavy Metals,Se,Berwick In Elmet Allotments,,,,,0.51,mg/kg,Selenium,,
LEEDS_418f2347ac75,Heavy Metals,Zr,Berwick In Elmet Allotments,,,,,219.78,mg/kg,Zirconium,,
LEEDS_418f2347ac75,Land Cover,,Berwick In Elmet Allotments,,,,Improve grassland | Arable,,,,,
LEEDS_418f2347ac75,Soil Parent,,Berwick In Elmet Allotments,ARGILLIC - ARENACEOUS,"A layered subsoil of clay, silt and sand.",LIGHT(SILTY) TO MEDIUM(SILTY),,,,,,
LEEDS_418f2347ac75,Soil SOM,,Berwick In Elmet Allotments,,,,,,,,,3.13
LEEDS_418f2347ac75,Soil pH,,Berwick In Elmet Allotments,,,,,,,,7.7,
LEEDS_423710cef20f,Heavy Metals,As,"St Mary's Rooftop Garden, Chapeltown",,,,,16.95,mg/kg,Arsenic,,
LEEDS_423710cef20f,Heavy Metals,Cd,"St Mary's Rooftop Garden, Chapeltown",,,,,0.39,mg/kg,Cadmium,,
LEEDS_423710cef20f,Heavy Metals,Cu,"St Mary's Rooftop Garden, Chapeltown",,,,,25.83,mg/kg,Copper,,
LEEDS_423710cef20f,Heavy Metals,Ni,"St Mary's Rooftop Garden, Chapeltown",,,,,23.24,mg/kg,Nickel,,
LEEDS_423710cef20f,Heavy Metals,P2O5,"St Mary's Rooftop Garden, Chapeltown",,,,,0.28,w%,Phosphorus,,
LEEDS_423710cef20f,Heavy Metals,Pb,"St Mary's Rooftop Garden, Chapeltown",,,,,81.5,mg/kg,Lead,,
LEEDS_423710cef20f,Heavy Metals,Se,"St Mary's Rooftop Garden, Chapeltown",,,,,0.81,mg/kg,Selenium,,
LEEDS_423710cef20f,Heavy Metals,Zr,"St Mary's Rooftop Garden, Chapeltown",,,,,251.37,mg/kg,Zirconium,,
LEEDS_423710cef20f,Land Cover,,"St Mary's Rooftop Garden, Chapeltown",,,,Suburban,,,,,
LEEDS_423710cef20f,Soil Parent,,"St Mary's Rooftop Garden, Chapeltown",ARENACEOUS,A sand-rich subsoil.,LIGHT(SILTY) TO MEDIUM(SILTY),,,,,,
LEEDS_4238fc5f23f0,Heavy Metals,As,Incredible Edible Raised Beds,,,,,16.72,mg/kg,Arsenic,,
LEEDS_4238fc5f23f0,Heavy Metals,Cd,Incredible Edible Raised Beds,,,,,0.5,mg/kg,Cadmium,,
LEEDS_4238fc5f23f0,Heavy Metals,Cu,Incredible Edible Raised Beds,,,,,23.13,mg/kg,Copper,,
LEEDS_4238fc5f23f0,Heavy Metals,Ni,Incredible Edible Raised Beds,,,,,26.82,mg/kg,Nickel,,
LEEDS_4238fc5f23f0,Heavy Metals,P2O5,Incredible Edible Raised Beds,,,,,0.19,w%,Phosphorus,,
LEEDS_4238fc5f23f0,Heavy Metals,Pb,Incredible Edible Raised Beds,,,,,66.42,mg/kg,Lead,,
LEEDS_4238fc5f23f0,Heavy Metals,Se,Incredible Edible Raised Beds,,,,,0.65,mg/kg,Selenium,,
LEEDS_4238fc5f23f0,Heavy Metals,Zr,Incredible Edible Raised Beds,,,,,298.82,mg/kg,Zirconium,,
LEEDS_4238fc5f23f0,Land Cover,,Incredible Edible Raised Beds,,,,Suburban,,,,,
LEEDS_4238fc5f23f0,Soil Parent,,Incredible Edible Raised Beds,ARGILLIC - ARENACEOUS,"A layered subsoil of clay, silt and sand.",MEDIUM TO HEAVY,,,,,,
LEEDS_42d982125c92,Heavy Metals,As,Incredible Edible Raised Beds,,,,,13.03,mg/kg,Arsenic,,
LEEDS_42d982125c92,Heavy Metals,Cd,Incredible Edible Raised Beds,,,,,0.3,mg/kg,Cadmium,,
LEEDS_42d982125c92,Heavy Metals,Cu,Incredible Edible Raised Beds,,,,,22.1,mg/kg,Copper,,
LEEDS_42d982125c92,Heavy Metals,Ni,Incredible Edible Raised Beds,,,,,32.43,mg/kg,Nickel,,
LEEDS_42d982125c92,Heavy Metals,P2O5,Incredible Edible Raised Beds,,,,,0.21,w%,Phosphorus,,
LEEDS_42d982125c92,Heavy Metals,Pb,Incredible Edible Raised Beds,,,,,66.39,mg/kg,Lead,,
LEEDS_42d982125c92,Heavy Metals,Se,Incredible Edible Raised Beds,,,,,0.52,mg/kg,Selenium,,
LEEDS_42d982125c92,Heavy Metals,Zr,Incredible Edible Raised Beds,,,,,167.28,mg/kg,Zirconium,,
LEEDS_42d982125c92,Land Cover,,Incredible Edible Raised Beds,,,,Suburban,,,,,
LEEDS_42d982125c92,Soil Parent,,Incredible Edible Raised Beds,ARGILLIC - ARENACEOUS,"A layered subsoil of clay, silt and sand.",MEDIUM TO HEAVY,,,,,,
LEEDS_43e6d539c38e,Heavy Metals,As,Incredible Edible Raised Beds,,,,,20.27,mg/kg,Arsenic,,
LEEDS_43e6d539c38e,Heavy Metals,Cd,Incredible Edible Raised Beds,,,,,0.33,mg/kg,Cadmium,,
LEEDS_43e6d539c38e,Heavy Metals,Cu,Incredible Edible Raised Beds,,,,,33.88,mg/kg,Copper,,
LEEDS_43e6d539c38e,Heavy Metals,Ni,Incredible Edible Raised Beds,,,,,31.94,mg/kg,Nickel,,
LEEDS_43e6d539c38e,Heavy Metals,P2O5,Incredible Edible Raised Beds,,,,,0.23,w%,Phosphorus,,
LEEDS_43e6d539c38e,Heavy Metals,Pb,Incredible Edible Raised Beds,,,,,80.54,mg/kg,Lead,,
LEEDS_43e6d539c38e,Heavy Metals,Se,Incredible Edible Raised Beds,,,,,0.61,mg/kg,Selenium,,
LEEDS_43e6d539c38e,Heavy Metals,Zr,Incredible Edible Raised Beds,,,,,189.97,mg/kg,Zirconium,,
LEEDS_43e6d539c38e,Land Cover,,Incredible Edible Raised Beds,,,,Suburban,,,,,
LEEDS_43e6d539c38e,Soil Parent,,Incredible Edible Raised Beds,ARENACEOUS,A sand-rich subsoil.,LIGHT(SILTY) TO MEDIUM(SILTY),,,,,,
LEEDS_44202c732a12,Heavy Metals,As,Moorside Community Garden,,,,,23.96,mg/kg,Arsenic,,
LEEDS_44202c732a12,Heavy Metals,Cd,Moorside Community Garden,,,,,0.45,mg/kg,Cadmium,,
LEEDS_44202c732a12,Heavy Metals,Cu,Moorside Community Garden,,,,,42.22,mg/kg,Copper,,
LEEDS_44202c732a12,Heavy Metals,Ni,Moorside Community Garden,,,,,31.95,mg/kg,Nickel,,
LEEDS_44202c732a12,Heavy Metals,P2O5,Moorside Community Garden,,,,,0.3,w%,Phosphorus,,
LEEDS_44202c732a12,Heavy Metals,Pb,Moorside Community Garden,,,,,99.65,mg/kg,Lead,,
LEEDS_44202c732a12,Heavy Metals,Se,Moorside Community Garden,,,,,1.06,mg/kg,Selenium,,
LEEDS_44202c732a12,Heavy Metals,Zr,Moorside Community Garden,,,,,329.55,mg/kg,Zirconium,,
LEEDS_44202c732a12,Land Cover,,Moorside Community Garden,,,,Suburban,,,,,
LEEDS_44202c732a12,Soil Parent,,Moorside Community Garden,ARGILLIC - ARENACEOUS,"A layered subsoil of clay, silt and sand.",MEDIUM TO HEAVY,,,,,,
LEEDS_45021169cfe4,Heavy Metals,As,Incredible Edible Aireborough,,,,,18.93,mg/kg,Arsenic,,
LEEDS_45021169cfe4,Heavy Metals,Cd,Incredible Edible Aireborough,,,,,0.57,mg/kg,Cadmium,,
LEEDS_45021169cfe4,Heavy Metals,Cu,Incredible Edible Aireborough,,,,,36.73,mg/kg,Copper,,
LEEDS_45021169cfe4,Heavy Metals,Ni,Incredible Edible Aireborough,,,,,23.06,mg/kg,Nickel,,
LEEDS_45021169cfe4,Heavy Metals,P2O5,Incredible Edible Aireborough,,,,,0.29,w%,Phosphorus,,
LEEDS_45021169cfe4,Heavy Metals,Pb,Incredible Edible Aireborough,,,,,97.09,mg/kg,Lead,,
LEEDS_45021169cfe4,Heavy Metals,Se,Incredible Edible Aireborough,,,,,0.9,mg/kg,Selenium,,
LEEDS_45021169cfe4,Heavy Metals,Zr,Incredible Edible Aireborough,,,,,257.35,mg/kg,Zirconium,,
LEEDS_45021169cfe4,Land Cover,,Incredible Edible Aireborough,,,,Suburban,,,,,
LEEDS_45021169cfe4,Soil Parent,,Incredible Edible Aireborough,MIXED (ARGILLIC-RUDACEOUS),"A variable clay, silt, and sand subsoil.",MEDIUM TO LIGHT(SILTY) TO HEAVY,,,,,,
LEEDS_45e059a3d21b,Heavy Metals,As,Owls Allotments Group,,,,,21.99,mg/kg,Arsenic,,
LEEDS_45e059a3d21b,Heavy Metals,Cd,Owls Allotments Group,,,,,0.44,mg/kg,Cadmium,,
LEEDS_45e059a3d21b,Heavy Metals,Cu,Owls Allotments Group,,,,,32.88,mg/kg,Copper,,
LEEDS_45e059a3d21b,Heavy Metals,Ni,Owls Allotments Group,,,,,32.05,mg/kg,Nickel,,
LEEDS_45e059a3d21b,Heavy Metals,P2O5,Owls Allotments Group,,,,,0.29,w%,Phosphorus,,
LEEDS_45e059a3d21b,Heavy Metals,Pb,Owls Allotments Group,,,,,97.2,mg/kg,Lead,,
LEEDS_45e059a3d21b,Heavy Metals,Se,Owls Allotments Group,,,,,0.96,mg/kg,Selenium,,
LEEDS_45e059a3d21b,Heavy Metals,Zr,Owls Allotments Group,,,,,292.62,mg/kg,Zirconium,,
LEEDS_45e059a3d21b,Land Cover,,Owls Allotments Group,,,,Suburban,,,,,
LEEDS_45e059a3d21b,Soil Parent,,Owls Allotments Group,ARGILLIC - ARENACEOUS,"A layered subsoil of clay, silt and sand.",MEDIUM TO HEAVY,,,,,,
LEEDS_4616266e884e,Heavy Metals,As,Incredible Edible Micklefield,,,,,13.41,mg/kg,Arsenic,,
LEEDS_4616266e884e,Heavy Metals,Cd,Incredible Edible Micklefield,,,,,0.56,mg/kg,Cadmium,,
LEEDS_4616266e884e,Heavy Metals,Cu,Incredible Edible Micklefield,,,,,23.32,mg/kg,Copper,,
LEEDS_4616266e884e,Heavy Metals,Ni,Incredible Edible Micklefield,,,,,21.11,mg/kg,Nickel,,
LEEDS_4616266e884e,Heavy Metals,P2O5,Incredible Edible Micklefield,,,,,0.17,w%,Phosphorus,,
LEEDS_4616266e884e,Heavy Metals,Pb,Incredible Edible Micklefield,,,,,70.43,mg/kg,Lead,,
LEEDS_4616266e884e,Heavy Metals,Se,Incredible Edible Micklefield,,,,,0.62,mg/kg,Selenium,,
LEEDS_4616266e884e,Heavy Metals,Zr,Incredible Edible Micklefield,,,,,295.29,mg/kg,Zirconium,,
LEEDS_4616266e884e,Land Cover,,Incredible Edible Micklefield,,,,Suburban,,,,,
LEEDS_4616266e884e,Soil Parent,,Incredible Edible Micklefield,ARGILLIC - ARENACEOUS,"A layered subsoil of clay, silt and sand.",LIGHT(SILTY) TO MEDIUM(SILTY),,,,,,
LEEDS_4616266e884e,Soil SOM,,Incredible Edible Micklefield,,,,,,,,,3.13
LEEDS_4616266e884e,Soil pH,,Incredible Edible Micklefield,,,,,,,,7.7,
LEEDS_473dfa4f504b,Heavy Metals,As,*Name Unavailable,,,,,18.62,mg/kg,Arsenic,,
LEEDS_473dfa4f504b,Heavy Metals,Cd,*Name Unavailable,,,,,0.48,mg/kg,Cadmium,,
LEEDS_473dfa4f504b,Heavy Metals,Cu,*Name Unavailable,,,,,45.99,mg/kg,Copper,,
LEEDS_473dfa4f504b,Heavy Metals,Ni,*Name Unavailable,,,,,25.44,mg/kg,Nickel,,
LEEDS_473dfa4f504b,Heavy Metals,P2O5,*Name Unavailable,,,,,0.29,w%,Phosphorus,,
LEEDS_473dfa4f504b,Heavy Metals,Pb,*Name Unavailable,,,,,92.76,mg/kg,Lead,,
LEEDS_473dfa4f504b,Heavy Metals,Se,*Name Unavailable,,,,,0.88,mg/kg,Selenium,,
LEEDS_473dfa4f504b,Heavy Metals,Zr,*Name Unavailable,,,,,341.15,mg/kg,Zirconium,,
LEEDS_473dfa4f504b,Land Cover,,*Name Unavailable,,,,Suburban,,,,,
LEEDS_473dfa4f504b,Soil Parent,,*Name Unavailable,MIXED (ARGILLIC-RUDACEOUS),"A variable clay, silt, and sand subsoil.",MEDIUM TO LIGHT(SILTY) TO HEAVY,,,,,,
LEEDS_48068dabe39e,Heavy Metals,As,Hollinhurst Allotments,,,,,19.63,mg/kg,Arsenic,,
LEEDS_48068dabe39e,Heavy Metals,Cd,Hollinhurst Allotments,,,,,0.47,mg/kg,Cadmium,,
LEEDS_48068dabe39e,Heavy Metals,Cu,Hollinhurst Allotments,,,,,34.91,mg/kg,Copper,,
LEEDS_48068dabe39e,Heavy Metals,Ni,Hollinhurst Allotments,,,,,24.09,mg/kg,Nickel,,
LEEDS_48068dabe39e,Heavy Metals,P2O5,Hollinhurst Allotments,,,,,0.21,w%,Phosphorus,,
LEEDS_48068dabe39e,Heavy Metals,Pb,Hollinhurst Allotments,,,,,72.14,mg/kg,Lead,,
LEEDS_48068dabe39e,Heavy Metals,Se,Hollinhurst Allotments,,,,,0.86,mg/kg,Selenium,,
LEEDS_48068dabe39e,Heavy Metals,Zr,Hollinhurst Allotments,,,,,266.81,mg/kg,Zirconium,,
LEEDS_48068dabe39e,Land Cover,,Hollinhurst Allotments,,,,Suburban,,,,,
LEEDS_48068dabe39e,Soil Parent,,Hollinhurst Allotments,ARGILLIC - ARENACEOUS,"A layered subsoil of clay, silt and sand.",HEAVY TO MEDIUM,,,,,,
LEEDS_488353275a2c,Heavy Metals,As,Gotts Park Mansion Garden Group,,,,,25.94,mg/kg,Arsenic,,
LEEDS_488353275a2c,Heavy Metals,Cd,Gotts Park Mansion Garden Group,,,,,0.5,mg/kg,Cadmium,,
LEEDS_488353275a2c,Heavy Metals,Cu,Gotts Park Mansion Garden Group,,,,,45.61,mg/kg,Copper,,
LEEDS_488353275a2c,Heavy Metals,Ni,Gotts Park Mansion Garden Group,,,,,28.85,mg/kg,Nickel,,
LEEDS_488353275a2c,Heavy Metals,P2O5,Gotts Park Mansion Garden Group,,,,,0.32,w%,Phosphorus,,
LEEDS_488353275a2c,Heavy Metals,Pb,Gotts Park Mansion Garden Group,,,,,98.45,mg/kg,Lead,,
LEEDS_488353275a2c,Heavy Metals,Se,Gotts Park Mansion Garden Group,,,,,1.09,mg/kg,Selenium,,
LEEDS_488353275a2c,Heavy Metals,Zr,Gotts Park Mansion Garden Group,,,,,288.55,mg/kg,Zirconium,,
LEEDS_488353275a2c,Land Cover,,Gotts Park Mansion Garden Group,,,,Suburban,,,,,
LEEDS_488353275a2c,Soil Parent,,Gotts Park Mansion Garden Group,ARENACEOUS - RUDACEOUS,A layered subsoil of sand and gravel.,LIGHT(SANDY) TO MEDIUM(SANDY),,,,,,
LEEDS_488353275a2c,Soil SOM,,Gotts Park Mansion Garden Group,,,,,,,,,10.21
LEEDS_488353275a2c,Soil pH,,Gotts Park Mansion Garden Group,,,,,,,,6.07,
LEEDS_4888387fd9ce,Heavy Metals,As,Springfield Park Guiseley,,,,,18.93,mg/kg,Arsenic,,
LEEDS_4888387fd9ce,Heavy Metals,Cd,Springfield Park Guiseley,,,,,0.57,mg/kg,Cadmium,,
LEEDS_4888387fd9ce,Heavy Metals,Cu,Springfield Park Guiseley,,,,,36.73,mg/kg,Copper,,
LEEDS_4888387fd9ce,Heavy Metals,Ni,Springfield Park Guiseley,,,,,23.06,mg/kg,Nickel,,
LEEDS_4888387fd9ce,Heavy Metals,P2O5,Springfield Park Guiseley,,,,,0.29,w%,Phosphorus,,
LEEDS_4888387fd9ce,Heavy Metals,Pb,Springfield Park Guiseley,,,,,97.09,mg/kg,Lead,,
LEEDS_4888387fd9ce,Heavy Metals,Se,Springfield Park Guiseley,,,,,0.9,mg/kg,Selenium,,
LEEDS_4888387fd9ce,Heavy Metals,Zr,Springfield Park Guiseley,,,,,257.35,mg/kg,Zirconium,,
LEEDS_4888387fd9ce,Land Cover,,Springfield Park Guiseley,,,,Suburban,,,,,
LEEDS_4888387fd9ce,Soil Parent,,Springfield Park Guiseley,MIXED (ARGILLIC-RUDACEOUS),"A variable clay, silt, and sand subsoil.",MEDIUM TO LIGHT(SILTY) TO HEAVY,,,,,,
LEEDS_492f51bc9ac8,Heavy Metals,As,Incredible Edible Raised Beds,,,,,18.36,mg/kg,Arsenic,,
LEEDS_492f51bc9ac8,Heavy Metals,Cd,Incredible Edible Raised Beds,,,,,0.41,mg/kg,Cadmium,,
LEEDS_492f51bc9ac8,Heavy Metals,Cu,Incredible Edible Raised Beds,,,,,31.3,mg/kg,Copper,,
LEEDS_492f51bc9ac8,Heavy Metals,Ni,Incredible Edible Raised Beds,,,,,29.41,mg/kg,Nickel,,
LEEDS_492f51bc9ac8,Heavy Metals,P2O5,Incredible Edible Raised Beds,,,,,0.27,w%,Phosphorus,,
LEEDS_492f51bc9ac8,Heavy Metals,Pb,Incredible Edible Raised Beds,,,,,90.79,mg/kg,Lead,,
LEEDS_492f51bc9ac8,Heavy Metals,Se,Incredible Edible Raised Beds,,,,,0.86,mg/kg,Selenium,,
LEEDS_492f51bc9ac8,Heavy Metals,Zr,Incredible Edible Raised Beds,,,,,277.23,mg/kg,Zirconium,,
LEEDS_492f51bc9ac8,Land Cover,,Incredible Edible Raised Beds,,,,Deciduous woodland,,,,,
LEEDS_492f51bc9ac8,Soil Parent,,Incredible Edible Raised Beds,MIXED (ARGILLIC-RUDACEOUS),"A variable clay, silt, and sand subsoil.",MEDIUM TO LIGHT(SILTY) TO HEAVY,,,,,,
LEEDS_4ae282a7d863,Heavy Metals,As,Robin Hood Orchard,,,,,28.44,mg/kg,Arsenic,,
LEEDS_4ae282a7d863,Heavy Metals,Cd,Robin Hood Orchard,,,,,0.53,mg/kg,Cadmium,,
LEEDS_4ae282a7d863,Heavy Metals,Cu,Robin Hood Orchard,,,,,47.05,mg/kg,Copper,,
LEEDS_4ae282a7d863,Heavy Metals,Ni,Robin Hood Orchard,,,,,24.04,mg/kg,Nickel,,
LEEDS_4ae282a7d863,Heavy Metals,P2O5,Robin Hood Orchard,,,,,0.27,w%,Phosphorus,,
LEEDS_4ae282a7d863,Heavy Metals,Pb,Robin Hood Orchard,,,,,115.28,mg/kg,Lead,,
LEEDS_4ae282a7d863,Heavy Metals,Se,Robin Hood Orchard,,,,,1.11,mg/kg,Selenium,,
LEEDS_4ae282a7d863,Heavy Metals,Zr,Robin Hood Orchard,,,,,298.3,mg/kg,Zirconium,,
LEEDS_4ae282a7d863,Land Cover,,Robin Hood Orchard,,,,Suburban,,,,,
LEEDS_4ae282a7d863,Soil Parent,,Robin Hood Orchard,ARENACEOUS,A sand-rich subsoil.,MEDIUM TO HEAVY,,,,,,
LEEDS_4bd5ad4a84e2,Heavy Metals,As,Fearnville Road Overgrown Allotments,,,,,16.37,mg/kg,Arsenic,,
LEEDS_4bd5ad4a84e2,Heavy Metals,Cd,Fearnville Road Overgrown Allotments,,,,,0.37,mg/kg,Cadmium,,
LEEDS_4bd5ad4a84e2,Heavy Metals,Cu,Fearnville Road Overgrown Allotments,,,,,26.47,mg/kg,Copper,,
LEEDS_4bd5ad4a84e2,Heavy Metals,Ni,Fearnville Road Overgrown Allotments,,,,,31.2,mg/kg,Nickel,,
LEEDS_4bd5ad4a84e2,Heavy Metals,P2O5,Fearnville Road Overgrown Allotments,,,,,0.25,w%,Phosphorus,,
LEEDS_4bd5ad4a84e2,Heavy Metals,Pb,Fearnville Road Overgrown Allotments,,,,,69.08,mg/kg,Lead,,
LEEDS_4bd5ad4a84e2,Heavy Metals,Se,Fearnville Road Overgrown Allotments,,,,,0.64,mg/kg,Selenium,,
LEEDS_4bd5ad4a84e2,Heavy Metals,Zr,Fearnville Road Overgrown Allotments,,,,,181.08,mg/kg,Zirconium,,
LEEDS_4bd5ad4a84e2,Land Cover,,Fearnville Road Overgrown Allotments,,,,Improve grassland,,,,,
LEEDS_4bd5ad4a84e2,Soil Parent,,Fearnville Road Overgrown Allotments,ARGILLIC - ARENACEOUS,"A layered subsoil of clay, silt and sand.",MEDIUM TO HEAVY,,,,,,
LEEDS_4c325645a2ca,Heavy Metals,As,Providence Pastures,,,,,16.09,mg/kg,Arsenic,,
LEEDS_4c325645a2ca,Heavy Metals,Cd,Providence Pastures,,,,,0.47,mg/kg,Cadmium,,
LEEDS_4c325645a2ca,Heavy Metals,Cu,Providence Pastures,,,,,24.66,mg/kg,Copper,,
LEEDS_4c325645a2ca,Heavy Metals,Ni,Providence Pastures,,,,,24.08,mg/kg,Nickel,,
LEEDS_4c325645a2ca,Heavy Metals,P2O5,Providence Pastures,,,,,0.21,w%,Phosphorus,,
LEEDS_4c325645a2ca,Heavy Metals,Pb,Providence Pastures,,,,,66.04,mg/kg,Lead,,
LEEDS_4c325645a2ca,Heavy Metals,Se,Providence Pastures,,,,,0.74,mg/kg,Selenium,,
LEEDS_4c325645a2ca,Heavy Metals,Zr,Providence Pastures,,,,,286.71,mg/kg,Zirconium,,
LEEDS_4c325645a2ca,Land Cover,,Providence Pastures,,,,Improve grassland,,,,,
LEEDS_4c325645a2ca,Soil Parent,,Providence Pastures,ARGILLIC - ARENACEOUS | ARENACEOUS,"A layered subsoil of clay, silt and sand. | A sand-rich subsoil.",HEAVY TO MEDIUM | MEDIUM TO HEAVY,,,,,,
LEEDS_4c325645a2ca,Soil SOM,,Providence Pastures,,,,,,,,,5.14
LEEDS_4c325645a2ca,Soil pH,,Providence Pastures,,,,,,,,7.05,
LEEDS_4c5deb8a04ab,Heavy Metals,As,*Name Unavailable,,,,,17.99,mg/kg,Arsenic,,
LEEDS_4c5deb8a04ab,Heavy Metals,Cd,*Name Unavailable,,,,,0.48,mg/kg,Cadmium,,
LEEDS_4c5deb8a04ab,Heavy Metals,Cu,*Name Unavailable,,,,,43.75,mg/kg,Copper,,
LEEDS_4c5deb8a04ab,Heavy Metals,Ni,*Name Unavailable,,,,,27.29,mg/kg,Nickel,,
LEEDS_4c5deb8a04ab,Heavy Metals,P2O5,*Name Unavailable,,,,,0.36,w%,Phosphorus,,
LEEDS_4c5deb8a04ab,Heavy Metals,Pb,*Name Unavailable,,,,,58.56,mg/kg,Lead,,
LEEDS_4c5deb8a04ab,Heavy Metals,Se,*Name Unavailable,,,,,0.95,mg/kg,Selenium,,
LEEDS_4c5deb8a04ab,Heavy Metals,Zr,*Name Unavailable,,,,,305.48,mg/kg,Zirconium,,
LEEDS_4c5deb8a04ab,Land Cover,,*Name Unavailable,,,,Suburban,,,,,
LEEDS_4c5deb8a04ab,Soil Parent,,*Name Unavailable,ARGILLIC - ARENACEOUS,"A layered subsoil of clay, silt and sand.",MEDIUM TO HEAVY,,,,,,
LEEDS_4c5deb8a04ab,Soil SOM,,*Name Unavailable,,,,,,,,,3.13
LEEDS_4c5deb8a04ab,Soil pH,,*Name Unavailable,,,,,,,,7.05,
LEEDS_4c7447426be9,Heavy Metals,As,Westgate Lane Allotments Lofthouse Recreation Allotments | Lofthouse Recreation Ground Allotments | Rothwell Lofthouse Allotments,,,,,45.51,mg/kg,Arsenic,,
LEEDS_4c7447426be9,Heavy Metals,Cd,Westgate Lane Allotments Lofthouse Recreation Allotments | Lofthouse Recreation Ground Allotments | Rothwell Lofthouse Allotments,,,,,0.62,mg/kg,Cadmium,,
LEEDS_4c7447426be9,Heavy Metals,Cu,Westgate Lane Allotments Lofthouse Recreation Allotments | Lofthouse Recreation Ground Allotments | Rothwell Lofthouse Allotments,,,,,59.07,mg/kg,Copper,,
LEEDS_4c7447426be9,Heavy Metals,Ni,Westgate Lane Allotments Lofthouse Recreation Allotments | Lofthouse Recreation Ground Allotments | Rothwell Lofthouse Allotments,,,,,33.87,mg/kg,Nickel,,
LEEDS_4c7447426be9,Heavy Metals,P2O5,Westgate Lane Allotments Lofthouse Recreation Allotments | Lofthouse Recreation Ground Allotments | Rothwell Lofthouse Allotments,,,,,0.28,w%,Phosphorus,,
LEEDS_4c7447426be9,Heavy Metals,Pb,Westgate Lane Allotments Lofthouse Recreation Allotments | Lofthouse Recreation Ground Allotments | Rothwell Lofthouse Allotments,,,,,128.58,mg/kg,Lead,,
LEEDS_4c7447426be9,Heavy Metals,Se,Westgate Lane Allotments Lofthouse Recreation Allotments | Lofthouse Recreation Ground Allotments | Rothwell Lofthouse Allotments,,,,,1.21,mg/kg,Selenium,,
LEEDS_4c7447426be9,Heavy Metals,Zr,Westgate Lane Allotments Lofthouse Recreation Allotments | Lofthouse Recreation Ground Allotments | Rothwell Lofthouse Allotments,,,,,198.55,mg/kg,Zirconium,,
LEEDS_4c7447426be9,Land Cover,,Westgate Lane Allotments Lofthouse Recreation Allotments | Lofthouse Recreation Ground Allotments | Rothwell Lofthouse Allotments,,,,Suburban | Improve grassland,,,,,
LEEDS_4c7447426be9,Soil Parent,,Westgate Lane Allotments Lofthouse Recreation Allotments | Lofthouse Recreation Ground Allotments | Rothwell Lofthouse Allotments,ARENACEOUS,A sand-rich subsoil.,LIGHT(SILTY) TO MEDIUM(SILTY) TO HEAVY,,,,,,
LEEDS_4c7447426be9,Soil SOM,,Westgate Lane Allotments Lofthouse Recreation Allotments | Lofthouse Recreation Ground Allotments | Rothwell Lofthouse Allotments,,,,,,,,,5.14
LEEDS_4c7447426be9,Soil pH,,Westgate Lane Allotments Lofthouse Recreation Allotments | Lofthouse Recreation Ground Allotments | Rothwell Lofthouse Allotments,,,,,,,,7.05,
LEEDS_4cb22da3bd0e,Heavy Metals,As,*Name Unavailable,,,,,27.68,mg/kg,Arsenic,,
LEEDS_4cb22da3bd0e,Heavy Metals,Cd,*Name Unavailable,,,,,0.47,mg/kg,Cadmium,,
LEEDS_4cb22da3bd0e,Heavy Metals,Cu,*Name Unavailable,,,,,57.87,mg/kg,Copper,,
LEEDS_4cb22da3bd0e,Heavy Metals,Ni,*Name Unavailable,,,,,33.06,mg/kg,Nickel,,
LEEDS_4cb22da3bd0e,Heavy Metals,P2O5,*Name Unavailable,,,,,0.3,w%,Phosphorus,,
LEEDS_4cb22da3bd0e,Heavy Metals,Pb,*Name Unavailable,,,,,111.83,mg/kg,Lead,,
LEEDS_4cb22da3bd0e,Heavy Metals,Se,*Name Unavailable,,,,,0.98,mg/kg,Selenium,,
LEEDS_4cb22da3bd0e,Heavy Metals,Zr,*Name Unavailable,,,,,271.97,mg/kg,Zirconium,,
LEEDS_4cb22da3bd0e,Land Cover,,*Name Unavailable,,,,Urban,,,,,
LEEDS_4cb22da3bd0e,Soil Parent,,*Name Unavailable,ARGILLIC - ARENACEOUS,"A layered subsoil of clay, silt and sand.",MEDIUM TO HEAVY,,,,,,
LEEDS_4ccd0cc631ba,Heavy Metals,As,Ezart Ave Wetherby,,,,,11.97,mg/kg,Arsenic,,
LEEDS_4ccd0cc631ba,Heavy Metals,Cd,Ezart Ave Wetherby,,,,,0.56,mg/kg,Cadmium,,
LEEDS_4ccd0cc631ba,Heavy Metals,Cu,Ezart Ave Wetherby,,,,,17.37,mg/kg,Copper,,
LEEDS_4ccd0cc631ba,Heavy Metals,Ni,Ezart Ave Wetherby,,,,,20.68,mg/kg,Nickel,,
LEEDS_4ccd0cc631ba,Heavy Metals,P2O5,Ezart Ave Wetherby,,,,,0.22,w%,Phosphorus,,
LEEDS_4ccd0cc631ba,Heavy Metals,Pb,Ezart Ave Wetherby,,,,,60.89,mg/kg,Lead,,
LEEDS_4ccd0cc631ba,Heavy Metals,Se,Ezart Ave Wetherby,,,,,0.45,mg/kg,Selenium,,
LEEDS_4ccd0cc631ba,Heavy Metals,Zr,Ezart Ave Wetherby,,,,,292.39,mg/kg,Zirconium,,
LEEDS_4ccd0cc631ba,Land Cover,,Ezart Ave Wetherby,,,,Suburban,,,,,
LEEDS_4ccd0cc631ba,Soil Parent,,Ezart Ave Wetherby,MIXED (ARGILLIC-RUDACEOUS),"A variable clay, silt, and sand subsoil.",MEDIUM TO LIGHT(SILTY) TO HEAVY,,,,,,
LEEDS_4ccd0cc631ba,Soil SOM,,Ezart Ave Wetherby,,,,,,,,,3.13
LEEDS_4ccd0cc631ba,Soil pH,,Ezart Ave Wetherby,,,,,,,,7.7,
LEEDS_4e7179acef7a,Heavy Metals,As,Denshaw Drive Community Garden,,,,,39.03,mg/kg,Arsenic,,
LEEDS_4e7179acef7a,Heavy Metals,Cd,Denshaw Drive Community Garden,,,,,0.51,mg/kg,Cadmium,,
LEEDS_4e7179acef7a,Heavy Metals,Cu,Denshaw Drive Community Garden,,,,,75.38,mg/kg,Copper,,
LEEDS_4e7179acef7a,Heavy Metals,Ni,Denshaw Drive Community Garden,,,,,29.28,mg/kg,Nickel,,
LEEDS_4e7179acef7a,Heavy Metals,P2O5,Denshaw Drive Community Garden,,,,,0.36,w%,Phosphorus,,
LEEDS_4e7179acef7a,Heavy Metals,Pb,Denshaw Drive Community Garden,,,,,131.06,mg/kg,Lead,,
LEEDS_4e7179acef7a,Heavy Metals,Se,Denshaw Drive Community Garden,,,,,0.94,mg/kg,Selenium,,
LEEDS_4e7179acef7a,Heavy Metals,Zr,Denshaw Drive Community Garden,,,,,301.15,mg/kg,Zirconium,,
LEEDS_4e7179acef7a,Land Cover,,Denshaw Drive Community Garden,,,,Suburban,,,,,
LEEDS_4e7179acef7a,Soil Parent,,Denshaw Drive Community Garden,ARENACEOUS,A sand-rich subsoil.,MEDIUM TO HEAVY,,,,,,
LEEDS_4ecfe0fdd0e8,Heavy Metals,As,Cherry Orchard,,,,,11.2,mg/kg,Arsenic,,
LEEDS_4ecfe0fdd0e8,Heavy Metals,Cd,Cherry Orchard,,,,,0.59,mg/kg,Cadmium,,
LEEDS_4ecfe0fdd0e8,Heavy Metals,Cu,Cherry Orchard,,,,,20.2,mg/kg,Copper,,
LEEDS_4ecfe0fdd0e8,Heavy Metals,Ni,Cherry Orchard,,,,,13.73,mg/kg,Nickel,,
LEEDS_4ecfe0fdd0e8,Heavy Metals,P2O5,Cherry Orchard,,,,,0.3,w%,Phosphorus,,
LEEDS_4ecfe0fdd0e8,Heavy Metals,Pb,Cherry Orchard,,,,,70.8,mg/kg,Lead,,
LEEDS_4ecfe0fdd0e8,Heavy Metals,Se,Cherry Orchard,,,,,0.6,mg/kg,Selenium,,
LEEDS_4ecfe0fdd0e8,Heavy Metals,Zr,Cherry Orchard,,,,,232.28,mg/kg,Zirconium,,
LEEDS_4ecfe0fdd0e8,Land Cover,,Cherry Orchard,,,,Improve grassland | Deciduous woodland,,,,,
LEEDS_4ecfe0fdd0e8,Soil Parent,,Cherry Orchard,MIXED (ARGILLIC-RUDACEOUS),"A variable clay, silt, and sand subsoil.",MEDIUM TO LIGHT(SILTY) TO HEAVY,,,,,,
LEEDS_4ecfe0fdd0e8,Soil SOM,,Cherry Orchard,,,,,,,,,8.9
LEEDS_4ecfe0fdd0e8,Soil pH,,Cherry Orchard,,,,,,,,6.31,
LEEDS_4fa1b53c0432,Heavy Metals,As,Aberford Road Allotments,,,,,12.13,mg/kg,Arsenic,,
LEEDS_4fa1b53c0432,Heavy Metals,Cd,Aberford Road Allotments,,,,,0.72,mg/kg,Cadmium,,
LEEDS_4fa1b53c0432,Heavy Metals,Cu,Aberford Road Allotments,,,,,37.27,mg/kg,Copper,,
LEEDS_4fa1b53c0432,Heavy Metals,Ni,Aberford Road Allotments,,,,,16.48,mg/kg,Nickel,,
LEEDS_4fa1b53c0432,Heavy Metals,P2O5,Aberford Road Allotments,,,,,0.19,w%,Phosphorus,,
LEEDS_4fa1b53c0432,Heavy Metals,Pb,Aberford Road Allotments,,,,,55.6,mg/kg,Lead,,
LEEDS_4fa1b53c0432,Heavy Metals,Se,Aberford Road Allotments,,,,,0.55,mg/kg,Selenium,,
LEEDS_4fa1b53c0432,Heavy Metals,Zr,Aberford Road Allotments,,,,,196.62,mg/kg,Zirconium,,
LEEDS_4fa1b53c0432,Land Cover,,Aberford Road Allotments,,,,Arable | Improve grassland | Suburban,,,,,
LEEDS_4fa1b53c0432,Soil Parent,,Aberford Road Allotments,ARGILLIC - ARENACEOUS,"A layered subsoil of clay, silt and sand.",LIGHT(SILTY) TO MEDIUM(SILTY),,,,,,
LEEDS_4fa1b53c0432,Soil SOM,,Aberford Road Allotments,,,,,,,,,3.13
LEEDS_4fa1b53c0432,Soil pH,,Aberford Road Allotments,,,,,,,,7.7,
LEEDS_4ffb82fa7a31,Heavy Metals,As,Incredible Edible Raised Beds,,,,,21.59,mg/kg,Arsenic,,
LEEDS_4ffb82fa7a31,Heavy Metals,Cd,Incredible Edible Raised Beds,,,,,0.57,mg/kg,Cadmium,,
LEEDS_4ffb82fa7a31,Heavy Metals,Cu,Incredible Edible Raised Beds,,,,,40.53,mg/kg,Copper,,
LEEDS_4ffb82fa7a31,Heavy Metals,Ni,Incredible Edible Raised Beds,,,,,25.85,mg/kg,Nickel,,
LEEDS_4ffb82fa7a31,Heavy Metals,P2O5,Incredible Edible Raised Beds,,,,,0.29,w%,Phosphorus,,
LEEDS_4ffb82fa7a31,Heavy Metals,Pb,Incredible Edible Raised Beds,,,,,85.15,mg/kg,Lead,,
LEEDS_4ffb82fa7a31,Heavy Metals,Se,Incredible Edible Raised Beds,,,,,0.92,mg/kg,Selenium,,
LEEDS_4ffb82fa7a31,Heavy Metals,Zr,Incredible Edible Raised Beds,,,,,250.84,mg/kg,Zirconium,,
LEEDS_4ffb82fa7a31,Land Cover,,Incredible Edible Raised Beds,,,,Improve grassland,,,,,
LEEDS_4ffb82fa7a31,Soil Parent,,Incredible Edible Raised Beds,MIXED (ARGILLIC-RUDACEOUS),"A variable clay, silt, and sand subsoil.",MEDIUM TO LIGHT(SILTY) TO HEAVY,,,,,,
LEEDS_5058cdc8abce,Heavy Metals,As,Incredible Edible Raised Beds,,,,,20.36,mg/kg,Arsenic,,
LEEDS_5058cdc8abce,Heavy Metals,Cd,Incredible Edible Raised Beds,,,,,0.45,mg/kg,Cadmium,,
LEEDS_5058cdc8abce,Heavy Metals,Cu,Incredible Edible Raised Beds,,,,,24.5,mg/kg,Copper,,
LEEDS_5058cdc8abce,Heavy Metals,Ni,Incredible Edible Raised Beds,,,,,23.8,mg/kg,Nickel,,
LEEDS_5058cdc8abce,Heavy Metals,P2O5,Incredible Edible Raised Beds,,,,,0.25,w%,Phosphorus,,
LEEDS_5058cdc8abce,Heavy Metals,Pb,Incredible Edible Raised Beds,,,,,77.75,mg/kg,Lead,,
LEEDS_5058cdc8abce,Heavy Metals,Se,Incredible Edible Raised Beds,,,,,0.74,mg/kg,Selenium,,
LEEDS_5058cdc8abce,Heavy Metals,Zr,Incredible Edible Raised Beds,,,,,231.37,mg/kg,Zirconium,,
LEEDS_5058cdc8abce,Land Cover,,Incredible Edible Raised Beds,,,,Suburban,,,,,
LEEDS_5058cdc8abce,Soil Parent,,Incredible Edible Raised Beds,ARENACEOUS,A sand-rich subsoil.,LIGHT(SANDY) TO MEDIUM(SANDY),,,,,,
LEEDS_511ed5a343a0,Heavy Metals,As,*Name Unavailable,,,,,15.39,mg/kg,Arsenic,,
LEEDS_511ed5a343a0,Heavy Metals,Cd,*Name Unavailable,,,,,0.47,mg/kg,Cadmium,,
LEEDS_511ed5a343a0,Heavy Metals,Cu,*Name Unavailable,,,,,28.49,mg/kg,Copper,,
LEEDS_511ed5a343a0,Heavy Metals,Ni,*Name Unavailable,,,,,24.89,mg/kg,Nickel,,
LEEDS_511ed5a343a0,Heavy Metals,P2O5,*Name Unavailable,,,,,0.21,w%,Phosphorus,,
LEEDS_511ed5a343a0,Heavy Metals,Pb,*Name Unavailable,,,,,66.07,mg/kg,Lead,,
LEEDS_511ed5a343a0,Heavy Metals,Se,*Name Unavailable,,,,,0.78,mg/kg,Selenium,,
LEEDS_511ed5a343a0,Heavy Metals,Zr,*Name Unavailable,,,,,264.96,mg/kg,Zirconium,,
LEEDS_511ed5a343a0,Land Cover,,*Name Unavailable,,,,Suburban,,,,,
LEEDS_511ed5a343a0,Soil Parent,,*Name Unavailable,ARGILLIC - ARENACEOUS,"A layered subsoil of clay, silt and sand.",HEAVY TO MEDIUM,,,,,,
LEEDS_517b0ce00cd6,Heavy Metals,As,"Feel Good Factor, Chapeltown",,,,,20.92,mg/kg,Arsenic,,
LEEDS_517b0ce00cd6,Heavy Metals,Cd,"Feel Good Factor, Chapeltown",,,,,0.39,mg/kg,Cadmium,,
LEEDS_517b0ce00cd6,Heavy Metals,Cu,"Feel Good Factor, Chapeltown",,,,,31.87,mg/kg,Copper,,
LEEDS_517b0ce00cd6,Heavy Metals,Ni,"Feel Good Factor, Chapeltown",,,,,23.63,mg/kg,Nickel,,
LEEDS_517b0ce00cd6,Heavy Metals,P2O5,"Feel Good Factor, Chapeltown",,,,,0.28,w%,Phosphorus,,
LEEDS_517b0ce00cd6,Heavy Metals,Pb,"Feel Good Factor, Chapeltown",,,,,78.99,mg/kg,Lead,,
LEEDS_517b0ce00cd6,Heavy Metals,Se,"Feel Good Factor, Chapeltown",,,,,0.8,mg/kg,Selenium,,
LEEDS_517b0ce00cd6,Heavy Metals,Zr,"Feel Good Factor, Chapeltown",,,,,252.72,mg/kg,Zirconium,,
LEEDS_517b0ce00cd6,Land Cover,,"Feel Good Factor, Chapeltown",,,,Suburban,,,,,
LEEDS_517b0ce00cd6,Soil Parent,,"Feel Good Factor, Chapeltown",ARGILLIC - ARENACEOUS,"A layered subsoil of clay, silt and sand.",MEDIUM TO HEAVY,,,,,,
LEEDS_51b9528db178,Heavy Metals,As,Otley Chevin Orchard Project,,,,,10.99,mg/kg,Arsenic,,
LEEDS_51b9528db178,Heavy Metals,Cd,Otley Chevin Orchard Project,,,,,0.77,mg/kg,Cadmium,,
LEEDS_51b9528db178,Heavy Metals,Cu,Otley Chevin Orchard Project,,,,,42.8,mg/kg,Copper,,
LEEDS_51b9528db178,Heavy Metals,Ni,Otley Chevin Orchard Project,,,,,7.39,mg/kg,Nickel,,
LEEDS_51b9528db178,Heavy Metals,P2O5,Otley Chevin Orchard Project,,,,,0.25,w%,Phosphorus,,
LEEDS_51b9528db178,Heavy Metals,Pb,Otley Chevin Orchard Project,,,,,121.41,mg/kg,Lead,,
LEEDS_51b9528db178,Heavy Metals,Se,Otley Chevin Orchard Project,,,,,1.21,mg/kg,Selenium,,
LEEDS_51b9528db178,Heavy Metals,Zr,Otley Chevin Orchard Project,,,,,210.12,mg/kg,Zirconium,,
LEEDS_51b9528db178,Land Cover,,Otley Chevin Orchard Project,,,,Improve grassland,,,,,
LEEDS_51b9528db178,Soil Parent,,Otley Chevin Orchard Project,MIXED (ARGILLIC-RUDACEOUS),"A variable clay, silt, and sand subsoil.",MEDIUM TO LIGHT(SILTY),,,,,,
LEEDS_51b9528db178,Soil SOM,,Otley Chevin Orchard Project,,,,,,,,,16.67
LEEDS_51b9528db178,Soil pH,,Otley Chevin Orchard Project,,,,,,,,5.5,
LEEDS_526534ccd517,Heavy Metals,As,Swillington Common Allotments Road,,,,,16.96,mg/kg,Arsenic,,
LEEDS_526534ccd517,Heavy Metals,Cd,Swillington Common Allotments Road,,,,,0.38,mg/kg,Cadmium,,
LEEDS_526534ccd517,Heavy Metals,Cu,Swillington Common Allotments Road,,,,,28.59,mg/kg,Copper,,
LEEDS_526534ccd517,Heavy Metals,Ni,Swillington Common Allotments Road,,,,,24.06,mg/kg,Nickel,,
LEEDS_526534ccd517,Heavy Metals,P2O5,Swillington Common Allotments Road,,,,,0.21,w%,Phosphorus,,
LEEDS_526534ccd517,Heavy Metals,Pb,Swillington Common Allotments Road,,,,,69.05,mg/kg,Lead,,
LEEDS_526534ccd517,Heavy Metals,Se,Swillington Common Allotments Road,,,,,0.75,mg/kg,Selenium,,
LEEDS_526534ccd517,Heavy Metals,Zr,Swillington Common Allotments Road,,,,,283.48,mg/kg,Zirconium,,
LEEDS_526534ccd517,Land Cover,,Swillington Common Allotments Road,,,,Arable | Improve grassland | Urban,,,,,
LEEDS_526534ccd517,Soil Parent,,Swillington Common Allotments Road,ARENACEOUS | ARGILLIC - ARENACEOUS,"A sand-rich subsoil. | A layered subsoil of clay, silt and sand.",MEDIUM TO HEAVY | HEAVY TO MEDIUM,,,,,,
LEEDS_526534ccd517,Soil SOM,,Swillington Common Allotments Road,,,,,,,,,6.67
LEEDS_526534ccd517,Soil pH,,Swillington Common Allotments Road,,,,,,,,6.56,
LEEDS_526c2a50a4e3,Heavy Metals,As,Moorland Rise Allotments,,,,,19.17,mg/kg,Arsenic,,
LEEDS_526c2a50a4e3,Heavy Metals,Cd,Moorland Rise Allotments,,,,,0.45,mg/kg,Cadmium,,
LEEDS_526c2a50a4e3,Heavy Metals,Cu,Moorland Rise Allotments,,,,,25.17,mg/kg,Copper,,
LEEDS_526c2a50a4e3,Heavy Metals,Ni,Moorland Rise Allotments,,,,,23.26,mg/kg,Nickel,,
LEEDS_526c2a50a4e3,Heavy Metals,P2O5,Moorland Rise Allotments,,,,,0.25,w%,Phosphorus,,
LEEDS_526c2a50a4e3,Heavy Metals,Pb,Moorland Rise Allotments,,,,,80.43,mg/kg,Lead,,
LEEDS_526c2a50a4e3,Heavy Metals,Se,Moorland Rise Allotments,,,,,0.74,mg/kg,Selenium,,
LEEDS_526c2a50a4e3,Heavy Metals,Zr,Moorland Rise Allotments,,,,,241.84,mg/kg,Zirconium,,
LEEDS_526c2a50a4e3,Land Cover,,Moorland Rise Allotments,,,,Suburban,,,,,
LEEDS_526c2a50a4e3,Soil Parent,,Moorland Rise Allotments,ARGILLIC - ARENACEOUS,"A layered subsoil of clay, silt and sand.",MEDIUM TO HEAVY,,,,,,
LEEDS_5299aa6c9b3d,Heavy Metals,As,Cragg Wood Allotments,,,,,18.89,mg/kg,Arsenic,,
LEEDS_5299aa6c9b3d,Heavy Metals,Cd,Cragg Wood Allotments,,,,,0.49,mg/kg,Cadmium,,
LEEDS_5299aa6c9b3d,Heavy Metals,Cu,Cragg Wood Allotments,,,,,40.62,mg/kg,Copper,,
LEEDS_5299aa6c9b3d,Heavy Metals,Ni,Cragg Wood Allotments,,,,,25.98,mg/kg,Nickel,,
LEEDS_5299aa6c9b3d,Heavy Metals,P2O5,Cragg Wood Allotments,,,,,0.29,w%,Phosphorus,,
LEEDS_5299aa6c9b3d,Heavy Metals,Pb,Cragg Wood Allotments,,,,,91.81,mg/kg,Lead,,
LEEDS_5299aa6c9b3d,Heavy Metals,Se,Cragg Wood Allotments,,,,,0.9,mg/kg,Selenium,,
LEEDS_5299aa6c9b3d,Heavy Metals,Zr,Cragg Wood Allotments,,,,,334.07,mg/kg,Zirconium,,
LEEDS_5299aa6c9b3d,Land Cover,,Cragg Wood Allotments,,,,Deciduous woodland | Suburban | Improve grassland,,,,,
LEEDS_5299aa6c9b3d,Soil Parent,,Cragg Wood Allotments,MIXED (ARGILLIC-RUDACEOUS),"A variable clay, silt, and sand subsoil.",MEDIUM TO LIGHT(SILTY) TO HEAVY,,,,,,
LEEDS_5309e59081c3,,,Incredible Edible Raised Beds,,,,,,,,,
LEEDS_5380a3a74aa0,Heavy Metals,As,Incredible Edible Raised Beds,,,,,26.75,mg/kg,Arsenic,,
LEEDS_5380a3a74aa0,Heavy Metals,Cd,Incredible Edible Raised Beds,,,,,0.49,mg/kg,Cadmium,,
LEEDS_5380a3a74aa0,Heavy Metals,Cu,Incredible Edible Raised Beds,,,,,55.81,mg/kg,Copper,,
LEEDS_5380a3a74aa0,Heavy Metals,Ni,Incredible Edible Raised Beds,,,,,32.75,mg/kg,Nickel,,
LEEDS_5380a3a74aa0,Heavy Metals,P2O5,Incredible Edible Raised Beds,,,,,0.35,w%,Phosphorus,,
LEEDS_5380a3a74aa0,Heavy Metals,Pb,Incredible Edible Raised Beds,,,,,86.64,mg/kg,Lead,,
LEEDS_5380a3a74aa0,Heavy Metals,Se,Incredible Edible Raised Beds,,,,,0.9,mg/kg,Selenium,,
LEEDS_5380a3a74aa0,Heavy Metals,Zr,Incredible Edible Raised Beds,,,,,271.77,mg/kg,Zirconium,,
LEEDS_5380a3a74aa0,Land Cover,,Incredible Edible Raised Beds,,,,Urban,,,,,
LEEDS_5380a3a74aa0,Soil Parent,,Incredible Edible Raised Beds,ARENACEOUS,A sand-rich subsoil.,MEDIUM TO HEAVY,,,,,,
LEEDS_53cd23abb080,Heavy Metals,As,*Name Unavailable,,,,,27.99,mg/kg,Arsenic,,
LEEDS_53cd23abb080,Heavy Metals,Cd,*Name Unavailable,,,,,0.44,mg/kg,Cadmium,,
LEEDS_53cd23abb080,Heavy Metals,Cu,*Name Unavailable,,,,,55.34,mg/kg,Copper,,
LEEDS_53cd23abb080,Heavy Metals,Ni,*Name Unavailable,,,,,31.64,mg/kg,Nickel,,
LEEDS_53cd23abb080,Heavy Metals,P2O5,*Name Unavailable,,,,,0.29,w%,Phosphorus,,
LEEDS_53cd23abb080,Heavy Metals,Pb,*Name Unavailable,,,,,103.69,mg/kg,Lead,,
LEEDS_53cd23abb080,Heavy Metals,Se,*Name Unavailable,,,,,0.88,mg/kg,Selenium,,
LEEDS_53cd23abb080,Heavy Metals,Zr,*Name Unavailable,,,,,312.18,mg/kg,Zirconium,,
LEEDS_53cd23abb080,Land Cover,,*Name Unavailable,,,,Suburban,,,,,
LEEDS_53cd23abb080,Soil Parent,,*Name Unavailable,ARGILLIC - ARENACEOUS,"A layered subsoil of clay, silt and sand.",MEDIUM TO HEAVY,,,,,,
LEEDS_53d9b9e8390e,Heavy Metals,As,Shafton Lane Allotments,,,,,37.26,mg/kg,Arsenic,,
LEEDS_53d9b9e8390e,Heavy Metals,Cd,Shafton Lane Allotments,,,,,0.45,mg/kg,Cadmium,,
LEEDS_53d9b9e8390e,Heavy Metals,Cu,Shafton Lane Allotments,,,,,66.05,mg/kg,Copper,,
LEEDS_53d9b9e8390e,Heavy Metals,Ni,Shafton Lane Allotments,,,,,32.07,mg/kg,Nickel,,
LEEDS_53d9b9e8390e,Heavy Metals,P2O5,Shafton Lane Allotments,,,,,0.31,w%,Phosphorus,,
LEEDS_53d9b9e8390e,Heavy Metals,Pb,Shafton Lane Allotments,,,,,122.36,mg/kg,Lead,,
LEEDS_53d9b9e8390e,Heavy Metals,Se,Shafton Lane Allotments,,,,,0.98,mg/kg,Selenium,,
LEEDS_53d9b9e8390e,Heavy Metals,Zr,Shafton Lane Allotments,,,,,220.7,mg/kg,Zirconium,,
LEEDS_53d9b9e8390e,Land Cover,,Shafton Lane Allotments,,,,Improve grassland | Urban,,,,,
LEEDS_53d9b9e8390e,Soil Parent,,Shafton Lane Allotments,ARGILLIC - ARENACEOUS,"A layered subsoil of clay, silt and sand.",ALL,,,,,,
LEEDS_541f357097e4,Heavy Metals,As,Belle Isle Circus,,,,,25.14,mg/kg,Arsenic,,
LEEDS_541f357097e4,Heavy Metals,Cd,Belle Isle Circus,,,,,0.51,mg/kg,Cadmium,,
LEEDS_541f357097e4,Heavy Metals,Cu,Belle Isle Circus,,,,,50.82,mg/kg,Copper,,
LEEDS_541f357097e4,Heavy Metals,Ni,Belle Isle Circus,,,,,26.91,mg/kg,Nickel,,
LEEDS_541f357097e4,Heavy Metals,P2O5,Belle Isle Circus,,,,,0.33,w%,Phosphorus,,
LEEDS_541f357097e4,Heavy Metals,Pb,Belle Isle Circus,,,,,110.22,mg/kg,Lead,,
LEEDS_541f357097e4,Heavy Metals,Se,Belle Isle Circus,,,,,1.05,mg/kg,Selenium,,
LEEDS_541f357097e4,Heavy Metals,Zr,Belle Isle Circus,,,,,242.11,mg/kg,Zirconium,,
LEEDS_541f357097e4,Land Cover,,Belle Isle Circus,,,,Suburban,,,,,
LEEDS_541f357097e4,Soil Parent,,Belle Isle Circus,ARGILLIC - ARENACEOUS,"A layered subsoil of clay, silt and sand.",MEDIUM TO HEAVY,,,,,,
LEEDS_548e7d44dd27,Heavy Metals,As,Incredible Edible Raised Beds,,,,,16.82,mg/kg,Arsenic,,
LEEDS_548e7d44dd27,Heavy Metals,Cd,Incredible Edible Raised Beds,,,,,0.5,mg/kg,Cadmium,,
LEEDS_548e7d44dd27,Heavy Metals,Cu,Incredible Edible Raised Beds,,,,,24.92,mg/kg,Copper,,
LEEDS_548e7d44dd27,Heavy Metals,Ni,Incredible Edible Raised Beds,,,,,26.85,mg/kg,Nickel,,
LEEDS_548e7d44dd27,Heavy Metals,P2O5,Incredible Edible Raised Beds,,,,,0.19,w%,Phosphorus,,
LEEDS_548e7d44dd27,Heavy Metals,Pb,Incredible Edible Raised Beds,,,,,72.85,mg/kg,Lead,,
LEEDS_548e7d44dd27,Heavy Metals,Se,Incredible Edible Raised Beds,,,,,0.64,mg/kg,Selenium,,
LEEDS_548e7d44dd27,Heavy Metals,Zr,Incredible Edible Raised Beds,,,,,289.72,mg/kg,Zirconium,,
LEEDS_548e7d44dd27,Land Cover,,Incredible Edible Raised Beds,,,,Suburban,,,,,
LEEDS_548e7d44dd27,Soil Parent,,Incredible Edible Raised Beds,ARGILLIC - ARENACEOUS,"A layered subsoil of clay, silt and sand.",MEDIUM TO HEAVY,,,,,,
LEEDS_5643b226baf6,Heavy Metals,As,Sandon Mount Allotments Woodhouse Hill Street,,,,,28.15,mg/kg,Arsenic,,
LEEDS_5643b226baf6,Heavy Metals,Cd,Sandon Mount Allotments Woodhouse Hill Street,,,,,0.51,mg/kg,Cadmium,,
LEEDS_5643b226baf6,Heavy Metals,Cu,Sandon Mount Allotments Woodhouse Hill Street,,,,,52.09,mg/kg,Copper,,
LEEDS_5643b226baf6,Heavy Metals,Ni,Sandon Mount Allotments Woodhouse Hill Street,,,,,27.38,mg/kg,Nickel,,
LEEDS_5643b226baf6,Heavy Metals,P2O5,Sandon Mount Allotments Woodhouse Hill Street,,,,,0.33,w%,Phosphorus,,
LEEDS_5643b226baf6,Heavy Metals,Pb,Sandon Mount Allotments Woodhouse Hill Street,,,,,118.16,mg/kg,Lead,,
LEEDS_5643b226baf6,Heavy Metals,Se,Sandon Mount Allotments Woodhouse Hill Street,,,,,1.01,mg/kg,Selenium,,
LEEDS_5643b226baf6,Heavy Metals,Zr,Sandon Mount Allotments Woodhouse Hill Street,,,,,250.39,mg/kg,Zirconium,,
LEEDS_5643b226baf6,Land Cover,,Sandon Mount Allotments Woodhouse Hill Street,,,,Suburban,,,,,
LEEDS_5643b226baf6,Soil Parent,,Sandon Mount Allotments Woodhouse Hill Street,ARENACEOUS,A sand-rich subsoil.,MEDIUM TO HEAVY,,,,,,
LEEDS_575e7e96cb83,Heavy Metals,As,Potternewton Park Community Orchard Ark,,,,,17.46,mg/kg,Arsenic,,
LEEDS_575e7e96cb83,Heavy Metals,Cd,Potternewton Park Community Orchard Ark,,,,,0.39,mg/kg,Cadmium,,
LEEDS_575e7e96cb83,Heavy Metals,Cu,Potternewton Park Community Orchard Ark,,,,,24.26,mg/kg,Copper,,
LEEDS_575e7e96cb83,Heavy Metals,Ni,Potternewton Park Community Orchard Ark,,,,,22.29,mg/kg,Nickel,,
LEEDS_575e7e96cb83,Heavy Metals,P2O5,Potternewton Park Community Orchard Ark,,,,,0.28,w%,Phosphorus,,
LEEDS_575e7e96cb83,Heavy Metals,Pb,Potternewton Park Community Orchard Ark,,,,,82.83,mg/kg,Lead,,
LEEDS_575e7e96cb83,Heavy Metals,Se,Potternewton Park Community Orchard Ark,,,,,0.78,mg/kg,Selenium,,
LEEDS_575e7e96cb83,Heavy Metals,Zr,Potternewton Park Community Orchard Ark,,,,,251.74,mg/kg,Zirconium,,
LEEDS_575e7e96cb83,Land Cover,,Potternewton Park Community Orchard Ark,,,,Improve grassland,,,,,
LEEDS_575e7e96cb83,Soil Parent,,Potternewton Park Community Orchard Ark,ARENACEOUS,A sand-rich subsoil.,LIGHT(SILTY) TO MEDIUM(SILTY),,,,,,
LEEDS_57b29e7c1e11,Heavy Metals,As,Bridge Street Allotments,,,,,33.34,mg/kg,Arsenic,,
LEEDS_57b29e7c1e11,Heavy Metals,Cd,Bridge Street Allotments,,,,,0.5,mg/kg,Cadmium,,
LEEDS_57b29e7c1e11,Heavy Metals,Cu,Bridge Street Allotments,,,,,55.33,mg/kg,Copper,,
LEEDS_57b29e7c1e11,Heavy Metals,Ni,Bridge Street Allotments,,,,,30.2,mg/kg,Nickel,,
LEEDS_57b29e7c1e11,Heavy Metals,P2O5,Bridge Street Allotments,,,,,0.35,w%,Phosphorus,,
LEEDS_57b29e7c1e11,Heavy Metals,Pb,Bridge Street Allotments,,,,,88.84,mg/kg,Lead,,
LEEDS_57b29e7c1e11,Heavy Metals,Se,Bridge Street Allotments,,,,,0.86,mg/kg,Selenium,,
LEEDS_57b29e7c1e11,Heavy Metals,Zr,Bridge Street Allotments,,,,,325.15,mg/kg,Zirconium,,
LEEDS_57b29e7c1e11,Land Cover,,Bridge Street Allotments,,,,Urban | Suburban,,,,,
LEEDS_57b29e7c1e11,Soil Parent,,Bridge Street Allotments,ARENACEOUS,A sand-rich subsoil.,MEDIUM TO HEAVY,,,,,,
LEEDS_5910def171d0,Heavy Metals,As,Pennington Street Community Garden,,,,,19.71,mg/kg,Arsenic,,
LEEDS_5910def171d0,Heavy Metals,Cd,Pennington Street Community Garden,,,,,0.4,mg/kg,Cadmium,,
LEEDS_5910def171d0,Heavy Metals,Cu,Pennington Street Community Garden,,,,,34.28,mg/kg,Copper,,
LEEDS_5910def171d0,Heavy Metals,Ni,Pennington Street Community Garden,,,,,30.52,mg/kg,Nickel,,
LEEDS_5910def171d0,Heavy Metals,P2O5,Pennington Street Community Garden,,,,,0.28,w%,Phosphorus,,
LEEDS_5910def171d0,Heavy Metals,Pb,Pennington Street Community Garden,,,,,91.66,mg/kg,Lead,,
LEEDS_5910def171d0,Heavy Metals,Se,Pennington Street Community Garden,,,,,0.89,mg/kg,Selenium,,
LEEDS_5910def171d0,Heavy Metals,Zr,Pennington Street Community Garden,,,,,276.13,mg/kg,Zirconium,,
LEEDS_5910def171d0,Land Cover,,Pennington Street Community Garden,,,,Urban,,,,,
LEEDS_5910def171d0,Soil Parent,,Pennington Street Community Garden,ARGILLIC - ARENACEOUS,"A layered subsoil of clay, silt and sand.",MEDIUM TO HEAVY,,,,,,
LEEDS_59b0ee9bb56c,Heavy Metals,As,Hamara Healthy Living Centre,,,,,34.31,mg/kg,Arsenic,,
LEEDS_59b0ee9bb56c,Heavy Metals,Cd,Hamara Healthy Living Centre,,,,,0.51,mg/kg,Cadmium,,
LEEDS_59b0ee9bb56c,Heavy Metals,Cu,Hamara Healthy Living Centre,,,,,57.16,mg/kg,Copper,,
LEEDS_59b0ee9bb56c,Heavy Metals,Ni,Hamara Healthy Living Centre,,,,,33.52,mg/kg,Nickel,,
LEEDS_59b0ee9bb56c,Heavy Metals,P2O5,Hamara Healthy Living Centre,,,,,0.33,w%,Phosphorus,,
LEEDS_59b0ee9bb56c,Heavy Metals,Pb,Hamara Healthy Living Centre,,,,,114.89,mg/kg,Lead,,
LEEDS_59b0ee9bb56c,Heavy Metals,Se,Hamara Healthy Living Centre,,,,,1.03,mg/kg,Selenium,,
LEEDS_59b0ee9bb56c,Heavy Metals,Zr,Hamara Healthy Living Centre,,,,,231.88,mg/kg,Zirconium,,
LEEDS_59b0ee9bb56c,Land Cover,,Hamara Healthy Living Centre,,,,Urban,,,,,
LEEDS_59b0ee9bb56c,Soil Parent,,Hamara Healthy Living Centre,ARGILLIC - ARENACEOUS,"A layered subsoil of clay, silt and sand.",MEDIUM TO HEAVY,,,,,,
LEEDS_59d86d368af5,Heavy Metals,As,Hansby Gate Allotments,,,,,12.67,mg/kg,Arsenic,,
LEEDS_59d86d368af5,Heavy Metals,Cd,Hansby Gate Allotments,,,,,0.26,mg/kg,Cadmium,,
LEEDS_59d86d368af5,Heavy Metals,Cu,Hansby Gate Allotments,,,,,23.36,mg/kg,Copper,,
LEEDS_59d86d368af5,Heavy Metals,Ni,Hansby Gate Allotments,,,,,40.24,mg/kg,Nickel,,
LEEDS_59d86d368af5,Heavy Metals,P2O5,Hansby Gate Allotments,,,,,0.19,w%,Phosphorus,,
LEEDS_59d86d368af5,Heavy Metals,Pb,Hansby Gate Allotments,,,,,62.8,mg/kg,Lead,,
LEEDS_59d86d368af5,Heavy Metals,Se,Hansby Gate Allotments,,,,,0.46,mg/kg,Selenium,,
LEEDS_59d86d368af5,Heavy Metals,Zr,Hansby Gate Allotments,,,,,135.24,mg/kg,Zirconium,,
LEEDS_59d86d368af5,Land Cover,,Hansby Gate Allotments,,,,Suburban,,,,,
LEEDS_59d86d368af5,Soil Parent,,Hansby Gate Allotments,ARGILLIC - ARENACEOUS,"A layered subsoil of clay, silt and sand.",MEDIUM TO HEAVY,,,,,,
LEEDS_5a17b22afb6b,Heavy Metals,As,North Park Avenue Allotments | Lidgett Lane Allotments,,,,,19.22,mg/kg,Arsenic,,
LEEDS_5a17b22afb6b,Heavy Metals,Cd,North Park Avenue Allotments | Lidgett Lane Allotments,,,,,0.44,mg/kg,Cadmium,,
LEEDS_5a17b22afb6b,Heavy Metals,Cu,North Park Avenue Allotments | Lidgett Lane Allotments,,,,,23.89,mg/kg,Copper,,
LEEDS_5a17b22afb6b,Heavy Metals,Ni,North Park Avenue Allotments | Lidgett Lane Allotments,,,,,20.9,mg/kg,Nickel,,
LEEDS_5a17b22afb6b,Heavy Metals,P2O5,North Park Avenue Allotments | Lidgett Lane Allotments,,,,,0.26,w%,Phosphorus,,
LEEDS_5a17b22afb6b,Heavy Metals,Pb,North Park Avenue Allotments | Lidgett Lane Allotments,,,,,80.31,mg/kg,Lead,,
LEEDS_5a17b22afb6b,Heavy Metals,Se,North Park Avenue Allotments | Lidgett Lane Allotments,,,,,0.73,mg/kg,Selenium,,
LEEDS_5a17b22afb6b,Heavy Metals,Zr,North Park Avenue Allotments | Lidgett Lane Allotments,,,,,247.61,mg/kg,Zirconium,,
LEEDS_5a17b22afb6b,Land Cover,,North Park Avenue Allotments | Lidgett Lane Allotments,,,,Suburban | Improve grassland,,,,,
LEEDS_5a17b22afb6b,Soil Parent,,North Park Avenue Allotments | Lidgett Lane Allotments,ARENACEOUS | ARGILLIC - ARENACEOUS,"A sand-rich subsoil. | A layered subsoil of clay, silt and sand.",LIGHT(SILTY) TO MEDIUM(SILTY) | MEDIUM TO HEAVY,,,,,,
LEEDS_5b6e1f3d228d,Heavy Metals,As,Aysgarth Community Green Space,,,,,31.71,mg/kg,Arsenic,,
LEEDS_5b6e1f3d228d,Heavy Metals,Cd,Aysgarth Community Green Space,,,,,0.41,mg/kg,Cadmium,,
LEEDS_5b6e1f3d228d,Heavy Metals,Cu,Aysgarth Community Green Space,,,,,61.76,mg/kg,Copper,,
LEEDS_5b6e1f3d228d,Heavy Metals,Ni,Aysgarth Community Green Space,,,,,24.61,mg/kg,Nickel,,
LEEDS_5b6e1f3d228d,Heavy Metals,P2O5,Aysgarth Community Green Space,,,,,0.3,w%,Phosphorus,,
LEEDS_5b6e1f3d228d,Heavy Metals,Pb,Aysgarth Community Green Space,,,,,136.61,mg/kg,Lead,,
LEEDS_5b6e1f3d228d,Heavy Metals,Se,Aysgarth Community Green Space,,,,,0.91,mg/kg,Selenium,,
LEEDS_5b6e1f3d228d,Heavy Metals,Zr,Aysgarth Community Green Space,,,,,275.15,mg/kg,Zirconium,,
LEEDS_5b6e1f3d228d,Land Cover,,Aysgarth Community Green Space,,,,Suburban,,,,,
LEEDS_5b6e1f3d228d,Soil Parent,,Aysgarth Community Green Space,ARGILLIC - ARENACEOUS,"A layered subsoil of clay, silt and sand.",MEDIUM TO HEAVY,,,,,,
LEEDS_5b8adb679737,Heavy Metals,As,St Stephens Well Community Garden,,,,,24.07,mg/kg,Arsenic,,
LEEDS_5b8adb679737,Heavy Metals,Cd,St Stephens Well Community Garden,,,,,0.54,mg/kg,Cadmium,,
LEEDS_5b8adb679737,Heavy Metals,Cu,St Stephens Well Community Garden,,,,,37.28,mg/kg,Copper,,
LEEDS_5b8adb679737,Heavy Metals,Ni,St Stephens Well Community Garden,,,,,34.03,mg/kg,Nickel,,
LEEDS_5b8adb679737,Heavy Metals,P2O5,St Stephens Well Community Garden,,,,,0.34,w%,Phosphorus,,
LEEDS_5b8adb679737,Heavy Metals,Pb,St Stephens Well Community Garden,,,,,86.16,mg/kg,Lead,,
LEEDS_5b8adb679737,Heavy Metals,Se,St Stephens Well Community Garden,,,,,1.02,mg/kg,Selenium,,
LEEDS_5b8adb679737,Heavy Metals,Zr,St Stephens Well Community Garden,,,,,286.21,mg/kg,Zirconium,,
LEEDS_5b8adb679737,Land Cover,,St Stephens Well Community Garden,,,,Urban,,,,,
LEEDS_5b8adb679737,Soil Parent,,St Stephens Well Community Garden,ARGILLIC - ARENACEOUS,"A layered subsoil of clay, silt and sand.",ALL,,,,,,
LEEDS_5bb877a6c736,Heavy Metals,As,Osmondthorpe Allotments,,,,,23.19,mg/kg,Arsenic,,
LEEDS_5bb877a6c736,Heavy Metals,Cd,Osmondthorpe Allotments,,,,,0.35,mg/kg,Cadmium,,
LEEDS_5bb877a6c736,Heavy Metals,Cu,Osmondthorpe Allotments,,,,,50.37,mg/kg,Copper,,
LEEDS_5bb877a6c736,Heavy Metals,Ni,Osmondthorpe Allotments,,,,,25.14,mg/kg,Nickel,,
LEEDS_5bb877a6c736,Heavy Metals,P2O5,Osmondthorpe Allotments,,,,,0.29,w%,Phosphorus,,
LEEDS_5bb877a6c736,Heavy Metals,Pb,Osmondthorpe Allotments,,,,,94.21,mg/kg,Lead,,
LEEDS_5bb877a6c736,Heavy Metals,Se,Osmondthorpe Allotments,,,,,0.83,mg/kg,Selenium,,
LEEDS_5bb877a6c736,Heavy Metals,Zr,Osmondthorpe Allotments,,,,,223.62,mg/kg,Zirconium,,
LEEDS_5bb877a6c736,Land Cover,,Osmondthorpe Allotments,,,,Suburban | Urban | Improve grassland,,,,,
LEEDS_5bb877a6c736,Soil Parent,,Osmondthorpe Allotments,ARGILLIC - ARENACEOUS,"A layered subsoil of clay, silt and sand.",MEDIUM TO HEAVY,,,,,,
LEEDS_5d2420422a0d,Heavy Metals,As,Moor Ripley Lane Allotments,,,,,16.38,mg/kg,Arsenic,,
LEEDS_5d2420422a0d,Heavy Metals,Cd,Moor Ripley Lane Allotments,,,,,0.49,mg/kg,Cadmium,,
LEEDS_5d2420422a0d,Heavy Metals,Cu,Moor Ripley Lane Allotments,,,,,35.14,mg/kg,Copper,,
LEEDS_5d2420422a0d,Heavy Metals,Ni,Moor Ripley Lane Allotments,,,,,18.88,mg/kg,Nickel,,
LEEDS_5d2420422a0d,Heavy Metals,P2O5,Moor Ripley Lane Allotments,,,,,0.24,w%,Phosphorus,,
LEEDS_5d2420422a0d,Heavy Metals,Pb,Moor Ripley Lane Allotments,,,,,86.46,mg/kg,Lead,,
LEEDS_5d2420422a0d,Heavy Metals,Se,Moor Ripley Lane Allotments,,,,,0.91,mg/kg,Selenium,,
LEEDS_5d2420422a0d,Heavy Metals,Zr,Moor Ripley Lane Allotments,,,,,271.54,mg/kg,Zirconium,,
LEEDS_5d2420422a0d,Land Cover,,Moor Ripley Lane Allotments,,,,Suburban | Improve grassland,,,,,
LEEDS_5d2420422a0d,Soil Parent,,Moor Ripley Lane Allotments,MIXED (ARGILLIC-RUDACEOUS),"A variable clay, silt, and sand subsoil.",MEDIUM TO LIGHT(SILTY) TO HEAVY,,,,,,
LEEDS_5d2420422a0d,Soil SOM,,Moor Ripley Lane Allotments,,,,,,,,,8.9
LEEDS_5d2420422a0d,Soil pH,,Moor Ripley Lane Allotments,,,,,,,,6.31,
LEEDS_5d5877322eb6,Heavy Metals,As,Wigton Moor Community Orchard,,,,,20.49,mg/kg,Arsenic,,
LEEDS_5d5877322eb6,Heavy Metals,Cd,Wigton Moor Community Orchard,,,,,0.43,mg/kg,Cadmium,,
LEEDS_5d5877322eb6,Heavy Metals,Cu,Wigton Moor Community Orchard,,,,,21.92,mg/kg,Copper,,
LEEDS_5d5877322eb6,Heavy Metals,Ni,Wigton Moor Community Orchard,,,,,14.04,mg/kg,Nickel,,
LEEDS_5d5877322eb6,Heavy Metals,P2O5,Wigton Moor Community Orchard,,,,,0.23,w%,Phosphorus,,
LEEDS_5d5877322eb6,Heavy Metals,Pb,Wigton Moor Community Orchard,,,,,74.77,mg/kg,Lead,,
LEEDS_5d5877322eb6,Heavy Metals,Se,Wigton Moor Community Orchard,,,,,0.68,mg/kg,Selenium,,
LEEDS_5d5877322eb6,Heavy Metals,Zr,Wigton Moor Community Orchard,,,,,227.68,mg/kg,Zirconium,,
LEEDS_5d5877322eb6,Land Cover,,Wigton Moor Community Orchard,,,,Suburban,,,,,
LEEDS_5d5877322eb6,Soil Parent,,Wigton Moor Community Orchard,ARENACEOUS,A sand-rich subsoil.,LIGHT(SILTY) TO MEDIUM(SILTY) TO HEAVY,,,,,,
LEEDS_5e1b5beb7f28,Heavy Metals,As,Clarence House,,,,,19.82,mg/kg,Arsenic,,
LEEDS_5e1b5beb7f28,Heavy Metals,Cd,Clarence House,,,,,0.44,mg/kg,Cadmium,,
LEEDS_5e1b5beb7f28,Heavy Metals,Cu,Clarence House,,,,,55.88,mg/kg,Copper,,
LEEDS_5e1b5beb7f28,Heavy Metals,Ni,Clarence House,,,,,27.92,mg/kg,Nickel,,
LEEDS_5e1b5beb7f28,Heavy Metals,P2O5,Clarence House,,,,,0.28,w%,Phosphorus,,
LEEDS_5e1b5beb7f28,Heavy Metals,Pb,Clarence House,,,,,100.2,mg/kg,Lead,,
LEEDS_5e1b5beb7f28,Heavy Metals,Se,Clarence House,,,,,0.91,mg/kg,Selenium,,
LEEDS_5e1b5beb7f28,Heavy Metals,Zr,Clarence House,,,,,334.76,mg/kg,Zirconium,,
LEEDS_5e1b5beb7f28,Land Cover,,Clarence House,,,,Urban,,,,,
LEEDS_5e1b5beb7f28,Soil Parent,,Clarence House,MIXED (ARGILLIC-RUDACEOUS),"A variable clay, silt, and sand subsoil.",MEDIUM TO LIGHT(SILTY) TO HEAVY,,,,,,
LEEDS_5e4c57880288,Heavy Metals,As,Station Allotments,,,,,17.37,mg/kg,Arsenic,,
LEEDS_5e4c57880288,Heavy Metals,Cd,Station Allotments,,,,,0.57,mg/kg,Cadmium,,
LEEDS_5e4c57880288,Heavy Metals,Cu,Station Allotments,,,,,23.19,mg/kg,Copper,,
LEEDS_5e4c57880288,Heavy Metals,Ni,Station Allotments,,,,,24.35,mg/kg,Nickel,,
LEEDS_5e4c57880288,Heavy Metals,P2O5,Station Allotments,,,,,0.17,w%,Phosphorus,,
LEEDS_5e4c57880288,Heavy Metals,Pb,Station Allotments,,,,,69.36,mg/kg,Lead,,
LEEDS_5e4c57880288,Heavy Metals,Se,Station Allotments,,,,,0.63,mg/kg,Selenium,,
LEEDS_5e4c57880288,Heavy Metals,Zr,Station Allotments,,,,,300.33,mg/kg,Zirconium,,
LEEDS_5e4c57880288,Land Cover,,Station Allotments,,,,Suburban | Improve grassland | Deciduous woodland | Urban,,,,,
LEEDS_5e4c57880288,Soil Parent,,Station Allotments,ARGILLIC - ARENACEOUS,"A layered subsoil of clay, silt and sand.",LIGHT(SILTY) TO MEDIUM(SILTY),,,,,,
LEEDS_5e4c57880288,Soil SOM,,Station Allotments,,,,,,,,,3.13
LEEDS_5e4c57880288,Soil pH,,Station Allotments,,,,,,,,7.7,
LEEDS_5fe516d66f82,Heavy Metals,As,"Old Fire Station, Gipton",,,,,21.57,mg/kg,Arsenic,,
LEEDS_5fe516d66f82,Heavy Metals,Cd,"Old Fire Station, Gipton",,,,,0.35,mg/kg,Cadmium,,
LEEDS_5fe516d66f82,Heavy Metals,Cu,"Old Fire Station, Gipton",,,,,44.73,mg/kg,Copper,,
LEEDS_5fe516d66f82,Heavy Metals,Ni,"Old Fire Station, Gipton",,,,,24.48,mg/kg,Nickel,,
LEEDS_5fe516d66f82,Heavy Metals,P2O5,"Old Fire Station, Gipton",,,,,0.29,w%,Phosphorus,,
LEEDS_5fe516d66f82,Heavy Metals,Pb,"Old Fire Station, Gipton",,,,,89.42,mg/kg,Lead,,
LEEDS_5fe516d66f82,Heavy Metals,Se,"Old Fire Station, Gipton",,,,,0.79,mg/kg,Selenium,,
LEEDS_5fe516d66f82,Heavy Metals,Zr,"Old Fire Station, Gipton",,,,,233.71,mg/kg,Zirconium,,
LEEDS_5fe516d66f82,Land Cover,,"Old Fire Station, Gipton",,,,Suburban,,,,,
LEEDS_5fe516d66f82,Soil Parent,,"Old Fire Station, Gipton",ARGILLIC - ARENACEOUS,"A layered subsoil of clay, silt and sand.",MEDIUM TO HEAVY,,,,,,
LEEDS_60f3ab368296,Heavy Metals,As,St Martins Field,,,,,13.27,mg/kg,Arsenic,,
LEEDS_60f3ab368296,Heavy Metals,Cd,St Martins Field,,,,,0.68,mg/kg,Cadmium,,
LEEDS_60f3ab368296,Heavy Metals,Cu,St Martins Field,,,,,27.09,mg/kg,Copper,,
LEEDS_60f3ab368296,Heavy Metals,Ni,St Martins Field,,,,,26.75,mg/kg,Nickel,,
LEEDS_60f3ab368296,Heavy Metals,P2O5,St Martins Field,,,,,0.23,w%,Phosphorus,,
LEEDS_60f3ab368296,Heavy Metals,Pb,St Martins Field,,,,,95.9,mg/kg,Lead,,
LEEDS_60f3ab368296,Heavy Metals,Se,St Martins Field,,,,,1.24,mg/kg,Selenium,,
LEEDS_60f3ab368296,Heavy Metals,Zr,St Martins Field,,,,,244.14,mg/kg,Zirconium,,
LEEDS_60f3ab368296,Land Cover,,St Martins Field,,,,Suburban,,,,,
LEEDS_60f3ab368296,Soil Parent,,St Martins Field,MIXED (ARGILLIC-RUDACEOUS),"A variable clay, silt, and sand subsoil.",MEDIUM TO LIGHT(SILTY) TO HEAVY,,,,,,
LEEDS_6106728ba060,Heavy Metals,As,Drury Avenue,,,,,17.98,mg/kg,Arsenic,,
LEEDS_6106728ba060,Heavy Metals,Cd,Drury Avenue,,,,,0.44,mg/kg,Cadmium,,
LEEDS_6106728ba060,Heavy Metals,Cu,Drury Avenue,,,,,49.53,mg/kg,Copper,,
LEEDS_6106728ba060,Heavy Metals,Ni,Drury Avenue,,,,,24.79,mg/kg,Nickel,,
LEEDS_6106728ba060,Heavy Metals,P2O5,Drury Avenue,,,,,0.28,w%,Phosphorus,,
LEEDS_6106728ba060,Heavy Metals,Pb,Drury Avenue,,,,,92.41,mg/kg,Lead,,
LEEDS_6106728ba060,Heavy Metals,Se,Drury Avenue,,,,,0.87,mg/kg,Selenium,,
LEEDS_6106728ba060,Heavy Metals,Zr,Drury Avenue,,,,,340.87,mg/kg,Zirconium,,
LEEDS_6106728ba060,Land Cover,,Drury Avenue,,,,Suburban,,,,,
LEEDS_6106728ba060,Soil Parent,,Drury Avenue,MIXED (ARGILLIC-RUDACEOUS),"A variable clay, silt, and sand subsoil.",MEDIUM TO LIGHT(SILTY) TO HEAVY,,,,,,
LEEDS_61bca9772aaf,Heavy Metals,As,Summer Hill Allotments Methley | Rothwell Summerhill Allotments,,,,,21.23,mg/kg,Arsenic,,
LEEDS_61bca9772aaf,Heavy Metals,Cd,Summer Hill Allotments Methley | Rothwell Summerhill Allotments,,,,,0.61,mg/kg,Cadmium,,
LEEDS_61bca9772aaf,Heavy Metals,Cu,Summer Hill Allotments Methley | Rothwell Summerhill Allotments,,,,,47.13,mg/kg,Copper,,
LEEDS_61bca9772aaf,Heavy Metals,Ni,Summer Hill Allotments Methley | Rothwell Summerhill Allotments,,,,,29.29,mg/kg,Nickel,,
LEEDS_61bca9772aaf,Heavy Metals,P2O5,Summer Hill Allotments Methley | Rothwell Summerhill Allotments,,,,,0.23,w%,Phosphorus,,
LEEDS_61bca9772aaf,Heavy Metals,Pb,Summer Hill Allotments Methley | Rothwell Summerhill Allotments,,,,,79.68,mg/kg,Lead,,
LEEDS_61bca9772aaf,Heavy Metals,Se,Summer Hill Allotments Methley | Rothwell Summerhill Allotments,,,,,0.91,mg/kg,Selenium,,
LEEDS_61bca9772aaf,Heavy Metals,Zr,Summer Hill Allotments Methley | Rothwell Summerhill Allotments,,,,,211.77,mg/kg,Zirconium,,
LEEDS_61bca9772aaf,Land Cover,,Summer Hill Allotments Methley | Rothwell Summerhill Allotments,,,,Arable | Suburban,,,,,
LEEDS_61bca9772aaf,Soil Parent,,Summer Hill Allotments Methley | Rothwell Summerhill Allotments,ARENACEOUS - RUDACEOUS | ARGILLIC - ARENACEOUS,"A layered subsoil of sand and gravel. | A layered subsoil of clay, silt and sand.",LIGHT(SILTY) TO MEDIUM(SILTY) | ALL,,,,,,
LEEDS_61bca9772aaf,Soil SOM,,Summer Hill Allotments Methley | Rothwell Summerhill Allotments,,,,,,,,,5.14
LEEDS_61bca9772aaf,Soil pH,,Summer Hill Allotments Methley | Rothwell Summerhill Allotments,,,,,,,,7.05,
LEEDS_61e64b870e36,Heavy Metals,As,Wortley Rec,,,,,36.56,mg/kg,Arsenic,,
LEEDS_61e64b870e36,Heavy Metals,Cd,Wortley Rec,,,,,0.58,mg/kg,Cadmium,,
LEEDS_61e64b870e36,Heavy Metals,Cu,Wortley Rec,,,,,59.99,mg/kg,Copper,,
LEEDS_61e64b870e36,Heavy Metals,Ni,Wortley Rec,,,,,28.08,mg/kg,Nickel,,
LEEDS_61e64b870e36,Heavy Metals,P2O5,Wortley Rec,,,,,0.34,w%,Phosphorus,,
LEEDS_61e64b870e36,Heavy Metals,Pb,Wortley Rec,,,,,121.95,mg/kg,Lead,,
LEEDS_61e64b870e36,Heavy Metals,Se,Wortley Rec,,,,,1.04,mg/kg,Selenium,,
LEEDS_61e64b870e36,Heavy Metals,Zr,Wortley Rec,,,,,242.53,mg/kg,Zirconium,,
LEEDS_61e64b870e36,Land Cover,,Wortley Rec,,,,Suburban,,,,,
LEEDS_61e64b870e36,Soil Parent,,Wortley Rec,ARGILLIC - ARENACEOUS,"A layered subsoil of clay, silt and sand.",MEDIUM TO HEAVY,,,,,,
LEEDS_6251f8e20443,Heavy Metals,As,Cross Flats Park Community Orchard,,,,,34.31,mg/kg,Arsenic,,
LEEDS_6251f8e20443,Heavy Metals,Cd,Cross Flats Park Community Orchard,,,,,0.51,mg/kg,Cadmium,,
LEEDS_6251f8e20443,Heavy Metals,Cu,Cross Flats Park Community Orchard,,,,,57.16,mg/kg,Copper,,
LEEDS_6251f8e20443,Heavy Metals,Ni,Cross Flats Park Community Orchard,,,,,33.52,mg/kg,Nickel,,
LEEDS_6251f8e20443,Heavy Metals,P2O5,Cross Flats Park Community Orchard,,,,,0.33,w%,Phosphorus,,
LEEDS_6251f8e20443,Heavy Metals,Pb,Cross Flats Park Community Orchard,,,,,114.89,mg/kg,Lead,,
LEEDS_6251f8e20443,Heavy Metals,Se,Cross Flats Park Community Orchard,,,,,1.03,mg/kg,Selenium,,
LEEDS_6251f8e20443,Heavy Metals,Zr,Cross Flats Park Community Orchard,,,,,231.88,mg/kg,Zirconium,,
LEEDS_6251f8e20443,Land Cover,,Cross Flats Park Community Orchard,,,,Urban,,,,,
LEEDS_6251f8e20443,Soil Parent,,Cross Flats Park Community Orchard,ARGILLIC - ARENACEOUS,"A layered subsoil of clay, silt and sand.",MEDIUM TO HEAVY,,,,,,
LEEDS_625af3eb6253,Heavy Metals,As,Belle Isle Low Grange View,,,,,21.85,mg/kg,Arsenic,,
LEEDS_625af3eb6253,Heavy Metals,Cd,Belle Isle Low Grange View,,,,,0.57,mg/kg,Cadmium,,
LEEDS_625af3eb6253,Heavy Metals,Cu,Belle Isle Low Grange View,,,,,50.78,mg/kg,Copper,,
LEEDS_625af3eb6253,Heavy Metals,Ni,Belle Isle Low Grange View,,,,,22.36,mg/kg,Nickel,,
LEEDS_625af3eb6253,Heavy Metals,P2O5,Belle Isle Low Grange View,,,,,0.32,w%,Phosphorus,,
LEEDS_625af3eb6253,Heavy Metals,Pb,Belle Isle Low Grange View,,,,,109.77,mg/kg,Lead,,
LEEDS_625af3eb6253,Heavy Metals,Se,Belle Isle Low Grange View,,,,,1.08,mg/kg,Selenium,,
LEEDS_625af3eb6253,Heavy Metals,Zr,Belle Isle Low Grange View,,,,,266.56,mg/kg,Zirconium,,
LEEDS_625af3eb6253,Land Cover,,Belle Isle Low Grange View,,,,Suburban,,,,,
LEEDS_625af3eb6253,Soil Parent,,Belle Isle Low Grange View,ARENACEOUS,A sand-rich subsoil.,MEDIUM TO HEAVY,,,,,,
LEEDS_62aecae55d24,,,Incredible Edible Raised Beds,,,,,,,,,
LEEDS_63195e5753a1,,,Farm Placements,,,,,,,,,
LEEDS_64664d22846f,Heavy Metals,As,Hollin Lane Allotments Mill Race,,,,,18.45,mg/kg,Arsenic,,
LEEDS_64664d22846f,Heavy Metals,Cd,Hollin Lane Allotments Mill Race,,,,,0.39,mg/kg,Cadmium,,
LEEDS_64664d22846f,Heavy Metals,Cu,Hollin Lane Allotments Mill Race,,,,,31.31,mg/kg,Copper,,
LEEDS_64664d22846f,Heavy Metals,Ni,Hollin Lane Allotments Mill Race,,,,,30.1,mg/kg,Nickel,,
LEEDS_64664d22846f,Heavy Metals,P2O5,Hollin Lane Allotments Mill Race,,,,,0.27,w%,Phosphorus,,
LEEDS_64664d22846f,Heavy Metals,Pb,Hollin Lane Allotments Mill Race,,,,,90.59,mg/kg,Lead,,
LEEDS_64664d22846f,Heavy Metals,Se,Hollin Lane Allotments Mill Race,,,,,0.85,mg/kg,Selenium,,
LEEDS_64664d22846f,Heavy Metals,Zr,Hollin Lane Allotments Mill Race,,,,,268.19,mg/kg,Zirconium,,
LEEDS_64664d22846f,Land Cover,,Hollin Lane Allotments Mill Race,,,,Deciduous woodland | Suburban,,,,,
LEEDS_64664d22846f,Soil Parent,,Hollin Lane Allotments Mill Race,ARENACEOUS | ARGILLIC - ARENACEOUS,"A sand-rich subsoil. | A layered subsoil of clay, silt and sand.",LIGHT(SILTY) TO MEDIUM(SILTY) TO HEAVY | MEDIUM TO HEAVY,,,,,,
LEEDS_6471101cefb5,Heavy Metals,As,Hesketh Lane Community Orchard,,,,,41.18,mg/kg,Arsenic,,
LEEDS_6471101cefb5,Heavy Metals,Cd,Hesketh Lane Community Orchard,,,,,0.45,mg/kg,Cadmium,,
LEEDS_6471101cefb5,Heavy Metals,Cu,Hesketh Lane Community Orchard,,,,,53.08,mg/kg,Copper,,
LEEDS_6471101cefb5,Heavy Metals,Ni,Hesketh Lane Community Orchard,,,,,41.68,mg/kg,Nickel,,
LEEDS_6471101cefb5,Heavy Metals,P2O5,Hesketh Lane Community Orchard,,,,,0.33,w%,Phosphorus,,
LEEDS_6471101cefb5,Heavy Metals,Pb,Hesketh Lane Community Orchard,,,,,98.43,mg/kg,Lead,,
LEEDS_6471101cefb5,Heavy Metals,Se,Hesketh Lane Community Orchard,,,,,0.92,mg/kg,Selenium,,
LEEDS_6471101cefb5,Heavy Metals,Zr,Hesketh Lane Community Orchard,,,,,230.11,mg/kg,Zirconium,,
LEEDS_6471101cefb5,Land Cover,,Hesketh Lane Community Orchard,,,,Suburban,,,,,
LEEDS_6471101cefb5,Soil Parent,,Hesketh Lane Community Orchard,ARENACEOUS,A sand-rich subsoil.,MEDIUM TO HEAVY,,,,,,
LEEDS_648d90a753e4,Heavy Metals,As,Incredible Edible Raised Beds,,,,,24.48,mg/kg,Arsenic,,
LEEDS_648d90a753e4,Heavy Metals,Cd,Incredible Edible Raised Beds,,,,,0.45,mg/kg,Cadmium,,
LEEDS_648d90a753e4,Heavy Metals,Cu,Incredible Edible Raised Beds,,,,,43.44,mg/kg,Copper,,
LEEDS_648d90a753e4,Heavy Metals,Ni,Incredible Edible Raised Beds,,,,,23.66,mg/kg,Nickel,,
LEEDS_648d90a753e4,Heavy Metals,P2O5,Incredible Edible Raised Beds,,,,,0.29,w%,Phosphorus,,
LEEDS_648d90a753e4,Heavy Metals,Pb,Incredible Edible Raised Beds,,,,,102.18,mg/kg,Lead,,
LEEDS_648d90a753e4,Heavy Metals,Se,Incredible Edible Raised Beds,,,,,1.08,mg/kg,Selenium,,
LEEDS_648d90a753e4,Heavy Metals,Zr,Incredible Edible Raised Beds,,,,,347.07,mg/kg,Zirconium,,
LEEDS_648d90a753e4,Land Cover,,Incredible Edible Raised Beds,,,,Urban,,,,,
LEEDS_648d90a753e4,Soil Parent,,Incredible Edible Raised Beds,MIXED (ARGILLIC-RUDACEOUS),"A variable clay, silt, and sand subsoil.",MEDIUM TO LIGHT(SILTY) TO HEAVY,,,,,,
LEEDS_65011d772a2b,Heavy Metals,As,Parkside Meanwood Allotments,,,,,17.32,mg/kg,Arsenic,,
LEEDS_65011d772a2b,Heavy Metals,Cd,Parkside Meanwood Allotments,,,,,0.46,mg/kg,Cadmium,,
LEEDS_65011d772a2b,Heavy Metals,Cu,Parkside Meanwood Allotments,,,,,31.69,mg/kg,Copper,,
LEEDS_65011d772a2b,Heavy Metals,Ni,Parkside Meanwood Allotments,,,,,26.76,mg/kg,Nickel,,
LEEDS_65011d772a2b,Heavy Metals,P2O5,Parkside Meanwood Allotments,,,,,0.28,w%,Phosphorus,,
LEEDS_65011d772a2b,Heavy Metals,Pb,Parkside Meanwood Allotments,,,,,86.9,mg/kg,Lead,,
LEEDS_65011d772a2b,Heavy Metals,Se,Parkside Meanwood Allotments,,,,,0.8,mg/kg,Selenium,,
LEEDS_65011d772a2b,Heavy Metals,Zr,Parkside Meanwood Allotments,,,,,257.9,mg/kg,Zirconium,,
LEEDS_65011d772a2b,Land Cover,,Parkside Meanwood Allotments,,,,Deciduous woodland | Suburban,,,,,
LEEDS_65011d772a2b,Soil Parent,,Parkside Meanwood Allotments,ARGILLIC - ARENACEOUS | ARENACEOUS,"A layered subsoil of clay, silt and sand. | A sand-rich subsoil.",MEDIUM TO HEAVY | LIGHT(SANDY) TO MEDIUM(SANDY),,,,,,
LEEDS_65011d772a2b,Soil SOM,,Parkside Meanwood Allotments,,,,,,,,,16.16
LEEDS_65011d772a2b,Soil pH,,Parkside Meanwood Allotments,,,,,,,,5.5,
LEEDS_657b7ef7d241,Heavy Metals,As,Driglington,,,,,33.36,mg/kg,Arsenic,,
LEEDS_657b7ef7d241,Heavy Metals,Cd,Driglington,,,,,0.43,mg/kg,Cadmium,,
LEEDS_657b7ef7d241,Heavy Metals,Cu,Driglington,,,,,52.17,mg/kg,Copper,,
LEEDS_657b7ef7d241,Heavy Metals,Ni,Driglington,,,,,23.71,mg/kg,Nickel,,
LEEDS_657b7ef7d241,Heavy Metals,P2O5,Driglington,,,,,0.34,w%,Phosphorus,,
LEEDS_657b7ef7d241,Heavy Metals,Pb,Driglington,,,,,94.69,mg/kg,Lead,,
LEEDS_657b7ef7d241,Heavy Metals,Se,Driglington,,,,,1.19,mg/kg,Selenium,,
LEEDS_657b7ef7d241,Heavy Metals,Zr,Driglington,,,,,267.09,mg/kg,Zirconium,,
LEEDS_657b7ef7d241,Land Cover,,Driglington,,,,Suburban,,,,,
LEEDS_657b7ef7d241,Soil Parent,,Driglington,ARENACEOUS,A sand-rich subsoil.,LIGHT(SILTY) TO MEDIUM(SILTY) TO HEAVY,,,,,,
LEEDS_65bc2f5c67d1,Heavy Metals,As,St James Allotments | Brooklands Allotments,,,,,13.09,mg/kg,Arsenic,,
LEEDS_65bc2f5c67d1,Heavy Metals,Cd,St James Allotments | Brooklands Allotments,,,,,0.27,mg/kg,Cadmium,,
LEEDS_65bc2f5c67d1,Heavy Metals,Cu,St James Allotments | Brooklands Allotments,,,,,25.81,mg/kg,Copper,,
LEEDS_65bc2f5c67d1,Heavy Metals,Ni,St James Allotments | Brooklands Allotments,,,,,44.06,mg/kg,Nickel,,
LEEDS_65bc2f5c67d1,Heavy Metals,P2O5,St James Allotments | Brooklands Allotments,,,,,0.19,w%,Phosphorus,,
LEEDS_65bc2f5c67d1,Heavy Metals,Pb,St James Allotments | Brooklands Allotments,,,,,62.95,mg/kg,Lead,,
LEEDS_65bc2f5c67d1,Heavy Metals,Se,St James Allotments | Brooklands Allotments,,,,,0.47,mg/kg,Selenium,,
LEEDS_65bc2f5c67d1,Heavy Metals,Zr,St James Allotments | Brooklands Allotments,,,,,130.23,mg/kg,Zirconium,,
LEEDS_65bc2f5c67d1,Land Cover,,St James Allotments | Brooklands Allotments,,,,Suburban,,,,,
LEEDS_65bc2f5c67d1,Soil Parent,,St James Allotments | Brooklands Allotments,ARGILLIC - ARENACEOUS,"A layered subsoil of clay, silt and sand.",MEDIUM TO HEAVY,,,,,,
LEEDS_665a81b4a651,Heavy Metals,As,Incredible Edible Moortown,,,,,20.36,mg/kg,Arsenic,,
LEEDS_665a81b4a651,Heavy Metals,Cd,Incredible Edible Moortown,,,,,0.45,mg/kg,Cadmium,,
LEEDS_665a81b4a651,Heavy Metals,Cu,Incredible Edible Moortown,,,,,24.5,mg/kg,Copper,,
LEEDS_665a81b4a651,Heavy Metals,Ni,Incredible Edible Moortown,,,,,23.8,mg/kg,Nickel,,
LEEDS_665a81b4a651,Heavy Metals,P2O5,Incredible Edible Moortown,,,,,0.25,w%,Phosphorus,,
LEEDS_665a81b4a651,Heavy Metals,Pb,Incredible Edible Moortown,,,,,77.75,mg/kg,Lead,,
LEEDS_665a81b4a651,Heavy Metals,Se,Incredible Edible Moortown,,,,,0.74,mg/kg,Selenium,,
LEEDS_665a81b4a651,Heavy Metals,Zr,Incredible Edible Moortown,,,,,231.37,mg/kg,Zirconium,,
LEEDS_665a81b4a651,Land Cover,,Incredible Edible Moortown,,,,Urban,,,,,
LEEDS_665a81b4a651,Soil Parent,,Incredible Edible Moortown,ARENACEOUS,A sand-rich subsoil.,LIGHT(SANDY) TO MEDIUM(SANDY),,,,,,
LEEDS_66666db87db7,Heavy Metals,As,Allotments Group,,,,,34.73,mg/kg,Arsenic,,
LEEDS_66666db87db7,Heavy Metals,Cd,Allotments Group,,,,,0.51,mg/kg,Cadmium,,
LEEDS_66666db87db7,Heavy Metals,Cu,Allotments Group,,,,,57.19,mg/kg,Copper,,
LEEDS_66666db87db7,Heavy Metals,Ni,Allotments Group,,,,,32.56,mg/kg,Nickel,,
LEEDS_66666db87db7,Heavy Metals,P2O5,Allotments Group,,,,,0.33,w%,Phosphorus,,
LEEDS_66666db87db7,Heavy Metals,Pb,Allotments Group,,,,,114.82,mg/kg,Lead,,
LEEDS_66666db87db7,Heavy Metals,Se,Allotments Group,,,,,1.0,mg/kg,Selenium,,
LEEDS_66666db87db7,Heavy Metals,Zr,Allotments Group,,,,,230.53,mg/kg,Zirconium,,
LEEDS_66666db87db7,Land Cover,,Allotments Group,,,,Urban,,,,,
LEEDS_66666db87db7,Soil Parent,,Allotments Group,ARGILLIC - ARENACEOUS,"A layered subsoil of clay, silt and sand.",MEDIUM TO HEAVY,,,,,,
LEEDS_678c930e5182,Heavy Metals,As,Alwoodley Allotments,,,,,11.69,mg/kg,Arsenic,,
LEEDS_678c930e5182,Heavy Metals,Cd,Alwoodley Allotments,,,,,0.6,mg/kg,Cadmium,,
LEEDS_678c930e5182,Heavy Metals,Cu,Alwoodley Allotments,,,,,20.65,mg/kg,Copper,,
LEEDS_678c930e5182,Heavy Metals,Ni,Alwoodley Allotments,,,,,15.77,mg/kg,Nickel,,
LEEDS_678c930e5182,Heavy Metals,P2O5,Alwoodley Allotments,,,,,0.29,w%,Phosphorus,,
LEEDS_678c930e5182,Heavy Metals,Pb,Alwoodley Allotments,,,,,65.59,mg/kg,Lead,,
LEEDS_678c930e5182,Heavy Metals,Se,Alwoodley Allotments,,,,,0.67,mg/kg,Selenium,,
LEEDS_678c930e5182,Heavy Metals,Zr,Alwoodley Allotments,,,,,242.08,mg/kg,Zirconium,,
LEEDS_678c930e5182,Land Cover,,Alwoodley Allotments,,,,Improve grassland | Arable,,,,,
LEEDS_678c930e5182,Soil Parent,,Alwoodley Allotments,ARGILLIC - ARENACEOUS | MIXED (ARGILLIC-RUDACEOUS),"A layered subsoil of clay, silt and sand. | A variable clay, silt, and sand subsoil.",LIGHT(SILTY) TO MEDIUM(SILTY) TO HEAVY | MEDIUM TO LIGHT(SILTY) TO HEAVY,,,,,,
LEEDS_678c930e5182,Soil SOM,,Alwoodley Allotments,,,,,,,,,8.9
LEEDS_678c930e5182,Soil pH,,Alwoodley Allotments,,,,,,,,6.31,
LEEDS_67a5e0a20a2d,Heavy Metals,As,Incredible Edible Raised Beds,,,,,13.41,mg/kg,Arsenic,,
LEEDS_67a5e0a20a2d,Heavy Metals,Cd,Incredible Edible Raised Beds,,,,,0.56,mg/kg,Cadmium,,
LEEDS_67a5e0a20a2d,Heavy Metals,Cu,Incredible Edible Raised Beds,,,,,23.32,mg/kg,Copper,,
LEEDS_67a5e0a20a2d,Heavy Metals,Ni,Incredible Edible Raised Beds,,,,,21.11,mg/kg,Nickel,,
LEEDS_67a5e0a20a2d,Heavy Metals,P2O5,Incredible Edible Raised Beds,,,,,0.17,w%,Phosphorus,,
LEEDS_67a5e0a20a2d,Heavy Metals,Pb,Incredible Edible Raised Beds,,,,,70.43,mg/kg,Lead,,
LEEDS_67a5e0a20a2d,Heavy Metals,Se,Incredible Edible Raised Beds,,,,,0.62,mg/kg,Selenium,,
LEEDS_67a5e0a20a2d,Heavy Metals,Zr,Incredible Edible Raised Beds,,,,,295.29,mg/kg,Zirconium,,
LEEDS_67a5e0a20a2d,Land Cover,,Incredible Edible Raised Beds,,,,Suburban,,,,,
LEEDS_67a5e0a20a2d,Soil Parent,,Incredible Edible Raised Beds,ARGILLIC - ARENACEOUS,"A layered subsoil of clay, silt and sand.",LIGHT(SILTY) TO MEDIUM(SILTY),,,,,,
LEEDS_67a5e0a20a2d,Soil SOM,,Incredible Edible Raised Beds,,,,,,,,,3.13
LEEDS_67a5e0a20a2d,Soil pH,,Incredible Edible Raised Beds,,,,,,,,7.7,
LEEDS_6804de84be2a,Heavy Metals,As,Rothwell Carlton Lane Allotments,,,,,20.36,mg/kg,Arsenic,,
LEEDS_6804de84be2a,Heavy Metals,Cd,Rothwell Carlton Lane Allotments,,,,,0.54,mg/kg,Cadmium,,
LEEDS_6804de84be2a,Heavy Metals,Cu,Rothwell Carlton Lane Allotments,,,,,44.46,mg/kg,Copper,,
LEEDS_6804de84be2a,Heavy Metals,Ni,Rothwell Carlton Lane Allotments,,,,,21.65,mg/kg,Nickel,,
LEEDS_6804de84be2a,Heavy Metals,P2O5,Rothwell Carlton Lane Allotments,,,,,0.27,w%,Phosphorus,,
LEEDS_6804de84be2a,Heavy Metals,Pb,Rothwell Carlton Lane Allotments,,,,,118.81,mg/kg,Lead,,
LEEDS_6804de84be2a,Heavy Metals,Se,Rothwell Carlton Lane Allotments,,,,,1.13,mg/kg,Selenium,,
LEEDS_6804de84be2a,Heavy Metals,Zr,Rothwell Carlton Lane Allotments,,,,,316.43,mg/kg,Zirconium,,
LEEDS_6804de84be2a,Land Cover,,Rothwell Carlton Lane Allotments,,,,Suburban,,,,,
LEEDS_6804de84be2a,Soil Parent,,Rothwell Carlton Lane Allotments,ARENACEOUS | ARGILLIC - ARENACEOUS,"A sand-rich subsoil. | A layered subsoil of clay, silt and sand.",MEDIUM TO HEAVY | HEAVY TO MEDIUM,,,,,,
LEEDS_6804de84be2a,Soil SOM,,Rothwell Carlton Lane Allotments,,,,,,,,,5.14
LEEDS_6804de84be2a,Soil pH,,Rothwell Carlton Lane Allotments,,,,,,,,7.05,
LEEDS_692d2f6d8a57,Heavy Metals,As,Incredible Edible Raised Beds,,,,,15.18,mg/kg,Arsenic,,
LEEDS_692d2f6d8a57,Heavy Metals,Cd,Incredible Edible Raised Beds,,,,,0.4,mg/kg,Cadmium,,
LEEDS_692d2f6d8a57,Heavy Metals,Cu,Incredible Edible Raised Beds,,,,,22.62,mg/kg,Copper,,
LEEDS_692d2f6d8a57,Heavy Metals,Ni,Incredible Edible Raised Beds,,,,,25.06,mg/kg,Nickel,,
LEEDS_692d2f6d8a57,Heavy Metals,P2O5,Incredible Edible Raised Beds,,,,,0.19,w%,Phosphorus,,
LEEDS_692d2f6d8a57,Heavy Metals,Pb,Incredible Edible Raised Beds,,,,,54.23,mg/kg,Lead,,
LEEDS_692d2f6d8a57,Heavy Metals,Se,Incredible Edible Raised Beds,,,,,0.62,mg/kg,Selenium,,
LEEDS_692d2f6d8a57,Heavy Metals,Zr,Incredible Edible Raised Beds,,,,,309.06,mg/kg,Zirconium,,
LEEDS_692d2f6d8a57,Land Cover,,Incredible Edible Raised Beds,,,,Suburban,,,,,
LEEDS_692d2f6d8a57,Soil Parent,,Incredible Edible Raised Beds,ARGILLIC - ARENACEOUS,"A layered subsoil of clay, silt and sand.",MEDIUM TO HEAVY,,,,,,
LEEDS_6943c0e7a691,Heavy Metals,As,Spring Lane Sidings Orchard,,,,,35.8,mg/kg,Arsenic,,
LEEDS_6943c0e7a691,Heavy Metals,Cd,Spring Lane Sidings Orchard,,,,,0.63,mg/kg,Cadmium,,
LEEDS_6943c0e7a691,Heavy Metals,Cu,Spring Lane Sidings Orchard,,,,,69.26,mg/kg,Copper,,
LEEDS_6943c0e7a691,Heavy Metals,Ni,Spring Lane Sidings Orchard,,,,,27.27,mg/kg,Nickel,,
LEEDS_6943c0e7a691,Heavy Metals,P2O5,Spring Lane Sidings Orchard,,,,,0.33,w%,Phosphorus,,
LEEDS_6943c0e7a691,Heavy Metals,Pb,Spring Lane Sidings Orchard,,,,,137.77,mg/kg,Lead,,
LEEDS_6943c0e7a691,Heavy Metals,Se,Spring Lane Sidings Orchard,,,,,1.14,mg/kg,Selenium,,
LEEDS_6943c0e7a691,Heavy Metals,Zr,Spring Lane Sidings Orchard,,,,,317.65,mg/kg,Zirconium,,
LEEDS_6943c0e7a691,Land Cover,,Spring Lane Sidings Orchard,,,,Deciduous woodland,,,,,
LEEDS_6943c0e7a691,Soil Parent,,Spring Lane Sidings Orchard,ARGILLIC - ARENACEOUS,"A layered subsoil of clay, silt and sand.",HEAVY TO MEDIUM,,,,,,
LEEDS_6943c0e7a691,Soil SOM,,Spring Lane Sidings Orchard,,,,,,,,,5.14
LEEDS_6943c0e7a691,Soil pH,,Spring Lane Sidings Orchard,,,,,,,,7.05,
LEEDS_6ad816d3df97,Heavy Metals,As,*Name Unavailable,,,,,10.19,mg/kg,Arsenic,,
LEEDS_6ad816d3df97,Heavy Metals,Cd,*Name Unavailable,,,,,0.53,mg/kg,Cadmium,,
LEEDS_6ad816d3df97,Heavy Metals,Cu,*Name Unavailable,,,,,22.46,mg/kg,Copper,,
LEEDS_6ad816d3df97,Heavy Metals,Ni,*Name Unavailable,,,,,14.85,mg/kg,Nickel,,
LEEDS_6ad816d3df97,Heavy Metals,P2O5,*Name Unavailable,,,,,0.23,w%,Phosphorus,,
LEEDS_6ad816d3df97,Heavy Metals,Pb,*Name Unavailable,,,,,75.66,mg/kg,Lead,,
LEEDS_6ad816d3df97,Heavy Metals,Se,*Name Unavailable,,,,,0.69,mg/kg,Selenium,,
LEEDS_6ad816d3df97,Heavy Metals,Zr,*Name Unavailable,,,,,301.47,mg/kg,Zirconium,,
LEEDS_6ad816d3df97,Land Cover,,*Name Unavailable,,,,Arable | Suburban,,,,,
LEEDS_6ad816d3df97,Soil Parent,,*Name Unavailable,MIXED (ARGILLIC-RUDACEOUS),"A variable clay, silt, and sand subsoil.",MEDIUM TO LIGHT(SILTY) TO HEAVY,,,,,,
LEEDS_6ad816d3df97,Soil SOM,,*Name Unavailable,,,,,,,,,10.72
LEEDS_6ad816d3df97,Soil pH,,*Name Unavailable,,,,,,,,6.07,
LEEDS_6b429ff342bc,Heavy Metals,As,Rosebank Millennium Green Community Orchard,,,,,27.96,mg/kg,Arsenic,,
LEEDS_6b429ff342bc,Heavy Metals,Cd,Rosebank Millennium Green Community Orchard,,,,,0.47,mg/kg,Cadmium,,
LEEDS_6b429ff342bc,Heavy Metals,Cu,Rosebank Millennium Green Community Orchard,,,,,60.8,mg/kg,Copper,,
LEEDS_6b429ff342bc,Heavy Metals,Ni,Rosebank Millennium Green Community Orchard,,,,,32.24,mg/kg,Nickel,,
LEEDS_6b429ff342bc,Heavy Metals,P2O5,Rosebank Millennium Green Community Orchard,,,,,0.3,w%,Phosphorus,,
LEEDS_6b429ff342bc,Heavy Metals,Pb,Rosebank Millennium Green Community Orchard,,,,,116.45,mg/kg,Lead,,
LEEDS_6b429ff342bc,Heavy Metals,Se,Rosebank Millennium Green Community Orchard,,,,,0.97,mg/kg,Selenium,,
LEEDS_6b429ff342bc,Heavy Metals,Zr,Rosebank Millennium Green Community Orchard,,,,,259.98,mg/kg,Zirconium,,
LEEDS_6b429ff342bc,Land Cover,,Rosebank Millennium Green Community Orchard,,,,Suburban,,,,,
LEEDS_6b429ff342bc,Soil Parent,,Rosebank Millennium Green Community Orchard,ARGILLIC - ARENACEOUS,"A layered subsoil of clay, silt and sand.",MEDIUM TO HEAVY,,,,,,
LEEDS_6b5fcf124056,Heavy Metals,As,*Name Unavailable,,,,,25.82,mg/kg,Arsenic,,
LEEDS_6b5fcf124056,Heavy Metals,Cd,*Name Unavailable,,,,,0.34,mg/kg,Cadmium,,
LEEDS_6b5fcf124056,Heavy Metals,Cu,*Name Unavailable,,,,,41.32,mg/kg,Copper,,
LEEDS_6b5fcf124056,Heavy Metals,Ni,*Name Unavailable,,,,,27.51,mg/kg,Nickel,,
LEEDS_6b5fcf124056,Heavy Metals,P2O5,*Name Unavailable,,,,,0.23,w%,Phosphorus,,
LEEDS_6b5fcf124056,Heavy Metals,Pb,*Name Unavailable,,,,,80.28,mg/kg,Lead,,
LEEDS_6b5fcf124056,Heavy Metals,Se,*Name Unavailable,,,,,0.71,mg/kg,Selenium,,
LEEDS_6b5fcf124056,Heavy Metals,Zr,*Name Unavailable,,,,,214.67,mg/kg,Zirconium,,
LEEDS_6b5fcf124056,Land Cover,,*Name Unavailable,,,,Improve grassland,,,,,
LEEDS_6b5fcf124056,Soil Parent,,*Name Unavailable,ARGILLIC - ARENACEOUS,"A layered subsoil of clay, silt and sand.",MEDIUM TO HEAVY,,,,,,
LEEDS_6b78e02227e8,Heavy Metals,As,The Lost Plot,,,,,27.83,mg/kg,Arsenic,,
LEEDS_6b78e02227e8,Heavy Metals,Cd,The Lost Plot,,,,,0.47,mg/kg,Cadmium,,
LEEDS_6b78e02227e8,Heavy Metals,Cu,The Lost Plot,,,,,57.88,mg/kg,Copper,,
LEEDS_6b78e02227e8,Heavy Metals,Ni,The Lost Plot,,,,,32.88,mg/kg,Nickel,,
LEEDS_6b78e02227e8,Heavy Metals,P2O5,The Lost Plot,,,,,0.3,w%,Phosphorus,,
LEEDS_6b78e02227e8,Heavy Metals,Pb,The Lost Plot,,,,,112.02,mg/kg,Lead,,
LEEDS_6b78e02227e8,Heavy Metals,Se,The Lost Plot,,,,,0.96,mg/kg,Selenium,,
LEEDS_6b78e02227e8,Heavy Metals,Zr,The Lost Plot,,,,,268.97,mg/kg,Zirconium,,
LEEDS_6b78e02227e8,Land Cover,,The Lost Plot,,,,Suburban,,,,,
LEEDS_6b78e02227e8,Soil Parent,,The Lost Plot,ARGILLIC - ARENACEOUS,"A layered subsoil of clay, silt and sand.",MEDIUM TO HEAVY,,,,,,
LEEDS_6b8b01b3a462,Heavy Metals,As,Beechwood Crescent Allotments Burley Model,,,,,25.87,mg/kg,Arsenic,,
LEEDS_6b8b01b3a462,Heavy Metals,Cd,Beechwood Crescent Allotments Burley Model,,,,,0.43,mg/kg,Cadmium,,
LEEDS_6b8b01b3a462,Heavy Metals,Cu,Beechwood Crescent Allotments Burley Model,,,,,49.01,mg/kg,Copper,,
LEEDS_6b8b01b3a462,Heavy Metals,Ni,Beechwood Crescent Allotments Burley Model,,,,,31.85,mg/kg,Nickel,,
LEEDS_6b8b01b3a462,Heavy Metals,P2O5,Beechwood Crescent Allotments Burley Model,,,,,0.29,w%,Phosphorus,,
LEEDS_6b8b01b3a462,Heavy Metals,Pb,Beechwood Crescent Allotments Burley Model,,,,,102.05,mg/kg,Lead,,
LEEDS_6b8b01b3a462,Heavy Metals,Se,Beechwood Crescent Allotments Burley Model,,,,,0.96,mg/kg,Selenium,,
LEEDS_6b8b01b3a462,Heavy Metals,Zr,Beechwood Crescent Allotments Burley Model,,,,,255.36,mg/kg,Zirconium,,
LEEDS_6b8b01b3a462,Land Cover,,Beechwood Crescent Allotments Burley Model,,,,Urban | Suburban,,,,,
LEEDS_6b8b01b3a462,Soil Parent,,Beechwood Crescent Allotments Burley Model,ARGILLIC - ARENACEOUS,"A layered subsoil of clay, silt and sand.",MEDIUM TO HEAVY,,,,,,
LEEDS_6b97ca4c82c6,Heavy Metals,As,Broadlee Community Orchard,,,,,24.72,mg/kg,Arsenic,,
LEEDS_6b97ca4c82c6,Heavy Metals,Cd,Broadlee Community Orchard,,,,,0.48,mg/kg,Cadmium,,
LEEDS_6b97ca4c82c6,Heavy Metals,Cu,Broadlee Community Orchard,,,,,42.35,mg/kg,Copper,,
LEEDS_6b97ca4c82c6,Heavy Metals,Ni,Broadlee Community Orchard,,,,,34.11,mg/kg,Nickel,,
LEEDS_6b97ca4c82c6,Heavy Metals,P2O5,Broadlee Community Orchard,,,,,0.32,w%,Phosphorus,,
LEEDS_6b97ca4c82c6,Heavy Metals,Pb,Broadlee Community Orchard,,,,,100.81,mg/kg,Lead,,
LEEDS_6b97ca4c82c6,Heavy Metals,Se,Broadlee Community Orchard,,,,,1.07,mg/kg,Selenium,,
LEEDS_6b97ca4c82c6,Heavy Metals,Zr,Broadlee Community Orchard,,,,,322.64,mg/kg,Zirconium,,
LEEDS_6b97ca4c82c6,Land Cover,,Broadlee Community Orchard,,,,Suburban,,,,,
LEEDS_6b97ca4c82c6,Soil Parent,,Broadlee Community Orchard,MIXED (ARGILLIC-RUDACEOUS),"A variable clay, silt, and sand subsoil.",MEDIUM TO LIGHT(SILTY) TO HEAVY,,,,,,
LEEDS_6cde322b5020,Heavy Metals,As,Parkside Beeston Allotments,,,,,33.02,mg/kg,Arsenic,,
LEEDS_6cde322b5020,Heavy Metals,Cd,Parkside Beeston Allotments,,,,,0.51,mg/kg,Cadmium,,
LEEDS_6cde322b5020,Heavy Metals,Cu,Parkside Beeston Allotments,,,,,59.61,mg/kg,Copper,,
LEEDS_6cde322b5020,Heavy Metals,Ni,Parkside Beeston Allotments,,,,,36.4,mg/kg,Nickel,,
LEEDS_6cde322b5020,Heavy Metals,P2O5,Parkside Beeston Allotments,,,,,0.33,w%,Phosphorus,,
LEEDS_6cde322b5020,Heavy Metals,Pb,Parkside Beeston Allotments,,,,,126.24,mg/kg,Lead,,
LEEDS_6cde322b5020,Heavy Metals,Se,Parkside Beeston Allotments,,,,,1.03,mg/kg,Selenium,,
LEEDS_6cde322b5020,Heavy Metals,Zr,Parkside Beeston Allotments,,,,,232.57,mg/kg,Zirconium,,
LEEDS_6cde322b5020,Land Cover,,Parkside Beeston Allotments,,,,Suburban | Urban,,,,,
LEEDS_6cde322b5020,Soil Parent,,Parkside Beeston Allotments,ARGILLIC - ARENACEOUS,"A layered subsoil of clay, silt and sand.",MEDIUM TO HEAVY,,,,,,
LEEDS_6cde322b5020,Soil SOM,,Parkside Beeston Allotments,,,,,,,,,14.15
LEEDS_6cde322b5020,Soil pH,,Parkside Beeston Allotments,,,,,,,,5.5,
LEEDS_6f0f1ef65783,Heavy Metals,As,Incredible Edible Raised Beds,,,,,15.22,mg/kg,Arsenic,,
LEEDS_6f0f1ef65783,Heavy Metals,Cd,Incredible Edible Raised Beds,,,,,0.47,mg/kg,Cadmium,,
LEEDS_6f0f1ef65783,Heavy Metals,Cu,Incredible Edible Raised Beds,,,,,27.58,mg/kg,Copper,,
LEEDS_6f0f1ef65783,Heavy Metals,Ni,Incredible Edible Raised Beds,,,,,25.69,mg/kg,Nickel,,
LEEDS_6f0f1ef65783,Heavy Metals,P2O5,Incredible Edible Raised Beds,,,,,0.21,w%,Phosphorus,,
LEEDS_6f0f1ef65783,Heavy Metals,Pb,Incredible Edible Raised Beds,,,,,61.54,mg/kg,Lead,,
LEEDS_6f0f1ef65783,Heavy Metals,Se,Incredible Edible Raised Beds,,,,,0.78,mg/kg,Selenium,,
LEEDS_6f0f1ef65783,Heavy Metals,Zr,Incredible Edible Raised Beds,,,,,258.11,mg/kg,Zirconium,,
LEEDS_6f0f1ef65783,Land Cover,,Incredible Edible Raised Beds,,,,Suburban,,,,,
LEEDS_6f0f1ef65783,Soil Parent,,Incredible Edible Raised Beds,ARGILLIC - ARENACEOUS,"A layered subsoil of clay, silt and sand.",HEAVY TO MEDIUM,,,,,,
LEEDS_6ff39657ef2d,Heavy Metals,As,Beeston Hill Community Orchard,,,,,37.51,mg/kg,Arsenic,,
LEEDS_6ff39657ef2d,Heavy Metals,Cd,Beeston Hill Community Orchard,,,,,0.51,mg/kg,Cadmium,,
LEEDS_6ff39657ef2d,Heavy Metals,Cu,Beeston Hill Community Orchard,,,,,66.0,mg/kg,Copper,,
LEEDS_6ff39657ef2d,Heavy Metals,Ni,Beeston Hill Community Orchard,,,,,33.41,mg/kg,Nickel,,
LEEDS_6ff39657ef2d,Heavy Metals,P2O5,Beeston Hill Community Orchard,,,,,0.33,w%,Phosphorus,,
LEEDS_6ff39657ef2d,Heavy Metals,Pb,Beeston Hill Community Orchard,,,,,123.85,mg/kg,Lead,,
LEEDS_6ff39657ef2d,Heavy Metals,Se,Beeston Hill Community Orchard,,,,,1.01,mg/kg,Selenium,,
LEEDS_6ff39657ef2d,Heavy Metals,Zr,Beeston Hill Community Orchard,,,,,234.05,mg/kg,Zirconium,,
LEEDS_6ff39657ef2d,Land Cover,,Beeston Hill Community Orchard,,,,Suburban,,,,,
LEEDS_6ff39657ef2d,Soil Parent,,Beeston Hill Community Orchard,ARGILLIC - ARENACEOUS,"A layered subsoil of clay, silt and sand.",MEDIUM TO HEAVY,,,,,,
LEEDS_706fe99f7827,Heavy Metals,As,Gipton Growers,,,,,21.57,mg/kg,Arsenic,,
LEEDS_706fe99f7827,Heavy Metals,Cd,Gipton Growers,,,,,0.35,mg/kg,Cadmium,,
LEEDS_706fe99f7827,Heavy Metals,Cu,Gipton Growers,,,,,44.73,mg/kg,Copper,,
LEEDS_706fe99f7827,Heavy Metals,Ni,Gipton Growers,,,,,24.48,mg/kg,Nickel,,
LEEDS_706fe99f7827,Heavy Metals,P2O5,Gipton Growers,,,,,0.29,w%,Phosphorus,,
LEEDS_706fe99f7827,Heavy Metals,Pb,Gipton Growers,,,,,89.42,mg/kg,Lead,,
LEEDS_706fe99f7827,Heavy Metals,Se,Gipton Growers,,,,,0.79,mg/kg,Selenium,,
LEEDS_706fe99f7827,Heavy Metals,Zr,Gipton Growers,,,,,233.71,mg/kg,Zirconium,,
LEEDS_706fe99f7827,Land Cover,,Gipton Growers,,,,Suburban,,,,,
LEEDS_706fe99f7827,Soil Parent,,Gipton Growers,ARGILLIC - ARENACEOUS,"A layered subsoil of clay, silt and sand.",MEDIUM TO HEAVY,,,,,,
LEEDS_714a01ca4507,Heavy Metals,As,Western Road Allotments | Westerton Road Allotments,,,,,30.12,mg/kg,Arsenic,,
LEEDS_714a01ca4507,Heavy Metals,Cd,Western Road Allotments | Westerton Road Allotments,,,,,0.53,mg/kg,Cadmium,,
LEEDS_714a01ca4507,Heavy Metals,Cu,Western Road Allotments | Westerton Road Allotments,,,,,59.54,mg/kg,Copper,,
LEEDS_714a01ca4507,Heavy Metals,Ni,Western Road Allotments | Westerton Road Allotments,,,,,34.78,mg/kg,Nickel,,
LEEDS_714a01ca4507,Heavy Metals,P2O5,Western Road Allotments | Westerton Road Allotments,,,,,0.33,w%,Phosphorus,,
LEEDS_714a01ca4507,Heavy Metals,Pb,Western Road Allotments | Westerton Road Allotments,,,,,108.09,mg/kg,Lead,,
LEEDS_714a01ca4507,Heavy Metals,Se,Western Road Allotments | Westerton Road Allotments,,,,,1.01,mg/kg,Selenium,,
LEEDS_714a01ca4507,Heavy Metals,Zr,Western Road Allotments | Westerton Road Allotments,,,,,240.2,mg/kg,Zirconium,,
LEEDS_714a01ca4507,Land Cover,,Western Road Allotments | Westerton Road Allotments,,,,Suburban,,,,,
LEEDS_714a01ca4507,Soil Parent,,Western Road Allotments | Westerton Road Allotments,ARGILLIC - ARENACEOUS,"A layered subsoil of clay, silt and sand.",HEAVY TO MEDIUM,,,,,,
LEEDS_71b2ec57e1f1,Heavy Metals,As,Nan,,,,,12.94,mg/kg,Arsenic,,
LEEDS_71b2ec57e1f1,Heavy Metals,Cd,Nan,,,,,0.7,mg/kg,Cadmium,,
LEEDS_71b2ec57e1f1,Heavy Metals,Cu,Nan,,,,,27.83,mg/kg,Copper,,
LEEDS_71b2ec57e1f1,Heavy Metals,Ni,Nan,,,,,22.77,mg/kg,Nickel,,
LEEDS_71b2ec57e1f1,Heavy Metals,P2O5,Nan,,,,,0.21,w%,Phosphorus,,
LEEDS_71b2ec57e1f1,Heavy Metals,Pb,Nan,,,,,75.21,mg/kg,Lead,,
LEEDS_71b2ec57e1f1,Heavy Metals,Se,Nan,,,,,0.55,mg/kg,Selenium,,
LEEDS_71b2ec57e1f1,Heavy Metals,Zr,Nan,,,,,248.84,mg/kg,Zirconium,,
LEEDS_71b2ec57e1f1,Land Cover,,Nan,,,,Suburban,,,,,
LEEDS_71b2ec57e1f1,Soil Parent,,Nan,ARGILLIC - ARENACEOUS,"A layered subsoil of clay, silt and sand.",LIGHT(SILTY) TO MEDIUM(SILTY),,,,,,
LEEDS_71b2ec57e1f1,Soil SOM,,Nan,,,,,,,,,8.19
LEEDS_71b2ec57e1f1,Soil pH,,Nan,,,,,,,,6.72,
LEEDS_71fdec75202a,Heavy Metals,As,Incredible Edible Raised Beds,,,,,17.19,mg/kg,Arsenic,,
LEEDS_71fdec75202a,Heavy Metals,Cd,Incredible Edible Raised Beds,,,,,0.49,mg/kg,Cadmium,,
LEEDS_71fdec75202a,Heavy Metals,Cu,Incredible Edible Raised Beds,,,,,29.14,mg/kg,Copper,,
LEEDS_71fdec75202a,Heavy Metals,Ni,Incredible Edible Raised Beds,,,,,24.22,mg/kg,Nickel,,
LEEDS_71fdec75202a,Heavy Metals,P2O5,Incredible Edible Raised Beds,,,,,0.26,w%,Phosphorus,,
LEEDS_71fdec75202a,Heavy Metals,Pb,Incredible Edible Raised Beds,,,,,86.13,mg/kg,Lead,,
LEEDS_71fdec75202a,Heavy Metals,Se,Incredible Edible Raised Beds,,,,,0.96,mg/kg,Selenium,,
LEEDS_71fdec75202a,Heavy Metals,Zr,Incredible Edible Raised Beds,,,,,265.15,mg/kg,Zirconium,,
LEEDS_71fdec75202a,Land Cover,,Incredible Edible Raised Beds,,,,Urban,,,,,
LEEDS_71fdec75202a,Soil Parent,,Incredible Edible Raised Beds,MIXED (ARGILLIC-RUDACEOUS),"A variable clay, silt, and sand subsoil.",MEDIUM TO LIGHT(SILTY) TO HEAVY,,,,,,
LEEDS_7212b6bec9a9,Heavy Metals,As,Greenthorpe Allotments,,,,,23.69,mg/kg,Arsenic,,
LEEDS_7212b6bec9a9,Heavy Metals,Cd,Greenthorpe Allotments,,,,,0.51,mg/kg,Cadmium,,
LEEDS_7212b6bec9a9,Heavy Metals,Cu,Greenthorpe Allotments,,,,,45.17,mg/kg,Copper,,
LEEDS_7212b6bec9a9,Heavy Metals,Ni,Greenthorpe Allotments,,,,,23.19,mg/kg,Nickel,,
LEEDS_7212b6bec9a9,Heavy Metals,P2O5,Greenthorpe Allotments,,,,,0.32,w%,Phosphorus,,
LEEDS_7212b6bec9a9,Heavy Metals,Pb,Greenthorpe Allotments,,,,,96.04,mg/kg,Lead,,
LEEDS_7212b6bec9a9,Heavy Metals,Se,Greenthorpe Allotments,,,,,1.1,mg/kg,Selenium,,
LEEDS_7212b6bec9a9,Heavy Metals,Zr,Greenthorpe Allotments,,,,,319.28,mg/kg,Zirconium,,
LEEDS_7212b6bec9a9,Land Cover,,Greenthorpe Allotments,,,,Suburban | Deciduous woodland,,,,,
LEEDS_7212b6bec9a9,Soil Parent,,Greenthorpe Allotments,ARGILLIC - ARENACEOUS,"A layered subsoil of clay, silt and sand.",MEDIUM TO HEAVY,,,,,,
LEEDS_7354fb9accf6,Heavy Metals,As,*Name Unavailable,,,,,31.86,mg/kg,Arsenic,,
LEEDS_7354fb9accf6,Heavy Metals,Cd,*Name Unavailable,,,,,0.41,mg/kg,Cadmium,,
LEEDS_7354fb9accf6,Heavy Metals,Cu,*Name Unavailable,,,,,56.05,mg/kg,Copper,,
LEEDS_7354fb9accf6,Heavy Metals,Ni,*Name Unavailable,,,,,26.47,mg/kg,Nickel,,
LEEDS_7354fb9accf6,Heavy Metals,P2O5,*Name Unavailable,,,,,0.3,w%,Phosphorus,,
LEEDS_7354fb9accf6,Heavy Metals,Pb,*Name Unavailable,,,,,131.03,mg/kg,Lead,,
LEEDS_7354fb9accf6,Heavy Metals,Se,*Name Unavailable,,,,,0.92,mg/kg,Selenium,,
LEEDS_7354fb9accf6,Heavy Metals,Zr,*Name Unavailable,,,,,279.74,mg/kg,Zirconium,,
LEEDS_7354fb9accf6,Land Cover,,*Name Unavailable,,,,Urban | Suburban,,,,,
LEEDS_7354fb9accf6,Soil Parent,,*Name Unavailable,ARGILLIC - ARENACEOUS,"A layered subsoil of clay, silt and sand.",MEDIUM TO HEAVY,,,,,,
LEEDS_74fa677e6f5e,Heavy Metals,As,Rothwell Holmsley Field Allotments,,,,,15.55,mg/kg,Arsenic,,
LEEDS_74fa677e6f5e,Heavy Metals,Cd,Rothwell Holmsley Field Allotments,,,,,0.48,mg/kg,Cadmium,,
LEEDS_74fa677e6f5e,Heavy Metals,Cu,Rothwell Holmsley Field Allotments,,,,,33.43,mg/kg,Copper,,
LEEDS_74fa677e6f5e,Heavy Metals,Ni,Rothwell Holmsley Field Allotments,,,,,18.75,mg/kg,Nickel,,
LEEDS_74fa677e6f5e,Heavy Metals,P2O5,Rothwell Holmsley Field Allotments,,,,,0.23,w%,Phosphorus,,
LEEDS_74fa677e6f5e,Heavy Metals,Pb,Rothwell Holmsley Field Allotments,,,,,71.61,mg/kg,Lead,,
LEEDS_74fa677e6f5e,Heavy Metals,Se,Rothwell Holmsley Field Allotments,,,,,1.11,mg/kg,Selenium,,
LEEDS_74fa677e6f5e,Heavy Metals,Zr,Rothwell Holmsley Field Allotments,,,,,345.0,mg/kg,Zirconium,,
LEEDS_74fa677e6f5e,Land Cover,,Rothwell Holmsley Field Allotments,,,,Suburban,,,,,
LEEDS_74fa677e6f5e,Soil Parent,,Rothwell Holmsley Field Allotments,ARENACEOUS,A sand-rich subsoil.,MEDIUM TO HEAVY,,,,,,
LEEDS_75d78f3c88c5,Heavy Metals,As,Incredible Edible Pudsey,,,,,39.27,mg/kg,Arsenic,,
LEEDS_75d78f3c88c5,Heavy Metals,Cd,Incredible Edible Pudsey,,,,,0.46,mg/kg,Cadmium,,
LEEDS_75d78f3c88c5,Heavy Metals,Cu,Incredible Edible Pudsey,,,,,42.87,mg/kg,Copper,,
LEEDS_75d78f3c88c5,Heavy Metals,Ni,Incredible Edible Pudsey,,,,,31.78,mg/kg,Nickel,,
LEEDS_75d78f3c88c5,Heavy Metals,P2O5,Incredible Edible Pudsey,,,,,0.29,w%,Phosphorus,,
LEEDS_75d78f3c88c5,Heavy Metals,Pb,Incredible Edible Pudsey,,,,,99.33,mg/kg,Lead,,
LEEDS_75d78f3c88c5,Heavy Metals,Se,Incredible Edible Pudsey,,,,,1.0,mg/kg,Selenium,,
LEEDS_75d78f3c88c5,Heavy Metals,Zr,Incredible Edible Pudsey,,,,,303.8,mg/kg,Zirconium,,
LEEDS_75d78f3c88c5,Land Cover,,Incredible Edible Pudsey,,,,Urban,,,,,
LEEDS_75d78f3c88c5,Soil Parent,,Incredible Edible Pudsey,MIXED (ARGILLIC-RUDACEOUS),"A variable clay, silt, and sand subsoil.",MEDIUM TO LIGHT(SILTY) TO HEAVY,,,,,,
LEEDS_75d89921154b,Heavy Metals,As,Holbeck Community Orchard,,,,,36.34,mg/kg,Arsenic,,
LEEDS_75d89921154b,Heavy Metals,Cd,Holbeck Community Orchard,,,,,0.45,mg/kg,Cadmium,,
LEEDS_75d89921154b,Heavy Metals,Cu,Holbeck Community Orchard,,,,,65.99,mg/kg,Copper,,
LEEDS_75d89921154b,Heavy Metals,Ni,Holbeck Community Orchard,,,,,31.89,mg/kg,Nickel,,
LEEDS_75d89921154b,Heavy Metals,P2O5,Holbeck Community Orchard,,,,,0.31,w%,Phosphorus,,
LEEDS_75d89921154b,Heavy Metals,Pb,Holbeck Community Orchard,,,,,121.87,mg/kg,Lead,,
LEEDS_75d89921154b,Heavy Metals,Se,Holbeck Community Orchard,,,,,0.98,mg/kg,Selenium,,
LEEDS_75d89921154b,Heavy Metals,Zr,Holbeck Community Orchard,,,,,220.37,mg/kg,Zirconium,,
LEEDS_75d89921154b,Land Cover,,Holbeck Community Orchard,,,,Suburban,,,,,
LEEDS_75d89921154b,Soil Parent,,Holbeck Community Orchard,ARGILLIC - ARENACEOUS,"A layered subsoil of clay, silt and sand.",ALL,,,,,,
LEEDS_75f56aa4c889,Heavy Metals,As,St Vincents Gardening Group,,,,,23.02,mg/kg,Arsenic,,
LEEDS_75f56aa4c889,Heavy Metals,Cd,St Vincents Gardening Group,,,,,0.42,mg/kg,Cadmium,,
LEEDS_75f56aa4c889,Heavy Metals,Cu,St Vincents Gardening Group,,,,,48.59,mg/kg,Copper,,
LEEDS_75f56aa4c889,Heavy Metals,Ni,St Vincents Gardening Group,,,,,28.65,mg/kg,Nickel,,
LEEDS_75f56aa4c889,Heavy Metals,P2O5,St Vincents Gardening Group,,,,,0.29,w%,Phosphorus,,
LEEDS_75f56aa4c889,Heavy Metals,Pb,St Vincents Gardening Group,,,,,102.0,mg/kg,Lead,,
LEEDS_75f56aa4c889,Heavy Metals,Se,St Vincents Gardening Group,,,,,0.87,mg/kg,Selenium,,
LEEDS_75f56aa4c889,Heavy Metals,Zr,St Vincents Gardening Group,,,,,217.91,mg/kg,Zirconium,,
LEEDS_75f56aa4c889,Land Cover,,St Vincents Gardening Group,,,,Urban,,,,,
LEEDS_75f56aa4c889,Soil Parent,,St Vincents Gardening Group,ARGILLIC - ARENACEOUS,"A layered subsoil of clay, silt and sand.",MEDIUM TO HEAVY,,,,,,
LEEDS_77366fc41086,Heavy Metals,As,Incredible Edible Raised Beds,,,,,15.22,mg/kg,Arsenic,,
LEEDS_77366fc41086,Heavy Metals,Cd,Incredible Edible Raised Beds,,,,,0.47,mg/kg,Cadmium,,
LEEDS_77366fc41086,Heavy Metals,Cu,Incredible Edible Raised Beds,,,,,27.58,mg/kg,Copper,,
LEEDS_77366fc41086,Heavy Metals,Ni,Incredible Edible Raised Beds,,,,,25.69,mg/kg,Nickel,,
LEEDS_77366fc41086,Heavy Metals,P2O5,Incredible Edible Raised Beds,,,,,0.21,w%,Phosphorus,,
LEEDS_77366fc41086,Heavy Metals,Pb,Incredible Edible Raised Beds,,,,,61.54,mg/kg,Lead,,
LEEDS_77366fc41086,Heavy Metals,Se,Incredible Edible Raised Beds,,,,,0.78,mg/kg,Selenium,,
LEEDS_77366fc41086,Heavy Metals,Zr,Incredible Edible Raised Beds,,,,,258.11,mg/kg,Zirconium,,
LEEDS_77366fc41086,Land Cover,,Incredible Edible Raised Beds,,,,Suburban,,,,,
LEEDS_77366fc41086,Soil Parent,,Incredible Edible Raised Beds,ARGILLIC - ARENACEOUS,"A layered subsoil of clay, silt and sand.",HEAVY TO MEDIUM,,,,,,
LEEDS_77591627e77d,Heavy Metals,As,Barwick In Elmet Community Orchard,,,,,17.72,mg/kg,Arsenic,,
LEEDS_77591627e77d,Heavy Metals,Cd,Barwick In Elmet Community Orchard,,,,,0.46,mg/kg,Cadmium,,
LEEDS_77591627e77d,Heavy Metals,Cu,Barwick In Elmet Community Orchard,,,,,26.11,mg/kg,Copper,,
LEEDS_77591627e77d,Heavy Metals,Ni,Barwick In Elmet Community Orchard,,,,,24.29,mg/kg,Nickel,,
LEEDS_77591627e77d,Heavy Metals,P2O5,Barwick In Elmet Community Orchard,,,,,0.2,w%,Phosphorus,,
LEEDS_77591627e77d,Heavy Metals,Pb,Barwick In Elmet Community Orchard,,,,,54.86,mg/kg,Lead,,
LEEDS_77591627e77d,Heavy Metals,Se,Barwick In Elmet Community Orchard,,,,,0.5,mg/kg,Selenium,,
LEEDS_77591627e77d,Heavy Metals,Zr,Barwick In Elmet Community Orchard,,,,,191.04,mg/kg,Zirconium,,
LEEDS_77591627e77d,Land Cover,,Barwick In Elmet Community Orchard,,,,Suburban,,,,,
LEEDS_77591627e77d,Soil Parent,,Barwick In Elmet Community Orchard,ARGILLIC - ARENACEOUS,"A layered subsoil of clay, silt and sand.",LIGHT(SILTY) TO MEDIUM(SILTY),,,,,,
LEEDS_77591627e77d,Soil SOM,,Barwick In Elmet Community Orchard,,,,,,,,,3.13
LEEDS_77591627e77d,Soil pH,,Barwick In Elmet Community Orchard,,,,,,,,7.7,
LEEDS_776c25354a61,Heavy Metals,As,Incredible Edible Raised Beds,,,,,34.69,mg/kg,Arsenic,,
LEEDS_776c25354a61,Heavy Metals,Cd,Incredible Edible Raised Beds,,,,,0.5,mg/kg,Cadmium,,
LEEDS_776c25354a61,Heavy Metals,Cu,Incredible Edible Raised Beds,,,,,54.59,mg/kg,Copper,,
LEEDS_776c25354a61,Heavy Metals,Ni,Incredible Edible Raised Beds,,,,,30.45,mg/kg,Nickel,,
LEEDS_776c25354a61,Heavy Metals,P2O5,Incredible Edible Raised Beds,,,,,0.35,w%,Phosphorus,,
LEEDS_776c25354a61,Heavy Metals,Pb,Incredible Edible Raised Beds,,,,,90.33,mg/kg,Lead,,
LEEDS_776c25354a61,Heavy Metals,Se,Incredible Edible Raised Beds,,,,,0.83,mg/kg,Selenium,,
LEEDS_776c25354a61,Heavy Metals,Zr,Incredible Edible Raised Beds,,,,,334.08,mg/kg,Zirconium,,
LEEDS_776c25354a61,Land Cover,,Incredible Edible Raised Beds,,,,Suburban,,,,,
LEEDS_776c25354a61,Soil Parent,,Incredible Edible Raised Beds,ARENACEOUS,A sand-rich subsoil.,MEDIUM TO HEAVY,,,,,,
LEEDS_7834ca77c565,Heavy Metals,As,Incredible Edible Raised Beds,,,,,19.94,mg/kg,Arsenic,,
LEEDS_7834ca77c565,Heavy Metals,Cd,Incredible Edible Raised Beds,,,,,0.35,mg/kg,Cadmium,,
LEEDS_7834ca77c565,Heavy Metals,Cu,Incredible Edible Raised Beds,,,,,33.36,mg/kg,Copper,,
LEEDS_7834ca77c565,Heavy Metals,Ni,Incredible Edible Raised Beds,,,,,28.19,mg/kg,Nickel,,
LEEDS_7834ca77c565,Heavy Metals,P2O5,Incredible Edible Raised Beds,,,,,0.27,w%,Phosphorus,,
LEEDS_7834ca77c565,Heavy Metals,Pb,Incredible Edible Raised Beds,,,,,88.32,mg/kg,Lead,,
LEEDS_7834ca77c565,Heavy Metals,Se,Incredible Edible Raised Beds,,,,,0.87,mg/kg,Selenium,,
LEEDS_7834ca77c565,Heavy Metals,Zr,Incredible Edible Raised Beds,,,,,281.94,mg/kg,Zirconium,,
LEEDS_7834ca77c565,Land Cover,,Incredible Edible Raised Beds,,,,Suburban,,,,,
LEEDS_7834ca77c565,Soil Parent,,Incredible Edible Raised Beds,ARENACEOUS,A sand-rich subsoil.,LIGHT(SILTY) TO MEDIUM(SILTY) TO HEAVY,,,,,,
LEEDS_787e84a35c91,Heavy Metals,As,Incredible Edible Raised Beds,,,,,31.71,mg/kg,Arsenic,,
LEEDS_787e84a35c91,Heavy Metals,Cd,Incredible Edible Raised Beds,,,,,0.41,mg/kg,Cadmium,,
LEEDS_787e84a35c91,Heavy Metals,Cu,Incredible Edible Raised Beds,,,,,61.76,mg/kg,Copper,,
LEEDS_787e84a35c91,Heavy Metals,Ni,Incredible Edible Raised Beds,,,,,24.61,mg/kg,Nickel,,
LEEDS_787e84a35c91,Heavy Metals,P2O5,Incredible Edible Raised Beds,,,,,0.3,w%,Phosphorus,,
LEEDS_787e84a35c91,Heavy Metals,Pb,Incredible Edible Raised Beds,,,,,136.61,mg/kg,Lead,,
LEEDS_787e84a35c91,Heavy Metals,Se,Incredible Edible Raised Beds,,,,,0.91,mg/kg,Selenium,,
LEEDS_787e84a35c91,Heavy Metals,Zr,Incredible Edible Raised Beds,,,,,275.15,mg/kg,Zirconium,,
LEEDS_787e84a35c91,Land Cover,,Incredible Edible Raised Beds,,,,Suburban,,,,,
LEEDS_787e84a35c91,Soil Parent,,Incredible Edible Raised Beds,ARGILLIC - ARENACEOUS,"A layered subsoil of clay, silt and sand.",MEDIUM TO HEAVY,,,,,,
LEEDS_78fe1fa06ea7,Heavy Metals,As,Boston Spa Allotments Gardens,,,,,11.81,mg/kg,Arsenic,,
LEEDS_78fe1fa06ea7,Heavy Metals,Cd,Boston Spa Allotments Gardens,,,,,0.98,mg/kg,Cadmium,,
LEEDS_78fe1fa06ea7,Heavy Metals,Cu,Boston Spa Allotments Gardens,,,,,33.41,mg/kg,Copper,,
LEEDS_78fe1fa06ea7,Heavy Metals,Ni,Boston Spa Allotments Gardens,,,,,28.64,mg/kg,Nickel,,
LEEDS_78fe1fa06ea7,Heavy Metals,P2O5,Boston Spa Allotments Gardens,,,,,0.22,w%,Phosphorus,,
LEEDS_78fe1fa06ea7,Heavy Metals,Pb,Boston Spa Allotments Gardens,,,,,90.66,mg/kg,Lead,,
LEEDS_78fe1fa06ea7,Heavy Metals,Se,Boston Spa Allotments Gardens,,,,,0.72,mg/kg,Selenium,,
LEEDS_78fe1fa06ea7,Heavy Metals,Zr,Boston Spa Allotments Gardens,,,,,202.19,mg/kg,Zirconium,,
LEEDS_78fe1fa06ea7,Land Cover,,Boston Spa Allotments Gardens,,,,Improve grassland,,,,,
LEEDS_78fe1fa06ea7,Soil Parent,,Boston Spa Allotments Gardens,ARGILLIC - ARENACEOUS | ARENACEOUS - RUDACEOUS,"A layered subsoil of clay, silt and sand. | A layered subsoil of sand and gravel.",MEDIUM | LIGHT(SANDY) TO MEDIUM(SANDY) | ALL,,,,,,
LEEDS_78fe1fa06ea7,Soil SOM,,Boston Spa Allotments Gardens,,,,,,,,,7.68
LEEDS_78fe1fa06ea7,Soil pH,,Boston Spa Allotments Gardens,,,,,,,,6.56,
LEEDS_79189d6eae22,Heavy Metals,As,Stonegate Road Allotments,,,,,18.81,mg/kg,Arsenic,,
LEEDS_79189d6eae22,Heavy Metals,Cd,Stonegate Road Allotments,,,,,0.42,mg/kg,Cadmium,,
LEEDS_79189d6eae22,Heavy Metals,Cu,Stonegate Road Allotments,,,,,26.63,mg/kg,Copper,,
LEEDS_79189d6eae22,Heavy Metals,Ni,Stonegate Road Allotments,,,,,23.18,mg/kg,Nickel,,
LEEDS_79189d6eae22,Heavy Metals,P2O5,Stonegate Road Allotments,,,,,0.26,w%,Phosphorus,,
LEEDS_79189d6eae22,Heavy Metals,Pb,Stonegate Road Allotments,,,,,80.9,mg/kg,Lead,,
LEEDS_79189d6eae22,Heavy Metals,Se,Stonegate Road Allotments,,,,,0.77,mg/kg,Selenium,,
LEEDS_79189d6eae22,Heavy Metals,Zr,Stonegate Road Allotments,,,,,252.92,mg/kg,Zirconium,,
LEEDS_79189d6eae22,Land Cover,,Stonegate Road Allotments,,,,Suburban,,,,,
LEEDS_79189d6eae22,Soil Parent,,Stonegate Road Allotments,ARGILLIC - ARENACEOUS | ARENACEOUS,"A layered subsoil of clay, silt and sand. | A sand-rich subsoil.",MEDIUM TO HEAVY | LIGHT(SANDY) TO MEDIUM(SANDY),,,,,,
LEEDS_793ad4c1878a,Heavy Metals,As,Garforth Bank Row Allotments,,,,,15.48,mg/kg,Arsenic,,
LEEDS_793ad4c1878a,Heavy Metals,Cd,Garforth Bank Row Allotments,,,,,0.4,mg/kg,Cadmium,,
LEEDS_793ad4c1878a,Heavy Metals,Cu,Garforth Bank Row Allotments,,,,,22.61,mg/kg,Copper,,
LEEDS_793ad4c1878a,Heavy Metals,Ni,Garforth Bank Row Allotments,,,,,25.35,mg/kg,Nickel,,
LEEDS_793ad4c1878a,Heavy Metals,P2O5,Garforth Bank Row Allotments,,,,,0.19,w%,Phosphorus,,
LEEDS_793ad4c1878a,Heavy Metals,Pb,Garforth Bank Row Allotments,,,,,54.15,mg/kg,Lead,,
LEEDS_793ad4c1878a,Heavy Metals,Se,Garforth Bank Row Allotments,,,,,0.62,mg/kg,Selenium,,
LEEDS_793ad4c1878a,Heavy Metals,Zr,Garforth Bank Row Allotments,,,,,304.81,mg/kg,Zirconium,,
LEEDS_793ad4c1878a,Land Cover,,Garforth Bank Row Allotments,,,,Suburban,,,,,
LEEDS_793ad4c1878a,Soil Parent,,Garforth Bank Row Allotments,ARGILLIC - ARENACEOUS,"A layered subsoil of clay, silt and sand.",MEDIUM TO HEAVY,,,,,,
LEEDS_79b13e7b90d8,Heavy Metals,As,Incredible Edible Raised Beds,,,,,13.03,mg/kg,Arsenic,,
LEEDS_79b13e7b90d8,Heavy Metals,Cd,Incredible Edible Raised Beds,,,,,0.3,mg/kg,Cadmium,,
LEEDS_79b13e7b90d8,Heavy Metals,Cu,Incredible Edible Raised Beds,,,,,22.1,mg/kg,Copper,,
LEEDS_79b13e7b90d8,Heavy Metals,Ni,Incredible Edible Raised Beds,,,,,32.43,mg/kg,Nickel,,
LEEDS_79b13e7b90d8,Heavy Metals,P2O5,Incredible Edible Raised Beds,,,,,0.21,w%,Phosphorus,,
LEEDS_79b13e7b90d8,Heavy Metals,Pb,Incredible Edible Raised Beds,,,,,66.39,mg/kg,Lead,,
LEEDS_79b13e7b90d8,Heavy Metals,Se,Incredible Edible Raised Beds,,,,,0.52,mg/kg,Selenium,,
LEEDS_79b13e7b90d8,Heavy Metals,Zr,Incredible Edible Raised Beds,,,,,167.28,mg/kg,Zirconium,,
LEEDS_79b13e7b90d8,Land Cover,,Incredible Edible Raised Beds,,,,Suburban,,,,,
LEEDS_79b13e7b90d8,Soil Parent,,Incredible Edible Raised Beds,ARGILLIC - ARENACEOUS,"A layered subsoil of clay, silt and sand.",MEDIUM TO HEAVY,,,,,,
LEEDS_79bea3f366c2,Heavy Metals,As,Incredible Edible Alwoodley,,,,,24.79,mg/kg,Arsenic,,
LEEDS_79bea3f366c2,Heavy Metals,Cd,Incredible Edible Alwoodley,,,,,0.44,mg/kg,Cadmium,,
LEEDS_79bea3f366c2,Heavy Metals,Cu,Incredible Edible Alwoodley,,,,,23.58,mg/kg,Copper,,
LEEDS_79bea3f366c2,Heavy Metals,Ni,Incredible Edible Alwoodley,,,,,27.55,mg/kg,Nickel,,
LEEDS_79bea3f366c2,Heavy Metals,P2O5,Incredible Edible Alwoodley,,,,,0.24,w%,Phosphorus,,
LEEDS_79bea3f366c2,Heavy Metals,Pb,Incredible Edible Alwoodley,,,,,75.36,mg/kg,Lead,,
LEEDS_79bea3f366c2,Heavy Metals,Se,Incredible Edible Alwoodley,,,,,0.7,mg/kg,Selenium,,
LEEDS_79bea3f366c2,Heavy Metals,Zr,Incredible Edible Alwoodley,,,,,196.94,mg/kg,Zirconium,,
LEEDS_79bea3f366c2,Land Cover,,Incredible Edible Alwoodley,,,,Suburban,,,,,
LEEDS_79bea3f366c2,Soil Parent,,Incredible Edible Alwoodley,ARENACEOUS,A sand-rich subsoil.,LIGHT(SILTY) TO MEDIUM(SILTY) TO HEAVY,,,,,,
LEEDS_7a0ae61e2af3,Heavy Metals,As,Incredible Edible Shadwell,,,,,10.55,mg/kg,Arsenic,,
LEEDS_7a0ae61e2af3,Heavy Metals,Cd,Incredible Edible Shadwell,,,,,0.34,mg/kg,Cadmium,,
LEEDS_7a0ae61e2af3,Heavy Metals,Cu,Incredible Edible Shadwell,,,,,21.77,mg/kg,Copper,,
LEEDS_7a0ae61e2af3,Heavy Metals,Ni,Incredible Edible Shadwell,,,,,27.29,mg/kg,Nickel,,
LEEDS_7a0ae61e2af3,Heavy Metals,P2O5,Incredible Edible Shadwell,,,,,0.2,w%,Phosphorus,,
LEEDS_7a0ae61e2af3,Heavy Metals,Pb,Incredible Edible Shadwell,,,,,76.34,mg/kg,Lead,,
LEEDS_7a0ae61e2af3,Heavy Metals,Se,Incredible Edible Shadwell,,,,,0.64,mg/kg,Selenium,,
LEEDS_7a0ae61e2af3,Heavy Metals,Zr,Incredible Edible Shadwell,,,,,212.42,mg/kg,Zirconium,,
LEEDS_7a0ae61e2af3,Land Cover,,Incredible Edible Shadwell,,,,Suburban,,,,,
LEEDS_7a0ae61e2af3,Soil Parent,,Incredible Edible Shadwell,ARENACEOUS,A sand-rich subsoil.,LIGHT(SILTY) TO MEDIUM(SILTY) TO HEAVY,,,,,,
LEEDS_7a0ae61e2af3,Soil SOM,,Incredible Edible Shadwell,,,,,,,,,10.21
LEEDS_7a0ae61e2af3,Soil pH,,Incredible Edible Shadwell,,,,,,,,6.07,
LEEDS_7b985a31d6a4,Heavy Metals,As,Incredible Edible Raised Beds,,,,,15.22,mg/kg,Arsenic,,
LEEDS_7b985a31d6a4,Heavy Metals,Cd,Incredible Edible Raised Beds,,,,,0.47,mg/kg,Cadmium,,
LEEDS_7b985a31d6a4,Heavy Metals,Cu,Incredible Edible Raised Beds,,,,,27.58,mg/kg,Copper,,
LEEDS_7b985a31d6a4,Heavy Metals,Ni,Incredible Edible Raised Beds,,,,,25.69,mg/kg,Nickel,,
LEEDS_7b985a31d6a4,Heavy Metals,P2O5,Incredible Edible Raised Beds,,,,,0.21,w%,Phosphorus,,
LEEDS_7b985a31d6a4,Heavy Metals,Pb,Incredible Edible Raised Beds,,,,,61.54,mg/kg,Lead,,
LEEDS_7b985a31d6a4,Heavy Metals,Se,Incredible Edible Raised Beds,,,,,0.78,mg/kg,Selenium,,
LEEDS_7b985a31d6a4,Heavy Metals,Zr,Incredible Edible Raised Beds,,,,,258.11,mg/kg,Zirconium,,
LEEDS_7b985a31d6a4,Land Cover,,Incredible Edible Raised Beds,,,,Urban,,,,,
LEEDS_7b985a31d6a4,Soil Parent,,Incredible Edible Raised Beds,ARGILLIC - ARENACEOUS,"A layered subsoil of clay, silt and sand.",HEAVY TO MEDIUM,,,,,,
LEEDS_7bb7b7275363,Heavy Metals,As,Rooms Fold Allotments,,,,,34.86,mg/kg,Arsenic,,
LEEDS_7bb7b7275363,Heavy Metals,Cd,Rooms Fold Allotments,,,,,0.48,mg/kg,Cadmium,,
LEEDS_7bb7b7275363,Heavy Metals,Cu,Rooms Fold Allotments,,,,,66.84,mg/kg,Copper,,
LEEDS_7bb7b7275363,Heavy Metals,Ni,Rooms Fold Allotments,,,,,39.49,mg/kg,Nickel,,
LEEDS_7bb7b7275363,Heavy Metals,P2O5,Rooms Fold Allotments,,,,,0.35,w%,Phosphorus,,
LEEDS_7bb7b7275363,Heavy Metals,Pb,Rooms Fold Allotments,,,,,116.21,mg/kg,Lead,,
LEEDS_7bb7b7275363,Heavy Metals,Se,Rooms Fold Allotments,,,,,0.96,mg/kg,Selenium,,
LEEDS_7bb7b7275363,Heavy Metals,Zr,Rooms Fold Allotments,,,,,212.14,mg/kg,Zirconium,,
LEEDS_7bb7b7275363,Land Cover,,Rooms Fold Allotments,,,,Suburban,,,,,
LEEDS_7bb7b7275363,Soil Parent,,Rooms Fold Allotments,ARENACEOUS,A sand-rich subsoil.,MEDIUM TO HEAVY,,,,,,
LEEDS_7c0b8e942344,Heavy Metals,As,Springfield Park Community Orchard Parkinsons,,,,,16.34,mg/kg,Arsenic,,
LEEDS_7c0b8e942344,Heavy Metals,Cd,Springfield Park Community Orchard Parkinsons,,,,,0.49,mg/kg,Cadmium,,
LEEDS_7c0b8e942344,Heavy Metals,Cu,Springfield Park Community Orchard Parkinsons,,,,,35.3,mg/kg,Copper,,
LEEDS_7c0b8e942344,Heavy Metals,Ni,Springfield Park Community Orchard Parkinsons,,,,,22.65,mg/kg,Nickel,,
LEEDS_7c0b8e942344,Heavy Metals,P2O5,Springfield Park Community Orchard Parkinsons,,,,,0.26,w%,Phosphorus,,
LEEDS_7c0b8e942344,Heavy Metals,Pb,Springfield Park Community Orchard Parkinsons,,,,,84.24,mg/kg,Lead,,
LEEDS_7c0b8e942344,Heavy Metals,Se,Springfield Park Community Orchard Parkinsons,,,,,1.0,mg/kg,Selenium,,
LEEDS_7c0b8e942344,Heavy Metals,Zr,Springfield Park Community Orchard Parkinsons,,,,,248.13,mg/kg,Zirconium,,
LEEDS_7c0b8e942344,Land Cover,,Springfield Park Community Orchard Parkinsons,,,,Improve grassland,,,,,
LEEDS_7c0b8e942344,Soil Parent,,Springfield Park Community Orchard Parkinsons,MIXED (ARGILLIC-RUDACEOUS),"A variable clay, silt, and sand subsoil.",MEDIUM TO LIGHT(SILTY) TO HEAVY,,,,,,
LEEDS_7c1dd72fabb2,Heavy Metals,As,Water Haigh Nature Park,,,,,15.24,mg/kg,Arsenic,,
LEEDS_7c1dd72fabb2,Heavy Metals,Cd,Water Haigh Nature Park,,,,,0.47,mg/kg,Cadmium,,
LEEDS_7c1dd72fabb2,Heavy Metals,Cu,Water Haigh Nature Park,,,,,32.79,mg/kg,Copper,,
LEEDS_7c1dd72fabb2,Heavy Metals,Ni,Water Haigh Nature Park,,,,,17.8,mg/kg,Nickel,,
LEEDS_7c1dd72fabb2,Heavy Metals,P2O5,Water Haigh Nature Park,,,,,0.23,w%,Phosphorus,,
LEEDS_7c1dd72fabb2,Heavy Metals,Pb,Water Haigh Nature Park,,,,,69.57,mg/kg,Lead,,
LEEDS_7c1dd72fabb2,Heavy Metals,Se,Water Haigh Nature Park,,,,,1.13,mg/kg,Selenium,,
LEEDS_7c1dd72fabb2,Heavy Metals,Zr,Water Haigh Nature Park,,,,,361.74,mg/kg,Zirconium,,
LEEDS_7c1dd72fabb2,Land Cover,,Water Haigh Nature Park,,,,Suburban,,,,,
LEEDS_7c1dd72fabb2,Soil Parent,,Water Haigh Nature Park,ARENACEOUS,A sand-rich subsoil.,MEDIUM TO HEAVY,,,,,,
LEEDS_7cf73b86e4b0,Heavy Metals,As,Thwaite Mills Community Orchard,,,,,25.42,mg/kg,Arsenic,,
LEEDS_7cf73b86e4b0,Heavy Metals,Cd,Thwaite Mills Community Orchard,,,,,0.52,mg/kg,Cadmium,,
LEEDS_7cf73b86e4b0,Heavy Metals,Cu,Thwaite Mills Community Orchard,,,,,57.19,mg/kg,Copper,,
LEEDS_7cf73b86e4b0,Heavy Metals,Ni,Thwaite Mills Community Orchard,,,,,20.61,mg/kg,Nickel,,
LEEDS_7cf73b86e4b0,Heavy Metals,P2O5,Thwaite Mills Community Orchard,,,,,0.33,w%,Phosphorus,,
LEEDS_7cf73b86e4b0,Heavy Metals,Pb,Thwaite Mills Community Orchard,,,,,121.89,mg/kg,Lead,,
LEEDS_7cf73b86e4b0,Heavy Metals,Se,Thwaite Mills Community Orchard,,,,,0.97,mg/kg,Selenium,,
LEEDS_7cf73b86e4b0,Heavy Metals,Zr,Thwaite Mills Community Orchard,,,,,273.54,mg/kg,Zirconium,,
LEEDS_7cf73b86e4b0,Land Cover,,Thwaite Mills Community Orchard,,,,Suburban,,,,,
LEEDS_7cf73b86e4b0,Soil Parent,,Thwaite Mills Community Orchard,ARGILLIC - ARENACEOUS,"A layered subsoil of clay, silt and sand.",ALL,,,,,,
LEEDS_7d320b7d99cc,Heavy Metals,As,Drink And Be Grateful Fountain Garden,,,,,25.11,mg/kg,Arsenic,,
LEEDS_7d320b7d99cc,Heavy Metals,Cd,Drink And Be Grateful Fountain Garden,,,,,0.56,mg/kg,Cadmium,,
LEEDS_7d320b7d99cc,Heavy Metals,Cu,Drink And Be Grateful Fountain Garden,,,,,38.82,mg/kg,Copper,,
LEEDS_7d320b7d99cc,Heavy Metals,Ni,Drink And Be Grateful Fountain Garden,,,,,35.47,mg/kg,Nickel,,
LEEDS_7d320b7d99cc,Heavy Metals,P2O5,Drink And Be Grateful Fountain Garden,,,,,0.37,w%,Phosphorus,,
LEEDS_7d320b7d99cc,Heavy Metals,Pb,Drink And Be Grateful Fountain Garden,,,,,88.23,mg/kg,Lead,,
LEEDS_7d320b7d99cc,Heavy Metals,Se,Drink And Be Grateful Fountain Garden,,,,,1.05,mg/kg,Selenium,,
LEEDS_7d320b7d99cc,Heavy Metals,Zr,Drink And Be Grateful Fountain Garden,,,,,298.75,mg/kg,Zirconium,,
LEEDS_7d320b7d99cc,Land Cover,,Drink And Be Grateful Fountain Garden,,,,Suburban | Urban,,,,,
LEEDS_7d320b7d99cc,Soil Parent,,Drink And Be Grateful Fountain Garden,ARGILLIC - ARENACEOUS,"A layered subsoil of clay, silt and sand.",ALL,,,,,,
LEEDS_7e1919d7c3a1,Heavy Metals,As,Incredible Edible Crossgates,,,,,16.35,mg/kg,Arsenic,,
LEEDS_7e1919d7c3a1,Heavy Metals,Cd,Incredible Edible Crossgates,,,,,0.31,mg/kg,Cadmium,,
LEEDS_7e1919d7c3a1,Heavy Metals,Cu,Incredible Edible Crossgates,,,,,29.29,mg/kg,Copper,,
LEEDS_7e1919d7c3a1,Heavy Metals,Ni,Incredible Edible Crossgates,,,,,37.36,mg/kg,Nickel,,
LEEDS_7e1919d7c3a1,Heavy Metals,P2O5,Incredible Edible Crossgates,,,,,0.22,w%,Phosphorus,,
LEEDS_7e1919d7c3a1,Heavy Metals,Pb,Incredible Edible Crossgates,,,,,66.63,mg/kg,Lead,,
LEEDS_7e1919d7c3a1,Heavy Metals,Se,Incredible Edible Crossgates,,,,,0.55,mg/kg,Selenium,,
LEEDS_7e1919d7c3a1,Heavy Metals,Zr,Incredible Edible Crossgates,,,,,168.77,mg/kg,Zirconium,,
LEEDS_7e1919d7c3a1,Land Cover,,Incredible Edible Crossgates,,,,Suburban,,,,,
LEEDS_7e1919d7c3a1,Soil Parent,,Incredible Edible Crossgates,ARENACEOUS,A sand-rich subsoil.,LIGHT(SILTY) TO MEDIUM(SILTY),,,,,,
LEEDS_7e5469bc5e09,Heavy Metals,As,Incredible Edible Raised Beds,,,,,19.94,mg/kg,Arsenic,,
LEEDS_7e5469bc5e09,Heavy Metals,Cd,Incredible Edible Raised Beds,,,,,0.35,mg/kg,Cadmium,,
LEEDS_7e5469bc5e09,Heavy Metals,Cu,Incredible Edible Raised Beds,,,,,33.36,mg/kg,Copper,,
LEEDS_7e5469bc5e09,Heavy Metals,Ni,Incredible Edible Raised Beds,,,,,28.19,mg/kg,Nickel,,
LEEDS_7e5469bc5e09,Heavy Metals,P2O5,Incredible Edible Raised Beds,,,,,0.27,w%,Phosphorus,,
LEEDS_7e5469bc5e09,Heavy Metals,Pb,Incredible Edible Raised Beds,,,,,88.32,mg/kg,Lead,,
LEEDS_7e5469bc5e09,Heavy Metals,Se,Incredible Edible Raised Beds,,,,,0.87,mg/kg,Selenium,,
LEEDS_7e5469bc5e09,Heavy Metals,Zr,Incredible Edible Raised Beds,,,,,281.94,mg/kg,Zirconium,,
LEEDS_7e5469bc5e09,Land Cover,,Incredible Edible Raised Beds,,,,Suburban,,,,,
LEEDS_7e5469bc5e09,Soil Parent,,Incredible Edible Raised Beds,ARENACEOUS,A sand-rich subsoil.,LIGHT(SILTY) TO MEDIUM(SILTY) TO HEAVY,,,,,,
LEEDS_7e6a0175f3b6,Heavy Metals,As,Wortley Towers,,,,,33.95,mg/kg,Arsenic,,
LEEDS_7e6a0175f3b6,Heavy Metals,Cd,Wortley Towers,,,,,0.48,mg/kg,Cadmium,,
LEEDS_7e6a0175f3b6,Heavy Metals,Cu,Wortley Towers,,,,,62.96,mg/kg,Copper,,
LEEDS_7e6a0175f3b6,Heavy Metals,Ni,Wortley Towers,,,,,27.22,mg/kg,Nickel,,
LEEDS_7e6a0175f3b6,Heavy Metals,P2O5,Wortley Towers,,,,,0.3,w%,Phosphorus,,
LEEDS_7e6a0175f3b6,Heavy Metals,Pb,Wortley Towers,,,,,126.15,mg/kg,Lead,,
LEEDS_7e6a0175f3b6,Heavy Metals,Se,Wortley Towers,,,,,0.97,mg/kg,Selenium,,
LEEDS_7e6a0175f3b6,Heavy Metals,Zr,Wortley Towers,,,,,248.99,mg/kg,Zirconium,,
LEEDS_7e6a0175f3b6,Land Cover,,Wortley Towers,,,,Suburban,,,,,
LEEDS_7e6a0175f3b6,Soil Parent,,Wortley Towers,ARGILLIC - ARENACEOUS,"A layered subsoil of clay, silt and sand.",ALL,,,,,,
LEEDS_7ebf75513455,Heavy Metals,As,Incredible Edible Raised Beds,,,,,19.6,mg/kg,Arsenic,,
LEEDS_7ebf75513455,Heavy Metals,Cd,Incredible Edible Raised Beds,,,,,0.4,mg/kg,Cadmium,,
LEEDS_7ebf75513455,Heavy Metals,Cu,Incredible Edible Raised Beds,,,,,33.24,mg/kg,Copper,,
LEEDS_7ebf75513455,Heavy Metals,Ni,Incredible Edible Raised Beds,,,,,27.33,mg/kg,Nickel,,
LEEDS_7ebf75513455,Heavy Metals,P2O5,Incredible Edible Raised Beds,,,,,0.26,w%,Phosphorus,,
LEEDS_7ebf75513455,Heavy Metals,Pb,Incredible Edible Raised Beds,,,,,87.3,mg/kg,Lead,,
LEEDS_7ebf75513455,Heavy Metals,Se,Incredible Edible Raised Beds,,,,,0.82,mg/kg,Selenium,,
LEEDS_7ebf75513455,Heavy Metals,Zr,Incredible Edible Raised Beds,,,,,274.8,mg/kg,Zirconium,,
LEEDS_7ebf75513455,Land Cover,,Incredible Edible Raised Beds,,,,Urban,,,,,
LEEDS_7ebf75513455,Soil Parent,,Incredible Edible Raised Beds,ARGILLIC - ARENACEOUS,"A layered subsoil of clay, silt and sand.",MEDIUM TO HEAVY,,,,,,
LEEDS_7fe49c533b4b,,,Incredible Edible Raised Beds,,,,,,,,,
LEEDS_80634655c601,Heavy Metals,As,Incredible Edible Raised Beds,,,,,10.3,mg/kg,Arsenic,,
LEEDS_80634655c601,Heavy Metals,Cd,Incredible Edible Raised Beds,,,,,0.36,mg/kg,Cadmium,,
LEEDS_80634655c601,Heavy Metals,Cu,Incredible Edible Raised Beds,,,,,21.03,mg/kg,Copper,,
LEEDS_80634655c601,Heavy Metals,Ni,Incredible Edible Raised Beds,,,,,14.63,mg/kg,Nickel,,
LEEDS_80634655c601,Heavy Metals,P2O5,Incredible Edible Raised Beds,,,,,0.21,w%,Phosphorus,,
LEEDS_80634655c601,Heavy Metals,Pb,Incredible Edible Raised Beds,,,,,68.45,mg/kg,Lead,,
LEEDS_80634655c601,Heavy Metals,Se,Incredible Edible Raised Beds,,,,,0.55,mg/kg,Selenium,,
LEEDS_80634655c601,Heavy Metals,Zr,Incredible Edible Raised Beds,,,,,242.22,mg/kg,Zirconium,,
LEEDS_80634655c601,Land Cover,,Incredible Edible Raised Beds,,,,Deciduous woodland,,,,,
LEEDS_80634655c601,Soil Parent,,Incredible Edible Raised Beds,MIXED (ARGILLIC-RUDACEOUS),"A variable clay, silt, and sand subsoil.",MEDIUM TO LIGHT(SILTY) TO HEAVY,,,,,,
LEEDS_80634655c601,Soil SOM,,Incredible Edible Raised Beds,,,,,,,,,10.21
LEEDS_80634655c601,Soil pH,,Incredible Edible Raised Beds,,,,,,,,6.07,
LEEDS_80fc4be5a0a5,Heavy Metals,As,Meanwood Valley Urban Farm Orchard,,,,,19.85,mg/kg,Arsenic,,
LEEDS_80fc4be5a0a5,Heavy Metals,Cd,Meanwood Valley Urban Farm Orchard,,,,,0.4,mg/kg,Cadmium,,
LEEDS_80fc4be5a0a5,Heavy Metals,Cu,Meanwood Valley Urban Farm Orchard,,,,,33.72,mg/kg,Copper,,
LEEDS_80fc4be5a0a5,Heavy Metals,Ni,Meanwood Valley Urban Farm Orchard,,,,,28.37,mg/kg,Nickel,,
LEEDS_80fc4be5a0a5,Heavy Metals,P2O5,Meanwood Valley Urban Farm Orchard,,,,,0.28,w%,Phosphorus,,
LEEDS_80fc4be5a0a5,Heavy Metals,Pb,Meanwood Valley Urban Farm Orchard,,,,,91.72,mg/kg,Lead,,
LEEDS_80fc4be5a0a5,Heavy Metals,Se,Meanwood Valley Urban Farm Orchard,,,,,0.86,mg/kg,Selenium,,
LEEDS_80fc4be5a0a5,Heavy Metals,Zr,Meanwood Valley Urban Farm Orchard,,,,,281.26,mg/kg,Zirconium,,
LEEDS_80fc4be5a0a5,Land Cover,,Meanwood Valley Urban Farm Orchard,,,,Deciduous woodland | Improve grassland,,,,,
LEEDS_80fc4be5a0a5,Soil Parent,,Meanwood Valley Urban Farm Orchard,ARGILLIC - ARENACEOUS,"A layered subsoil of clay, silt and sand.",MEDIUM TO HEAVY,,,,,,
LEEDS_8163f66b1811,Heavy Metals,As,*Name Unavailable,,,,,11.38,mg/kg,Arsenic,,
LEEDS_8163f66b1811,Heavy Metals,Cd,*Name Unavailable,,,,,0.83,mg/kg,Cadmium,,
LEEDS_8163f66b1811,Heavy Metals,Cu,*Name Unavailable,,,,,18.71,mg/kg,Copper,,
LEEDS_8163f66b1811,Heavy Metals,Ni,*Name Unavailable,,,,,17.49,mg/kg,Nickel,,
LEEDS_8163f66b1811,Heavy Metals,P2O5,*Name Unavailable,,,,,0.21,w%,Phosphorus,,
LEEDS_8163f66b1811,Heavy Metals,Pb,*Name Unavailable,,,,,73.69,mg/kg,Lead,,
LEEDS_8163f66b1811,Heavy Metals,Se,*Name Unavailable,,,,,0.63,mg/kg,Selenium,,
LEEDS_8163f66b1811,Heavy Metals,Zr,*Name Unavailable,,,,,430.11,mg/kg,Zirconium,,
LEEDS_8163f66b1811,Land Cover,,*Name Unavailable,,,,Improve grassland | Suburban,,,,,
LEEDS_8163f66b1811,Soil Parent,,*Name Unavailable,MIXED (ARGILLIC-RUDACEOUS),"A variable clay, silt, and sand subsoil.",MEDIUM TO LIGHT(SILTY) TO HEAVY,,,,,,
LEEDS_8163f66b1811,Soil SOM,,*Name Unavailable,,,,,,,,,5.65
LEEDS_8163f66b1811,Soil pH,,*Name Unavailable,,,,,,,,7.02,
LEEDS_81b281bfba3b,Heavy Metals,As,Headingley Community Orchard,,,,,21.31,mg/kg,Arsenic,,
LEEDS_81b281bfba3b,Heavy Metals,Cd,Headingley Community Orchard,,,,,0.43,mg/kg,Cadmium,,
LEEDS_81b281bfba3b,Heavy Metals,Cu,Headingley Community Orchard,,,,,30.26,mg/kg,Copper,,
LEEDS_81b281bfba3b,Heavy Metals,Ni,Headingley Community Orchard,,,,,31.29,mg/kg,Nickel,,
LEEDS_81b281bfba3b,Heavy Metals,P2O5,Headingley Community Orchard,,,,,0.29,w%,Phosphorus,,
LEEDS_81b281bfba3b,Heavy Metals,Pb,Headingley Community Orchard,,,,,96.91,mg/kg,Lead,,
LEEDS_81b281bfba3b,Heavy Metals,Se,Headingley Community Orchard,,,,,0.93,mg/kg,Selenium,,
LEEDS_81b281bfba3b,Heavy Metals,Zr,Headingley Community Orchard,,,,,282.77,mg/kg,Zirconium,,
LEEDS_81b281bfba3b,Land Cover,,Headingley Community Orchard,,,,Urban,,,,,
LEEDS_81b281bfba3b,Soil Parent,,Headingley Community Orchard,ARGILLIC - ARENACEOUS,"A layered subsoil of clay, silt and sand.",MEDIUM TO HEAVY,,,,,,
LEEDS_820d2403d6c4,Heavy Metals,As,Incredible Edible Raised Beds,,,,,28.43,mg/kg,Arsenic,,
LEEDS_820d2403d6c4,Heavy Metals,Cd,Incredible Edible Raised Beds,,,,,0.48,mg/kg,Cadmium,,
LEEDS_820d2403d6c4,Heavy Metals,Cu,Incredible Edible Raised Beds,,,,,50.32,mg/kg,Copper,,
LEEDS_820d2403d6c4,Heavy Metals,Ni,Incredible Edible Raised Beds,,,,,35.8,mg/kg,Nickel,,
LEEDS_820d2403d6c4,Heavy Metals,P2O5,Incredible Edible Raised Beds,,,,,0.35,w%,Phosphorus,,
LEEDS_820d2403d6c4,Heavy Metals,Pb,Incredible Edible Raised Beds,,,,,75.53,mg/kg,Lead,,
LEEDS_820d2403d6c4,Heavy Metals,Se,Incredible Edible Raised Beds,,,,,0.94,mg/kg,Selenium,,
LEEDS_820d2403d6c4,Heavy Metals,Zr,Incredible Edible Raised Beds,,,,,250.45,mg/kg,Zirconium,,
LEEDS_820d2403d6c4,Land Cover,,Incredible Edible Raised Beds,,,,Suburban,,,,,
LEEDS_820d2403d6c4,Soil Parent,,Incredible Edible Raised Beds,ARENACEOUS,A sand-rich subsoil.,MEDIUM TO HEAVY,,,,,,
LEEDS_825068d81002,Heavy Metals,As,Incredible Edible Raised Beds,,,,,16.73,mg/kg,Arsenic,,
LEEDS_825068d81002,Heavy Metals,Cd,Incredible Edible Raised Beds,,,,,0.49,mg/kg,Cadmium,,
LEEDS_825068d81002,Heavy Metals,Cu,Incredible Edible Raised Beds,,,,,20.28,mg/kg,Copper,,
LEEDS_825068d81002,Heavy Metals,Ni,Incredible Edible Raised Beds,,,,,25.43,mg/kg,Nickel,,
LEEDS_825068d81002,Heavy Metals,P2O5,Incredible Edible Raised Beds,,,,,0.21,w%,Phosphorus,,
LEEDS_825068d81002,Heavy Metals,Pb,Incredible Edible Raised Beds,,,,,56.79,mg/kg,Lead,,
LEEDS_825068d81002,Heavy Metals,Se,Incredible Edible Raised Beds,,,,,0.7,mg/kg,Selenium,,
LEEDS_825068d81002,Heavy Metals,Zr,Incredible Edible Raised Beds,,,,,317.12,mg/kg,Zirconium,,
LEEDS_825068d81002,Land Cover,,Incredible Edible Raised Beds,,,,Suburban,,,,,
LEEDS_825068d81002,Soil Parent,,Incredible Edible Raised Beds,ARENACEOUS,A sand-rich subsoil.,MEDIUM TO HEAVY,,,,,,
LEEDS_842b036a9027,Heavy Metals,As,Cross Green,,,,,26.4,mg/kg,Arsenic,,
LEEDS_842b036a9027,Heavy Metals,Cd,Cross Green,,,,,0.41,mg/kg,Cadmium,,
LEEDS_842b036a9027,Heavy Metals,Cu,Cross Green,,,,,47.6,mg/kg,Copper,,
LEEDS_842b036a9027,Heavy Metals,Ni,Cross Green,,,,,24.1,mg/kg,Nickel,,
LEEDS_842b036a9027,Heavy Metals,P2O5,Cross Green,,,,,0.3,w%,Phosphorus,,
LEEDS_842b036a9027,Heavy Metals,Pb,Cross Green,,,,,111.16,mg/kg,Lead,,
LEEDS_842b036a9027,Heavy Metals,Se,Cross Green,,,,,0.93,mg/kg,Selenium,,
LEEDS_842b036a9027,Heavy Metals,Zr,Cross Green,,,,,257.88,mg/kg,Zirconium,,
LEEDS_842b036a9027,Land Cover,,Cross Green,,,,Suburban,,,,,
LEEDS_842b036a9027,Soil Parent,,Cross Green,ARGILLIC - ARENACEOUS,"A layered subsoil of clay, silt and sand.",ALL,,,,,,
LEEDS_84b21ce9529e,Heavy Metals,As,Gledhow Valley Woods Action Morning,,,,,17.64,mg/kg,Arsenic,,
LEEDS_84b21ce9529e,Heavy Metals,Cd,Gledhow Valley Woods Action Morning,,,,,0.34,mg/kg,Cadmium,,
LEEDS_84b21ce9529e,Heavy Metals,Cu,Gledhow Valley Woods Action Morning,,,,,24.24,mg/kg,Copper,,
LEEDS_84b21ce9529e,Heavy Metals,Ni,Gledhow Valley Woods Action Morning,,,,,21.94,mg/kg,Nickel,,
LEEDS_84b21ce9529e,Heavy Metals,P2O5,Gledhow Valley Woods Action Morning,,,,,0.27,w%,Phosphorus,,
LEEDS_84b21ce9529e,Heavy Metals,Pb,Gledhow Valley Woods Action Morning,,,,,82.69,mg/kg,Lead,,
LEEDS_84b21ce9529e,Heavy Metals,Se,Gledhow Valley Woods Action Morning,,,,,0.75,mg/kg,Selenium,,
LEEDS_84b21ce9529e,Heavy Metals,Zr,Gledhow Valley Woods Action Morning,,,,,251.66,mg/kg,Zirconium,,
LEEDS_84b21ce9529e,Land Cover,,Gledhow Valley Woods Action Morning,,,,Deciduous woodland,,,,,
LEEDS_84b21ce9529e,Soil Parent,,Gledhow Valley Woods Action Morning,ARENACEOUS,A sand-rich subsoil.,LIGHT(SILTY) TO MEDIUM(SILTY),,,,,,
LEEDS_859123c2a201,Heavy Metals,As,Sutainability Garden,,,,,29.28,mg/kg,Arsenic,,
LEEDS_859123c2a201,Heavy Metals,Cd,Sutainability Garden,,,,,0.4,mg/kg,Cadmium,,
LEEDS_859123c2a201,Heavy Metals,Cu,Sutainability Garden,,,,,58.82,mg/kg,Copper,,
LEEDS_859123c2a201,Heavy Metals,Ni,Sutainability Garden,,,,,28.83,mg/kg,Nickel,,
LEEDS_859123c2a201,Heavy Metals,P2O5,Sutainability Garden,,,,,0.28,w%,Phosphorus,,
LEEDS_859123c2a201,Heavy Metals,Pb,Sutainability Garden,,,,,115.68,mg/kg,Lead,,
LEEDS_859123c2a201,Heavy Metals,Se,Sutainability Garden,,,,,0.89,mg/kg,Selenium,,
LEEDS_859123c2a201,Heavy Metals,Zr,Sutainability Garden,,,,,260.97,mg/kg,Zirconium,,
LEEDS_859123c2a201,Land Cover,,Sutainability Garden,,,,Urban,,,,,
LEEDS_859123c2a201,Soil Parent,,Sutainability Garden,ARGILLIC - ARENACEOUS,"A layered subsoil of clay, silt and sand.",MEDIUM TO HEAVY,,,,,,
LEEDS_859548a2d40e,Heavy Metals,As,*Name Unavailable,,,,,22.56,mg/kg,Arsenic,,
LEEDS_859548a2d40e,Heavy Metals,Cd,*Name Unavailable,,,,,0.57,mg/kg,Cadmium,,
LEEDS_859548a2d40e,Heavy Metals,Cu,*Name Unavailable,,,,,40.79,mg/kg,Copper,,
LEEDS_859548a2d40e,Heavy Metals,Ni,*Name Unavailable,,,,,26.74,mg/kg,Nickel,,
LEEDS_859548a2d40e,Heavy Metals,P2O5,*Name Unavailable,,,,,0.29,w%,Phosphorus,,
LEEDS_859548a2d40e,Heavy Metals,Pb,*Name Unavailable,,,,,86.61,mg/kg,Lead,,
LEEDS_859548a2d40e,Heavy Metals,Se,*Name Unavailable,,,,,0.91,mg/kg,Selenium,,
LEEDS_859548a2d40e,Heavy Metals,Zr,*Name Unavailable,,,,,245.82,mg/kg,Zirconium,,
LEEDS_859548a2d40e,Land Cover,,*Name Unavailable,,,,Deciduous woodland | Improve grassland,,,,,
LEEDS_859548a2d40e,Soil Parent,,*Name Unavailable,MIXED (ARGILLIC-RUDACEOUS),"A variable clay, silt, and sand subsoil.",MEDIUM TO LIGHT(SILTY) TO HEAVY,,,,,,
LEEDS_8599ebf4949c,Heavy Metals,As,Growing Friendship,,,,,13.09,mg/kg,Arsenic,,
LEEDS_8599ebf4949c,Heavy Metals,Cd,Growing Friendship,,,,,0.27,mg/kg,Cadmium,,
LEEDS_8599ebf4949c,Heavy Metals,Cu,Growing Friendship,,,,,25.81,mg/kg,Copper,,
LEEDS_8599ebf4949c,Heavy Metals,Ni,Growing Friendship,,,,,44.06,mg/kg,Nickel,,
LEEDS_8599ebf4949c,Heavy Metals,P2O5,Growing Friendship,,,,,0.19,w%,Phosphorus,,
LEEDS_8599ebf4949c,Heavy Metals,Pb,Growing Friendship,,,,,62.95,mg/kg,Lead,,
LEEDS_8599ebf4949c,Heavy Metals,Se,Growing Friendship,,,,,0.47,mg/kg,Selenium,,
LEEDS_8599ebf4949c,Heavy Metals,Zr,Growing Friendship,,,,,130.23,mg/kg,Zirconium,,
LEEDS_8599ebf4949c,Land Cover,,Growing Friendship,,,,Suburban,,,,,
LEEDS_8599ebf4949c,Soil Parent,,Growing Friendship,ARGILLIC - ARENACEOUS,"A layered subsoil of clay, silt and sand.",MEDIUM TO HEAVY,,,,,,
LEEDS_87987218c6fb,Heavy Metals,As,Belle Isle Nesfield Walk,,,,,25.14,mg/kg,Arsenic,,
LEEDS_87987218c6fb,Heavy Metals,Cd,Belle Isle Nesfield Walk,,,,,0.51,mg/kg,Cadmium,,
LEEDS_87987218c6fb,Heavy Metals,Cu,Belle Isle Nesfield Walk,,,,,50.82,mg/kg,Copper,,
LEEDS_87987218c6fb,Heavy Metals,Ni,Belle Isle Nesfield Walk,,,,,26.91,mg/kg,Nickel,,
LEEDS_87987218c6fb,Heavy Metals,P2O5,Belle Isle Nesfield Walk,,,,,0.33,w%,Phosphorus,,
LEEDS_87987218c6fb,Heavy Metals,Pb,Belle Isle Nesfield Walk,,,,,110.22,mg/kg,Lead,,
LEEDS_87987218c6fb,Heavy Metals,Se,Belle Isle Nesfield Walk,,,,,1.05,mg/kg,Selenium,,
LEEDS_87987218c6fb,Heavy Metals,Zr,Belle Isle Nesfield Walk,,,,,242.11,mg/kg,Zirconium,,
LEEDS_87987218c6fb,Land Cover,,Belle Isle Nesfield Walk,,,,Suburban,,,,,
LEEDS_87987218c6fb,Soil Parent,,Belle Isle Nesfield Walk,ARGILLIC - ARENACEOUS,"A layered subsoil of clay, silt and sand.",MEDIUM TO HEAVY,,,,,,
LEEDS_887e000228d0,Heavy Metals,As,Armley Ridge Road Allotments Society,,,,,25.54,mg/kg,Arsenic,,
LEEDS_887e000228d0,Heavy Metals,Cd,Armley Ridge Road Allotments Society,,,,,0.51,mg/kg,Cadmium,,
LEEDS_887e000228d0,Heavy Metals,Cu,Armley Ridge Road Allotments Society,,,,,45.55,mg/kg,Copper,,
LEEDS_887e000228d0,Heavy Metals,Ni,Armley Ridge Road Allotments Society,,,,,28.05,mg/kg,Nickel,,
LEEDS_887e000228d0,Heavy Metals,P2O5,Armley Ridge Road Allotments Society,,,,,0.32,w%,Phosphorus,,
LEEDS_887e000228d0,Heavy Metals,Pb,Armley Ridge Road Allotments Society,,,,,98.29,mg/kg,Lead,,
LEEDS_887e000228d0,Heavy Metals,Se,Armley Ridge Road Allotments Society,,,,,1.09,mg/kg,Selenium,,
LEEDS_887e000228d0,Heavy Metals,Zr,Armley Ridge Road Allotments Society,,,,,296.76,mg/kg,Zirconium,,
LEEDS_887e000228d0,Land Cover,,Armley Ridge Road Allotments Society,,,,Suburban,,,,,
LEEDS_887e000228d0,Soil Parent,,Armley Ridge Road Allotments Society,ARENACEOUS - RUDACEOUS | ARENACEOUS,A layered subsoil of sand and gravel. | A sand-rich subsoil.,LIGHT(SANDY) TO MEDIUM(SANDY) | LIGHT(SILTY) TO MEDIUM(SILTY),,,,,,
LEEDS_887e000228d0,Soil SOM,,Armley Ridge Road Allotments Society,,,,,,,,,10.21
LEEDS_887e000228d0,Soil pH,,Armley Ridge Road Allotments Society,,,,,,,,6.07,
LEEDS_8993887faf4f,Heavy Metals,As,Fearnville Allotments Oakwood Lane Allotments,,,,,16.8,mg/kg,Arsenic,,
LEEDS_8993887faf4f,Heavy Metals,Cd,Fearnville Allotments Oakwood Lane Allotments,,,,,0.37,mg/kg,Cadmium,,
LEEDS_8993887faf4f,Heavy Metals,Cu,Fearnville Allotments Oakwood Lane Allotments,,,,,26.89,mg/kg,Copper,,
LEEDS_8993887faf4f,Heavy Metals,Ni,Fearnville Allotments Oakwood Lane Allotments,,,,,29.43,mg/kg,Nickel,,
LEEDS_8993887faf4f,Heavy Metals,P2O5,Fearnville Allotments Oakwood Lane Allotments,,,,,0.26,w%,Phosphorus,,
LEEDS_8993887faf4f,Heavy Metals,Pb,Fearnville Allotments Oakwood Lane Allotments,,,,,70.17,mg/kg,Lead,,
LEEDS_8993887faf4f,Heavy Metals,Se,Fearnville Allotments Oakwood Lane Allotments,,,,,0.66,mg/kg,Selenium,,
LEEDS_8993887faf4f,Heavy Metals,Zr,Fearnville Allotments Oakwood Lane Allotments,,,,,189.06,mg/kg,Zirconium,,
LEEDS_8993887faf4f,Land Cover,,Fearnville Allotments Oakwood Lane Allotments,,,,Suburban | Improve grassland,,,,,
LEEDS_8993887faf4f,Soil Parent,,Fearnville Allotments Oakwood Lane Allotments,ARGILLIC - ARENACEOUS,"A layered subsoil of clay, silt and sand.",MEDIUM TO HEAVY,,,,,,
LEEDS_8ae185dd8995,Heavy Metals,As,Armley Park,,,,,27.59,mg/kg,Arsenic,,
LEEDS_8ae185dd8995,Heavy Metals,Cd,Armley Park,,,,,0.49,mg/kg,Cadmium,,
LEEDS_8ae185dd8995,Heavy Metals,Cu,Armley Park,,,,,57.38,mg/kg,Copper,,
LEEDS_8ae185dd8995,Heavy Metals,Ni,Armley Park,,,,,28.92,mg/kg,Nickel,,
LEEDS_8ae185dd8995,Heavy Metals,P2O5,Armley Park,,,,,0.32,w%,Phosphorus,,
LEEDS_8ae185dd8995,Heavy Metals,Pb,Armley Park,,,,,112.33,mg/kg,Lead,,
LEEDS_8ae185dd8995,Heavy Metals,Se,Armley Park,,,,,1.07,mg/kg,Selenium,,
LEEDS_8ae185dd8995,Heavy Metals,Zr,Armley Park,,,,,266.43,mg/kg,Zirconium,,
LEEDS_8ae185dd8995,Land Cover,,Armley Park,,,,Urban,,,,,
LEEDS_8ae185dd8995,Soil Parent,,Armley Park,ARGILLIC - ARENACEOUS,"A layered subsoil of clay, silt and sand.",MEDIUM TO HEAVY,,,,,,
LEEDS_8b326d3c5d70,Heavy Metals,As,Swinnow Moor,,,,,24.48,mg/kg,Arsenic,,
LEEDS_8b326d3c5d70,Heavy Metals,Cd,Swinnow Moor,,,,,0.45,mg/kg,Cadmium,,
LEEDS_8b326d3c5d70,Heavy Metals,Cu,Swinnow Moor,,,,,43.44,mg/kg,Copper,,
LEEDS_8b326d3c5d70,Heavy Metals,Ni,Swinnow Moor,,,,,23.66,mg/kg,Nickel,,
LEEDS_8b326d3c5d70,Heavy Metals,P2O5,Swinnow Moor,,,,,0.29,w%,Phosphorus,,
LEEDS_8b326d3c5d70,Heavy Metals,Pb,Swinnow Moor,,,,,102.18,mg/kg,Lead,,
LEEDS_8b326d3c5d70,Heavy Metals,Se,Swinnow Moor,,,,,1.08,mg/kg,Selenium,,
LEEDS_8b326d3c5d70,Heavy Metals,Zr,Swinnow Moor,,,,,347.07,mg/kg,Zirconium,,
LEEDS_8b326d3c5d70,Land Cover,,Swinnow Moor,,,,Suburban,,,,,
LEEDS_8b326d3c5d70,Soil Parent,,Swinnow Moor,MIXED (ARGILLIC-RUDACEOUS),"A variable clay, silt, and sand subsoil.",MEDIUM TO LIGHT(SILTY) TO HEAVY,,,,,,
LEEDS_8b5bccb6b25b,Heavy Metals,As,Chapel Allerton Community Orchard,,,,,17.76,mg/kg,Arsenic,,
LEEDS_8b5bccb6b25b,Heavy Metals,Cd,Chapel Allerton Community Orchard,,,,,0.45,mg/kg,Cadmium,,
LEEDS_8b5bccb6b25b,Heavy Metals,Cu,Chapel Allerton Community Orchard,,,,,25.83,mg/kg,Copper,,
LEEDS_8b5bccb6b25b,Heavy Metals,Ni,Chapel Allerton Community Orchard,,,,,22.64,mg/kg,Nickel,,
LEEDS_8b5bccb6b25b,Heavy Metals,P2O5,Chapel Allerton Community Orchard,,,,,0.27,w%,Phosphorus,,
LEEDS_8b5bccb6b25b,Heavy Metals,Pb,Chapel Allerton Community Orchard,,,,,81.5,mg/kg,Lead,,
LEEDS_8b5bccb6b25b,Heavy Metals,Se,Chapel Allerton Community Orchard,,,,,0.79,mg/kg,Selenium,,
LEEDS_8b5bccb6b25b,Heavy Metals,Zr,Chapel Allerton Community Orchard,,,,,250.95,mg/kg,Zirconium,,
LEEDS_8b5bccb6b25b,Land Cover,,Chapel Allerton Community Orchard,,,,Suburban,,,,,
LEEDS_8b5bccb6b25b,Soil Parent,,Chapel Allerton Community Orchard,ARENACEOUS,A sand-rich subsoil.,LIGHT(SILTY) TO MEDIUM(SILTY),,,,,,
LEEDS_8c220b74bca6,Heavy Metals,As,Nan,,,,,12.91,mg/kg,Arsenic,,
LEEDS_8c220b74bca6,Heavy Metals,Cd,Nan,,,,,0.29,mg/kg,Cadmium,,
LEEDS_8c220b74bca6,Heavy Metals,Cu,Nan,,,,,20.39,mg/kg,Copper,,
LEEDS_8c220b74bca6,Heavy Metals,Ni,Nan,,,,,31.04,mg/kg,Nickel,,
LEEDS_8c220b74bca6,Heavy Metals,P2O5,Nan,,,,,0.21,w%,Phosphorus,,
LEEDS_8c220b74bca6,Heavy Metals,Pb,Nan,,,,,63.72,mg/kg,Lead,,
LEEDS_8c220b74bca6,Heavy Metals,Se,Nan,,,,,0.48,mg/kg,Selenium,,
LEEDS_8c220b74bca6,Heavy Metals,Zr,Nan,,,,,166.55,mg/kg,Zirconium,,
LEEDS_8c220b74bca6,Land Cover,,Nan,,,,Urban,,,,,
LEEDS_8c220b74bca6,Soil Parent,,Nan,ARGILLIC - ARENACEOUS,"A layered subsoil of clay, silt and sand.",MEDIUM TO HEAVY,,,,,,
LEEDS_8ccefea12f5b,Heavy Metals,As,Edgeware Green Community Orchard,,,,,22.53,mg/kg,Arsenic,,
LEEDS_8ccefea12f5b,Heavy Metals,Cd,Edgeware Green Community Orchard,,,,,0.34,mg/kg,Cadmium,,
LEEDS_8ccefea12f5b,Heavy Metals,Cu,Edgeware Green Community Orchard,,,,,38.22,mg/kg,Copper,,
LEEDS_8ccefea12f5b,Heavy Metals,Ni,Edgeware Green Community Orchard,,,,,24.94,mg/kg,Nickel,,
LEEDS_8ccefea12f5b,Heavy Metals,P2O5,Edgeware Green Community Orchard,,,,,0.27,w%,Phosphorus,,
LEEDS_8ccefea12f5b,Heavy Metals,Pb,Edgeware Green Community Orchard,,,,,92.38,mg/kg,Lead,,
LEEDS_8ccefea12f5b,Heavy Metals,Se,Edgeware Green Community Orchard,,,,,0.79,mg/kg,Selenium,,
LEEDS_8ccefea12f5b,Heavy Metals,Zr,Edgeware Green Community Orchard,,,,,246.08,mg/kg,Zirconium,,
LEEDS_8ccefea12f5b,Land Cover,,Edgeware Green Community Orchard,,,,Urban,,,,,
LEEDS_8ccefea12f5b,Soil Parent,,Edgeware Green Community Orchard,ARGILLIC - ARENACEOUS,"A layered subsoil of clay, silt and sand.",MEDIUM TO HEAVY,,,,,,
LEEDS_8d3c55aff51e,Heavy Metals,As,Clarkes Field Allotments,,,,,33.97,mg/kg,Arsenic,,
LEEDS_8d3c55aff51e,Heavy Metals,Cd,Clarkes Field Allotments,,,,,0.51,mg/kg,Cadmium,,
LEEDS_8d3c55aff51e,Heavy Metals,Cu,Clarkes Field Allotments,,,,,57.31,mg/kg,Copper,,
LEEDS_8d3c55aff51e,Heavy Metals,Ni,Clarkes Field Allotments,,,,,34.67,mg/kg,Nickel,,
LEEDS_8d3c55aff51e,Heavy Metals,P2O5,Clarkes Field Allotments,,,,,0.33,w%,Phosphorus,,
LEEDS_8d3c55aff51e,Heavy Metals,Pb,Clarkes Field Allotments,,,,,117.58,mg/kg,Lead,,
LEEDS_8d3c55aff51e,Heavy Metals,Se,Clarkes Field Allotments,,,,,1.03,mg/kg,Selenium,,
LEEDS_8d3c55aff51e,Heavy Metals,Zr,Clarkes Field Allotments,,,,,232.56,mg/kg,Zirconium,,
LEEDS_8d3c55aff51e,Land Cover,,Clarkes Field Allotments,,,,Suburban | Urban,,,,,
LEEDS_8d3c55aff51e,Soil Parent,,Clarkes Field Allotments,ARGILLIC - ARENACEOUS,"A layered subsoil of clay, silt and sand.",MEDIUM TO HEAVY,,,,,,
LEEDS_8d4a86a54603,Heavy Metals,As,Westbourne Park,,,,,11.76,mg/kg,Arsenic,,
LEEDS_8d4a86a54603,Heavy Metals,Cd,Westbourne Park,,,,,0.76,mg/kg,Cadmium,,
LEEDS_8d4a86a54603,Heavy Metals,Cu,Westbourne Park,,,,,34.93,mg/kg,Copper,,
LEEDS_8d4a86a54603,Heavy Metals,Ni,Westbourne Park,,,,,8.33,mg/kg,Nickel,,
LEEDS_8d4a86a54603,Heavy Metals,P2O5,Westbourne Park,,,,,0.25,w%,Phosphorus,,
LEEDS_8d4a86a54603,Heavy Metals,Pb,Westbourne Park,,,,,84.14,mg/kg,Lead,,
LEEDS_8d4a86a54603,Heavy Metals,Se,Westbourne Park,,,,,1.21,mg/kg,Selenium,,
LEEDS_8d4a86a54603,Heavy Metals,Zr,Westbourne Park,,,,,193.2,mg/kg,Zirconium,,
LEEDS_8d4a86a54603,Land Cover,,Westbourne Park,,,,Suburban,,,,,
LEEDS_8d4a86a54603,Soil Parent,,Westbourne Park,MIXED (ARGILLIC-RUDACEOUS),"A variable clay, silt, and sand subsoil.",MEDIUM TO LIGHT(SILTY),,,,,,
LEEDS_8d4a86a54603,Soil SOM,,Westbourne Park,,,,,,,,,16.67
LEEDS_8d4a86a54603,Soil pH,,Westbourne Park,,,,,,,,5.5,
LEEDS_8e4359db38ef,Heavy Metals,As,Bennetts Court,,,,,14.43,mg/kg,Arsenic,,
LEEDS_8e4359db38ef,Heavy Metals,Cd,Bennetts Court,,,,,0.69,mg/kg,Cadmium,,
LEEDS_8e4359db38ef,Heavy Metals,Cu,Bennetts Court,,,,,23.77,mg/kg,Copper,,
LEEDS_8e4359db38ef,Heavy Metals,Ni,Bennetts Court,,,,,28.53,mg/kg,Nickel,,
LEEDS_8e4359db38ef,Heavy Metals,P2O5,Bennetts Court,,,,,0.23,w%,Phosphorus,,
LEEDS_8e4359db38ef,Heavy Metals,Pb,Bennetts Court,,,,,93.16,mg/kg,Lead,,
LEEDS_8e4359db38ef,Heavy Metals,Se,Bennetts Court,,,,,1.26,mg/kg,Selenium,,
LEEDS_8e4359db38ef,Heavy Metals,Zr,Bennetts Court,,,,,218.62,mg/kg,Zirconium,,
LEEDS_8e4359db38ef,Land Cover,,Bennetts Court,,,,Suburban,,,,,
LEEDS_8e4359db38ef,Soil Parent,,Bennetts Court,MIXED (ARGILLIC-RUDACEOUS),"A variable clay, silt, and sand subsoil.",MEDIUM TO LIGHT(SILTY) TO HEAVY,,,,,,
LEEDS_8ea0d2a2d7ac,Heavy Metals,As,Clifford Allotments,,,,,12.42,mg/kg,Arsenic,,
LEEDS_8ea0d2a2d7ac,Heavy Metals,Cd,Clifford Allotments,,,,,0.72,mg/kg,Cadmium,,
LEEDS_8ea0d2a2d7ac,Heavy Metals,Cu,Clifford Allotments,,,,,28.94,mg/kg,Copper,,
LEEDS_8ea0d2a2d7ac,Heavy Metals,Ni,Clifford Allotments,,,,,22.02,mg/kg,Nickel,,
LEEDS_8ea0d2a2d7ac,Heavy Metals,P2O5,Clifford Allotments,,,,,0.21,w%,Phosphorus,,
LEEDS_8ea0d2a2d7ac,Heavy Metals,Pb,Clifford Allotments,,,,,75.87,mg/kg,Lead,,
LEEDS_8ea0d2a2d7ac,Heavy Metals,Se,Clifford Allotments,,,,,0.57,mg/kg,Selenium,,
LEEDS_8ea0d2a2d7ac,Heavy Metals,Zr,Clifford Allotments,,,,,230.53,mg/kg,Zirconium,,
LEEDS_8ea0d2a2d7ac,Land Cover,,Clifford Allotments,,,,Arable | Improve grassland,,,,,
LEEDS_8ea0d2a2d7ac,Soil Parent,,Clifford Allotments,ARGILLIC - ARENACEOUS,"A layered subsoil of clay, silt and sand.",LIGHT(SILTY) TO MEDIUM(SILTY),,,,,,
LEEDS_8ea0d2a2d7ac,Soil SOM,,Clifford Allotments,,,,,,,,,5.14
LEEDS_8ea0d2a2d7ac,Soil pH,,Clifford Allotments,,,,,,,,7.05,
LEEDS_8fda80d5bdb7,Heavy Metals,As,Incredible Edible Raised Beds,,,,,16.46,mg/kg,Arsenic,,
LEEDS_8fda80d5bdb7,Heavy Metals,Cd,Incredible Edible Raised Beds,,,,,0.46,mg/kg,Cadmium,,
LEEDS_8fda80d5bdb7,Heavy Metals,Cu,Incredible Edible Raised Beds,,,,,21.71,mg/kg,Copper,,
LEEDS_8fda80d5bdb7,Heavy Metals,Ni,Incredible Edible Raised Beds,,,,,26.28,mg/kg,Nickel,,
LEEDS_8fda80d5bdb7,Heavy Metals,P2O5,Incredible Edible Raised Beds,,,,,0.21,w%,Phosphorus,,
LEEDS_8fda80d5bdb7,Heavy Metals,Pb,Incredible Edible Raised Beds,,,,,69.37,mg/kg,Lead,,
LEEDS_8fda80d5bdb7,Heavy Metals,Se,Incredible Edible Raised Beds,,,,,0.71,mg/kg,Selenium,,
LEEDS_8fda80d5bdb7,Heavy Metals,Zr,Incredible Edible Raised Beds,,,,,280.44,mg/kg,Zirconium,,
LEEDS_8fda80d5bdb7,Land Cover,,Incredible Edible Raised Beds,,,,Suburban,,,,,
LEEDS_8fda80d5bdb7,Soil Parent,,Incredible Edible Raised Beds,ARGILLIC - ARENACEOUS,"A layered subsoil of clay, silt and sand.",MEDIUM TO HEAVY,,,,,,
LEEDS_9005ec17f4f7,,,Incredible Edible Raised Beds,,,,,,,,,
LEEDS_9022d1edc8c3,Heavy Metals,As,Boston Spa,,,,,13.6,mg/kg,Arsenic,,
LEEDS_9022d1edc8c3,Heavy Metals,Cd,Boston Spa,,,,,0.82,mg/kg,Cadmium,,
LEEDS_9022d1edc8c3,Heavy Metals,Cu,Boston Spa,,,,,17.35,mg/kg,Copper,,
LEEDS_9022d1edc8c3,Heavy Metals,Ni,Boston Spa,,,,,22.64,mg/kg,Nickel,,
LEEDS_9022d1edc8c3,Heavy Metals,P2O5,Boston Spa,,,,,0.22,w%,Phosphorus,,
LEEDS_9022d1edc8c3,Heavy Metals,Pb,Boston Spa,,,,,64.04,mg/kg,Lead,,
LEEDS_9022d1edc8c3,Heavy Metals,Se,Boston Spa,,,,,0.45,mg/kg,Selenium,,
LEEDS_9022d1edc8c3,Heavy Metals,Zr,Boston Spa,,,,,300.4,mg/kg,Zirconium,,
LEEDS_9022d1edc8c3,Land Cover,,Boston Spa,,,,Suburban,,,,,
LEEDS_9022d1edc8c3,Soil Parent,,Boston Spa,ARGILLIC - ARENACEOUS,"A layered subsoil of clay, silt and sand.",LIGHT(SILTY) TO MEDIUM(SILTY),,,,,,
LEEDS_9022d1edc8c3,Soil SOM,,Boston Spa,,,,,,,,,5.65
LEEDS_9022d1edc8c3,Soil pH,,Boston Spa,,,,,,,,7.02,
LEEDS_9051207a67ed,Heavy Metals,As,Rothwell Park Community Orchard,,,,,20.05,mg/kg,Arsenic,,
LEEDS_9051207a67ed,Heavy Metals,Cd,Rothwell Park Community Orchard,,,,,0.49,mg/kg,Cadmium,,
LEEDS_9051207a67ed,Heavy Metals,Cu,Rothwell Park Community Orchard,,,,,43.63,mg/kg,Copper,,
LEEDS_9051207a67ed,Heavy Metals,Ni,Rothwell Park Community Orchard,,,,,23.78,mg/kg,Nickel,,
LEEDS_9051207a67ed,Heavy Metals,P2O5,Rothwell Park Community Orchard,,,,,0.27,w%,Phosphorus,,
LEEDS_9051207a67ed,Heavy Metals,Pb,Rothwell Park Community Orchard,,,,,103.99,mg/kg,Lead,,
LEEDS_9051207a67ed,Heavy Metals,Se,Rothwell Park Community Orchard,,,,,1.09,mg/kg,Selenium,,
LEEDS_9051207a67ed,Heavy Metals,Zr,Rothwell Park Community Orchard,,,,,286.97,mg/kg,Zirconium,,
LEEDS_9051207a67ed,Land Cover,,Rothwell Park Community Orchard,,,,Deciduous woodland,,,,,
LEEDS_9051207a67ed,Soil Parent,,Rothwell Park Community Orchard,ARENACEOUS,A sand-rich subsoil.,MEDIUM TO HEAVY,,,,,,
LEEDS_9051207a67ed,Soil SOM,,Rothwell Park Community Orchard,,,,,,,,,3.13
LEEDS_9051207a67ed,Soil pH,,Rothwell Park Community Orchard,,,,,,,,7.05,
LEEDS_9053b7b4c250,Heavy Metals,As,*Name Unavailable,,,,,18.61,mg/kg,Arsenic,,
LEEDS_9053b7b4c250,Heavy Metals,Cd,*Name Unavailable,,,,,0.54,mg/kg,Cadmium,,
LEEDS_9053b7b4c250,Heavy Metals,Cu,*Name Unavailable,,,,,39.04,mg/kg,Copper,,
LEEDS_9053b7b4c250,Heavy Metals,Ni,*Name Unavailable,,,,,20.67,mg/kg,Nickel,,
LEEDS_9053b7b4c250,Heavy Metals,P2O5,*Name Unavailable,,,,,0.27,w%,Phosphorus,,
LEEDS_9053b7b4c250,Heavy Metals,Pb,*Name Unavailable,,,,,105.95,mg/kg,Lead,,
LEEDS_9053b7b4c250,Heavy Metals,Se,*Name Unavailable,,,,,1.13,mg/kg,Selenium,,
LEEDS_9053b7b4c250,Heavy Metals,Zr,*Name Unavailable,,,,,320.59,mg/kg,Zirconium,,
LEEDS_9053b7b4c250,Land Cover,,*Name Unavailable,,,,Suburban,,,,,
LEEDS_9053b7b4c250,Soil Parent,,*Name Unavailable,ARGILLIC - ARENACEOUS | ARENACEOUS,"A layered subsoil of clay, silt and sand. | A sand-rich subsoil.",HEAVY TO MEDIUM | MEDIUM TO HEAVY,,,,,,
LEEDS_9053b7b4c250,Soil SOM,,*Name Unavailable,,,,,,,,,5.14
LEEDS_9053b7b4c250,Soil pH,,*Name Unavailable,,,,,,,,7.05,
LEEDS_905a4c150ea5,Heavy Metals,As,*Name Unavailable,,,,,25.23,mg/kg,Arsenic,,
LEEDS_905a4c150ea5,Heavy Metals,Cd,*Name Unavailable,,,,,0.54,mg/kg,Cadmium,,
LEEDS_905a4c150ea5,Heavy Metals,Cu,*Name Unavailable,,,,,44.14,mg/kg,Copper,,
LEEDS_905a4c150ea5,Heavy Metals,Ni,*Name Unavailable,,,,,32.78,mg/kg,Nickel,,
LEEDS_905a4c150ea5,Heavy Metals,P2O5,*Name Unavailable,,,,,0.34,w%,Phosphorus,,
LEEDS_905a4c150ea5,Heavy Metals,Pb,*Name Unavailable,,,,,100.17,mg/kg,Lead,,
LEEDS_905a4c150ea5,Heavy Metals,Se,*Name Unavailable,,,,,1.09,mg/kg,Selenium,,
LEEDS_905a4c150ea5,Heavy Metals,Zr,*Name Unavailable,,,,,308.91,mg/kg,Zirconium,,
LEEDS_905a4c150ea5,Land Cover,,*Name Unavailable,,,,Suburban,,,,,
LEEDS_905a4c150ea5,Soil Parent,,*Name Unavailable,MIXED (ARGILLIC-RUDACEOUS),"A variable clay, silt, and sand subsoil.",MEDIUM TO LIGHT(SILTY) TO HEAVY,,,,,,
LEEDS_90f8f7d6c068,Heavy Metals,As,Victoria Pit Allotments | Rothwell Victoria Allotments,,,,,24.1,mg/kg,Arsenic,,
LEEDS_90f8f7d6c068,Heavy Metals,Cd,Victoria Pit Allotments | Rothwell Victoria Allotments,,,,,0.54,mg/kg,Cadmium,,
LEEDS_90f8f7d6c068,Heavy Metals,Cu,Victoria Pit Allotments | Rothwell Victoria Allotments,,,,,41.26,mg/kg,Copper,,
LEEDS_90f8f7d6c068,Heavy Metals,Ni,Victoria Pit Allotments | Rothwell Victoria Allotments,,,,,23.11,mg/kg,Nickel,,
LEEDS_90f8f7d6c068,Heavy Metals,P2O5,Victoria Pit Allotments | Rothwell Victoria Allotments,,,,,0.27,w%,Phosphorus,,
LEEDS_90f8f7d6c068,Heavy Metals,Pb,Victoria Pit Allotments | Rothwell Victoria Allotments,,,,,114.58,mg/kg,Lead,,
LEEDS_90f8f7d6c068,Heavy Metals,Se,Victoria Pit Allotments | Rothwell Victoria Allotments,,,,,1.1,mg/kg,Selenium,,
LEEDS_90f8f7d6c068,Heavy Metals,Zr,Victoria Pit Allotments | Rothwell Victoria Allotments,,,,,310.7,mg/kg,Zirconium,,
LEEDS_90f8f7d6c068,Land Cover,,Victoria Pit Allotments | Rothwell Victoria Allotments,,,,Suburban,,,,,
LEEDS_90f8f7d6c068,Soil Parent,,Victoria Pit Allotments | Rothwell Victoria Allotments,ARENACEOUS,A sand-rich subsoil.,MEDIUM TO HEAVY,,,,,,
LEEDS_90f8f7d6c068,Soil SOM,,Victoria Pit Allotments | Rothwell Victoria Allotments,,,,,,,,,5.14
LEEDS_90f8f7d6c068,Soil pH,,Victoria Pit Allotments | Rothwell Victoria Allotments,,,,,,,,7.05,
LEEDS_913c85bdbbc3,Heavy Metals,As,Wood Lane Reservoir Allotments,,,,,23.74,mg/kg,Arsenic,,
LEEDS_913c85bdbbc3,Heavy Metals,Cd,Wood Lane Reservoir Allotments,,,,,0.54,mg/kg,Cadmium,,
LEEDS_913c85bdbbc3,Heavy Metals,Cu,Wood Lane Reservoir Allotments,,,,,41.53,mg/kg,Copper,,
LEEDS_913c85bdbbc3,Heavy Metals,Ni,Wood Lane Reservoir Allotments,,,,,22.55,mg/kg,Nickel,,
LEEDS_913c85bdbbc3,Heavy Metals,P2O5,Wood Lane Reservoir Allotments,,,,,0.27,w%,Phosphorus,,
LEEDS_913c85bdbbc3,Heavy Metals,Pb,Wood Lane Reservoir Allotments,,,,,111.39,mg/kg,Lead,,
LEEDS_913c85bdbbc3,Heavy Metals,Se,Wood Lane Reservoir Allotments,,,,,1.08,mg/kg,Selenium,,
LEEDS_913c85bdbbc3,Heavy Metals,Zr,Wood Lane Reservoir Allotments,,,,,297.53,mg/kg,Zirconium,,
LEEDS_913c85bdbbc3,Land Cover,,Wood Lane Reservoir Allotments,,,,Suburban,,,,,
LEEDS_913c85bdbbc3,Soil Parent,,Wood Lane Reservoir Allotments,ARENACEOUS | ARGILLIC - ARENACEOUS,"A sand-rich subsoil. | A layered subsoil of clay, silt and sand.",MEDIUM TO HEAVY,,,,,,
LEEDS_913c85bdbbc3,Soil SOM,,Wood Lane Reservoir Allotments,,,,,,,,,5.14
LEEDS_913c85bdbbc3,Soil pH,,Wood Lane Reservoir Allotments,,,,,,,,7.05,
LEEDS_914e52eb7cae,Heavy Metals,As,Stanningley Park,,,,,26.53,mg/kg,Arsenic,,
LEEDS_914e52eb7cae,Heavy Metals,Cd,Stanningley Park,,,,,0.47,mg/kg,Cadmium,,
LEEDS_914e52eb7cae,Heavy Metals,Cu,Stanningley Park,,,,,52.74,mg/kg,Copper,,
LEEDS_914e52eb7cae,Heavy Metals,Ni,Stanningley Park,,,,,28.82,mg/kg,Nickel,,
LEEDS_914e52eb7cae,Heavy Metals,P2O5,Stanningley Park,,,,,0.29,w%,Phosphorus,,
LEEDS_914e52eb7cae,Heavy Metals,Pb,Stanningley Park,,,,,110.44,mg/kg,Lead,,
LEEDS_914e52eb7cae,Heavy Metals,Se,Stanningley Park,,,,,0.99,mg/kg,Selenium,,
LEEDS_914e52eb7cae,Heavy Metals,Zr,Stanningley Park,,,,,333.61,mg/kg,Zirconium,,
LEEDS_914e52eb7cae,Land Cover,,Stanningley Park,,,,Suburban,,,,,
LEEDS_914e52eb7cae,Soil Parent,,Stanningley Park,ARGILLIC - ARENACEOUS,"A layered subsoil of clay, silt and sand.",MEDIUM TO HEAVY,,,,,,
LEEDS_9155d4451a2f,Heavy Metals,As,Incredible Edible Raised Beds,,,,,16.19,mg/kg,Arsenic,,
LEEDS_9155d4451a2f,Heavy Metals,Cd,Incredible Edible Raised Beds,,,,,0.47,mg/kg,Cadmium,,
LEEDS_9155d4451a2f,Heavy Metals,Cu,Incredible Edible Raised Beds,,,,,27.64,mg/kg,Copper,,
LEEDS_9155d4451a2f,Heavy Metals,Ni,Incredible Edible Raised Beds,,,,,24.44,mg/kg,Nickel,,
LEEDS_9155d4451a2f,Heavy Metals,P2O5,Incredible Edible Raised Beds,,,,,0.21,w%,Phosphorus,,
LEEDS_9155d4451a2f,Heavy Metals,Pb,Incredible Edible Raised Beds,,,,,60.55,mg/kg,Lead,,
LEEDS_9155d4451a2f,Heavy Metals,Se,Incredible Edible Raised Beds,,,,,0.81,mg/kg,Selenium,,
LEEDS_9155d4451a2f,Heavy Metals,Zr,Incredible Edible Raised Beds,,,,,262.08,mg/kg,Zirconium,,
LEEDS_9155d4451a2f,Land Cover,,Incredible Edible Raised Beds,,,,Improve grassland,,,,,
LEEDS_9155d4451a2f,Soil Parent,,Incredible Edible Raised Beds,ARGILLIC - ARENACEOUS,"A layered subsoil of clay, silt and sand.",HEAVY TO MEDIUM,,,,,,
LEEDS_9155d4451a2f,Soil SOM,,Incredible Edible Raised Beds,,,,,,,,,3.13
LEEDS_9155d4451a2f,Soil pH,,Incredible Edible Raised Beds,,,,,,,,7.05,
LEEDS_9167b1cc1d59,Heavy Metals,As,Tyersal,,,,,37.7,mg/kg,Arsenic,,
LEEDS_9167b1cc1d59,Heavy Metals,Cd,Tyersal,,,,,0.43,mg/kg,Cadmium,,
LEEDS_9167b1cc1d59,Heavy Metals,Cu,Tyersal,,,,,36.68,mg/kg,Copper,,
LEEDS_9167b1cc1d59,Heavy Metals,Ni,Tyersal,,,,,21.74,mg/kg,Nickel,,
LEEDS_9167b1cc1d59,Heavy Metals,P2O5,Tyersal,,,,,0.34,w%,Phosphorus,,
LEEDS_9167b1cc1d59,Heavy Metals,Pb,Tyersal,,,,,86.83,mg/kg,Lead,,
LEEDS_9167b1cc1d59,Heavy Metals,Se,Tyersal,,,,,1.11,mg/kg,Selenium,,
LEEDS_9167b1cc1d59,Heavy Metals,Zr,Tyersal,,,,,328.4,mg/kg,Zirconium,,
LEEDS_9167b1cc1d59,Land Cover,,Tyersal,,,,Suburban,,,,,
LEEDS_9167b1cc1d59,Soil Parent,,Tyersal,MIXED (ARGILLIC-RUDACEOUS),"A variable clay, silt, and sand subsoil.",MEDIUM TO LIGHT(SILTY) TO HEAVY,,,,,,
LEEDS_92bb7793a50b,Heavy Metals,As,Incredible Edible Rothwell,,,,,19.77,mg/kg,Arsenic,,
LEEDS_92bb7793a50b,Heavy Metals,Cd,Incredible Edible Rothwell,,,,,0.54,mg/kg,Cadmium,,
LEEDS_92bb7793a50b,Heavy Metals,Cu,Incredible Edible Rothwell,,,,,45.94,mg/kg,Copper,,
LEEDS_92bb7793a50b,Heavy Metals,Ni,Incredible Edible Rothwell,,,,,20.63,mg/kg,Nickel,,
LEEDS_92bb7793a50b,Heavy Metals,P2O5,Incredible Edible Rothwell,,,,,0.27,w%,Phosphorus,,
LEEDS_92bb7793a50b,Heavy Metals,Pb,Incredible Edible Rothwell,,,,,118.59,mg/kg,Lead,,
LEEDS_92bb7793a50b,Heavy Metals,Se,Incredible Edible Rothwell,,,,,1.1,mg/kg,Selenium,,
LEEDS_92bb7793a50b,Heavy Metals,Zr,Incredible Edible Rothwell,,,,,307.67,mg/kg,Zirconium,,
LEEDS_92bb7793a50b,Land Cover,,Incredible Edible Rothwell,,,,Suburban,,,,,
LEEDS_92bb7793a50b,Soil Parent,,Incredible Edible Rothwell,ARENACEOUS,A sand-rich subsoil.,MEDIUM TO HEAVY,,,,,,
LEEDS_932baeeac408,Heavy Metals,As,Dewsbury Road Onestop,,,,,32.37,mg/kg,Arsenic,,
LEEDS_932baeeac408,Heavy Metals,Cd,Dewsbury Road Onestop,,,,,0.51,mg/kg,Cadmium,,
LEEDS_932baeeac408,Heavy Metals,Cu,Dewsbury Road Onestop,,,,,51.92,mg/kg,Copper,,
LEEDS_932baeeac408,Heavy Metals,Ni,Dewsbury Road Onestop,,,,,30.24,mg/kg,Nickel,,
LEEDS_932baeeac408,Heavy Metals,P2O5,Dewsbury Road Onestop,,,,,0.33,w%,Phosphorus,,
LEEDS_932baeeac408,Heavy Metals,Pb,Dewsbury Road Onestop,,,,,97.66,mg/kg,Lead,,
LEEDS_932baeeac408,Heavy Metals,Se,Dewsbury Road Onestop,,,,,1.0,mg/kg,Selenium,,
LEEDS_932baeeac408,Heavy Metals,Zr,Dewsbury Road Onestop,,,,,240.01,mg/kg,Zirconium,,
LEEDS_932baeeac408,Land Cover,,Dewsbury Road Onestop,,,,Suburban,,,,,
LEEDS_932baeeac408,Soil Parent,,Dewsbury Road Onestop,ARENACEOUS - RUDACEOUS,A layered subsoil of sand and gravel.,LIGHT(SANDY) TO MEDIUM(SANDY),,,,,,
LEEDS_93be1a225af3,Heavy Metals,As,Chapel Allerton Park,,,,,17.76,mg/kg,Arsenic,,
LEEDS_93be1a225af3,Heavy Metals,Cd,Chapel Allerton Park,,,,,0.45,mg/kg,Cadmium,,
LEEDS_93be1a225af3,Heavy Metals,Cu,Chapel Allerton Park,,,,,25.83,mg/kg,Copper,,
LEEDS_93be1a225af3,Heavy Metals,Ni,Chapel Allerton Park,,,,,22.64,mg/kg,Nickel,,
LEEDS_93be1a225af3,Heavy Metals,P2O5,Chapel Allerton Park,,,,,0.27,w%,Phosphorus,,
LEEDS_93be1a225af3,Heavy Metals,Pb,Chapel Allerton Park,,,,,81.5,mg/kg,Lead,,
LEEDS_93be1a225af3,Heavy Metals,Se,Chapel Allerton Park,,,,,0.79,mg/kg,Selenium,,
LEEDS_93be1a225af3,Heavy Metals,Zr,Chapel Allerton Park,,,,,250.95,mg/kg,Zirconium,,
LEEDS_93be1a225af3,Land Cover,,Chapel Allerton Park,,,,Suburban,,,,,
LEEDS_93be1a225af3,Soil Parent,,Chapel Allerton Park,ARENACEOUS,A sand-rich subsoil.,LIGHT(SILTY) TO MEDIUM(SILTY),,,,,,
LEEDS_93e72b03ac1f,Heavy Metals,As,Harehills Park Community Orchard,,,,,20.82,mg/kg,Arsenic,,
LEEDS_93e72b03ac1f,Heavy Metals,Cd,Harehills Park Community Orchard,,,,,0.35,mg/kg,Cadmium,,
LEEDS_93e72b03ac1f,Heavy Metals,Cu,Harehills Park Community Orchard,,,,,38.65,mg/kg,Copper,,
LEEDS_93e72b03ac1f,Heavy Metals,Ni,Harehills Park Community Orchard,,,,,27.78,mg/kg,Nickel,,
LEEDS_93e72b03ac1f,Heavy Metals,P2O5,Harehills Park Community Orchard,,,,,0.29,w%,Phosphorus,,
LEEDS_93e72b03ac1f,Heavy Metals,Pb,Harehills Park Community Orchard,,,,,86.05,mg/kg,Lead,,
LEEDS_93e72b03ac1f,Heavy Metals,Se,Harehills Park Community Orchard,,,,,0.76,mg/kg,Selenium,,
LEEDS_93e72b03ac1f,Heavy Metals,Zr,Harehills Park Community Orchard,,,,,211.78,mg/kg,Zirconium,,
LEEDS_93e72b03ac1f,Land Cover,,Harehills Park Community Orchard,,,,Improve grassland,,,,,
LEEDS_93e72b03ac1f,Soil Parent,,Harehills Park Community Orchard,ARGILLIC - ARENACEOUS,"A layered subsoil of clay, silt and sand.",MEDIUM TO HEAVY,,,,,,
LEEDS_946ef8bcd6c7,Heavy Metals,As,Butt Hill Allotments | Bickerdike Allotments,,,,,15.59,mg/kg,Arsenic,,
LEEDS_946ef8bcd6c7,Heavy Metals,Cd,Butt Hill Allotments | Bickerdike Allotments,,,,,0.47,mg/kg,Cadmium,,
LEEDS_946ef8bcd6c7,Heavy Metals,Cu,Butt Hill Allotments | Bickerdike Allotments,,,,,27.61,mg/kg,Copper,,
LEEDS_946ef8bcd6c7,Heavy Metals,Ni,Butt Hill Allotments | Bickerdike Allotments,,,,,24.78,mg/kg,Nickel,,
LEEDS_946ef8bcd6c7,Heavy Metals,P2O5,Butt Hill Allotments | Bickerdike Allotments,,,,,0.21,w%,Phosphorus,,
LEEDS_946ef8bcd6c7,Heavy Metals,Pb,Butt Hill Allotments | Bickerdike Allotments,,,,,61.1,mg/kg,Lead,,
LEEDS_946ef8bcd6c7,Heavy Metals,Se,Butt Hill Allotments | Bickerdike Allotments,,,,,0.79,mg/kg,Selenium,,
LEEDS_946ef8bcd6c7,Heavy Metals,Zr,Butt Hill Allotments | Bickerdike Allotments,,,,,263.28,mg/kg,Zirconium,,
LEEDS_946ef8bcd6c7,Land Cover,,Butt Hill Allotments | Bickerdike Allotments,,,,Suburban,,,,,
LEEDS_946ef8bcd6c7,Soil Parent,,Butt Hill Allotments | Bickerdike Allotments,ARGILLIC - ARENACEOUS,"A layered subsoil of clay, silt and sand.",HEAVY TO MEDIUM,,,,,,
LEEDS_953078294d34,Heavy Metals,As,Kirkstall Abbey,,,,,24.75,mg/kg,Arsenic,,
LEEDS_953078294d34,Heavy Metals,Cd,Kirkstall Abbey,,,,,0.58,mg/kg,Cadmium,,
LEEDS_953078294d34,Heavy Metals,Cu,Kirkstall Abbey,,,,,38.61,mg/kg,Copper,,
LEEDS_953078294d34,Heavy Metals,Ni,Kirkstall Abbey,,,,,36.52,mg/kg,Nickel,,
LEEDS_953078294d34,Heavy Metals,P2O5,Kirkstall Abbey,,,,,0.42,w%,Phosphorus,,
LEEDS_953078294d34,Heavy Metals,Pb,Kirkstall Abbey,,,,,100.81,mg/kg,Lead,,
LEEDS_953078294d34,Heavy Metals,Se,Kirkstall Abbey,,,,,1.05,mg/kg,Selenium,,
LEEDS_953078294d34,Heavy Metals,Zr,Kirkstall Abbey,,,,,310.12,mg/kg,Zirconium,,
LEEDS_953078294d34,Land Cover,,Kirkstall Abbey,,,,Suburban,,,,,
LEEDS_953078294d34,Soil Parent,,Kirkstall Abbey,ARENACEOUS,A sand-rich subsoil.,LIGHT(SANDY) TO MEDIUM(SANDY),,,,,,
LEEDS_953ab3fc7645,Heavy Metals,As,Farsley Community Orchard,,,,,33.16,mg/kg,Arsenic,,
LEEDS_953ab3fc7645,Heavy Metals,Cd,Farsley Community Orchard,,,,,0.46,mg/kg,Cadmium,,
LEEDS_953ab3fc7645,Heavy Metals,Cu,Farsley Community Orchard,,,,,46.48,mg/kg,Copper,,
LEEDS_953ab3fc7645,Heavy Metals,Ni,Farsley Community Orchard,,,,,30.67,mg/kg,Nickel,,
LEEDS_953ab3fc7645,Heavy Metals,P2O5,Farsley Community Orchard,,,,,0.29,w%,Phosphorus,,
LEEDS_953ab3fc7645,Heavy Metals,Pb,Farsley Community Orchard,,,,,106.85,mg/kg,Lead,,
LEEDS_953ab3fc7645,Heavy Metals,Se,Farsley Community Orchard,,,,,0.9,mg/kg,Selenium,,
LEEDS_953ab3fc7645,Heavy Metals,Zr,Farsley Community Orchard,,,,,275.52,mg/kg,Zirconium,,
LEEDS_953ab3fc7645,Land Cover,,Farsley Community Orchard,,,,Suburban,,,,,
LEEDS_953ab3fc7645,Soil Parent,,Farsley Community Orchard,ARGILLIC - ARENACEOUS,"A layered subsoil of clay, silt and sand.",MEDIUM TO HEAVY,,,,,,
LEEDS_95dd4ce3d69f,Heavy Metals,As,*Name Unavailable,,,,,33.48,mg/kg,Arsenic,,
LEEDS_95dd4ce3d69f,Heavy Metals,Cd,*Name Unavailable,,,,,0.47,mg/kg,Cadmium,,
LEEDS_95dd4ce3d69f,Heavy Metals,Cu,*Name Unavailable,,,,,75.13,mg/kg,Copper,,
LEEDS_95dd4ce3d69f,Heavy Metals,Ni,*Name Unavailable,,,,,35.07,mg/kg,Nickel,,
LEEDS_95dd4ce3d69f,Heavy Metals,P2O5,*Name Unavailable,,,,,0.29,w%,Phosphorus,,
LEEDS_95dd4ce3d69f,Heavy Metals,Pb,*Name Unavailable,,,,,130.38,mg/kg,Lead,,
LEEDS_95dd4ce3d69f,Heavy Metals,Se,*Name Unavailable,,,,,0.95,mg/kg,Selenium,,
LEEDS_95dd4ce3d69f,Heavy Metals,Zr,*Name Unavailable,,,,,258.12,mg/kg,Zirconium,,
LEEDS_95dd4ce3d69f,Land Cover,,*Name Unavailable,,,,Urban,,,,,
LEEDS_95dd4ce3d69f,Soil Parent,,*Name Unavailable,ARGILLIC - ARENACEOUS,"A layered subsoil of clay, silt and sand.",ALL,,,,,,
LEEDS_9615a66fdec2,Heavy Metals,As,*Name Unavailable,,,,,25.22,mg/kg,Arsenic,,
LEEDS_9615a66fdec2,Heavy Metals,Cd,*Name Unavailable,,,,,0.61,mg/kg,Cadmium,,
LEEDS_9615a66fdec2,Heavy Metals,Cu,*Name Unavailable,,,,,42.97,mg/kg,Copper,,
LEEDS_9615a66fdec2,Heavy Metals,Ni,*Name Unavailable,,,,,30.0,mg/kg,Nickel,,
LEEDS_9615a66fdec2,Heavy Metals,P2O5,*Name Unavailable,,,,,0.23,w%,Phosphorus,,
LEEDS_9615a66fdec2,Heavy Metals,Pb,*Name Unavailable,,,,,91.22,mg/kg,Lead,,
LEEDS_9615a66fdec2,Heavy Metals,Se,*Name Unavailable,,,,,0.84,mg/kg,Selenium,,
LEEDS_9615a66fdec2,Heavy Metals,Zr,*Name Unavailable,,,,,221.18,mg/kg,Zirconium,,
LEEDS_9615a66fdec2,Land Cover,,*Name Unavailable,,,,Suburban,,,,,
LEEDS_9615a66fdec2,Soil Parent,,*Name Unavailable,ARENACEOUS - RUDACEOUS,A layered subsoil of sand and gravel.,LIGHT(SILTY) TO MEDIUM(SILTY),,,,,,
LEEDS_9615a66fdec2,Soil SOM,,*Name Unavailable,,,,,,,,,3.13
LEEDS_9615a66fdec2,Soil pH,,*Name Unavailable,,,,,,,,7.05,
LEEDS_97fa64414fef,Heavy Metals,As,Bye Law Mens Field Allotments,,,,,21.3,mg/kg,Arsenic,,
LEEDS_97fa64414fef,Heavy Metals,Cd,Bye Law Mens Field Allotments,,,,,0.33,mg/kg,Cadmium,,
LEEDS_97fa64414fef,Heavy Metals,Cu,Bye Law Mens Field Allotments,,,,,41.58,mg/kg,Copper,,
LEEDS_97fa64414fef,Heavy Metals,Ni,Bye Law Mens Field Allotments,,,,,31.14,mg/kg,Nickel,,
LEEDS_97fa64414fef,Heavy Metals,P2O5,Bye Law Mens Field Allotments,,,,,0.23,w%,Phosphorus,,
LEEDS_97fa64414fef,Heavy Metals,Pb,Bye Law Mens Field Allotments,,,,,83.69,mg/kg,Lead,,
LEEDS_97fa64414fef,Heavy Metals,Se,Bye Law Mens Field Allotments,,,,,0.62,mg/kg,Selenium,,
LEEDS_97fa64414fef,Heavy Metals,Zr,Bye Law Mens Field Allotments,,,,,189.46,mg/kg,Zirconium,,
LEEDS_97fa64414fef,Land Cover,,Bye Law Mens Field Allotments,,,,Suburban,,,,,
LEEDS_97fa64414fef,Soil Parent,,Bye Law Mens Field Allotments,ARGILLIC - ARENACEOUS,"A layered subsoil of clay, silt and sand.",MEDIUM TO HEAVY,,,,,,
LEEDS_9a933a73befb,Heavy Metals,As,Nan,,,,,15.33,mg/kg,Arsenic,,
LEEDS_9a933a73befb,Heavy Metals,Cd,Nan,,,,,0.47,mg/kg,Cadmium,,
LEEDS_9a933a73befb,Heavy Metals,Cu,Nan,,,,,28.02,mg/kg,Copper,,
LEEDS_9a933a73befb,Heavy Metals,Ni,Nan,,,,,25.51,mg/kg,Nickel,,
LEEDS_9a933a73befb,Heavy Metals,P2O5,Nan,,,,,0.21,w%,Phosphorus,,
LEEDS_9a933a73befb,Heavy Metals,Pb,Nan,,,,,64.27,mg/kg,Lead,,
LEEDS_9a933a73befb,Heavy Metals,Se,Nan,,,,,0.77,mg/kg,Selenium,,
LEEDS_9a933a73befb,Heavy Metals,Zr,Nan,,,,,265.1,mg/kg,Zirconium,,
LEEDS_9a933a73befb,Land Cover,,Nan,,,,Suburban,,,,,
LEEDS_9a933a73befb,Soil Parent,,Nan,ARGILLIC - ARENACEOUS,"A layered subsoil of clay, silt and sand.",HEAVY TO MEDIUM,,,,,,
LEEDS_9b53f590c484,Heavy Metals,As,Roundhay Allotments Soldiers Field,,,,,17.0,mg/kg,Arsenic,,
LEEDS_9b53f590c484,Heavy Metals,Cd,Roundhay Allotments Soldiers Field,,,,,0.4,mg/kg,Cadmium,,
LEEDS_9b53f590c484,Heavy Metals,Cu,Roundhay Allotments Soldiers Field,,,,,22.29,mg/kg,Copper,,
LEEDS_9b53f590c484,Heavy Metals,Ni,Roundhay Allotments Soldiers Field,,,,,19.24,mg/kg,Nickel,,
LEEDS_9b53f590c484,Heavy Metals,P2O5,Roundhay Allotments Soldiers Field,,,,,0.24,w%,Phosphorus,,
LEEDS_9b53f590c484,Heavy Metals,Pb,Roundhay Allotments Soldiers Field,,,,,79.57,mg/kg,Lead,,
LEEDS_9b53f590c484,Heavy Metals,Se,Roundhay Allotments Soldiers Field,,,,,0.69,mg/kg,Selenium,,
LEEDS_9b53f590c484,Heavy Metals,Zr,Roundhay Allotments Soldiers Field,,,,,253.68,mg/kg,Zirconium,,
LEEDS_9b53f590c484,Land Cover,,Roundhay Allotments Soldiers Field,,,,Improve grassland | Suburban | Urban,,,,,
LEEDS_9b53f590c484,Soil Parent,,Roundhay Allotments Soldiers Field,ARENACEOUS | ARGILLIC - ARENACEOUS,"A sand-rich subsoil. | A layered subsoil of clay, silt and sand.",LIGHT(SILTY) TO MEDIUM(SILTY) | MEDIUM TO HEAVY,,,,,,
LEEDS_9b53f590c484,Soil SOM,,Roundhay Allotments Soldiers Field,,,,,,,,,10.21
LEEDS_9b53f590c484,Soil pH,,Roundhay Allotments Soldiers Field,,,,,,,,6.07,
LEEDS_9c536b537cd7,Heavy Metals,As,Drighlinton Orchard,,,,,33.36,mg/kg,Arsenic,,
LEEDS_9c536b537cd7,Heavy Metals,Cd,Drighlinton Orchard,,,,,0.43,mg/kg,Cadmium,,
LEEDS_9c536b537cd7,Heavy Metals,Cu,Drighlinton Orchard,,,,,52.17,mg/kg,Copper,,
LEEDS_9c536b537cd7,Heavy Metals,Ni,Drighlinton Orchard,,,,,23.71,mg/kg,Nickel,,
LEEDS_9c536b537cd7,Heavy Metals,P2O5,Drighlinton Orchard,,,,,0.34,w%,Phosphorus,,
LEEDS_9c536b537cd7,Heavy Metals,Pb,Drighlinton Orchard,,,,,94.69,mg/kg,Lead,,
LEEDS_9c536b537cd7,Heavy Metals,Se,Drighlinton Orchard,,,,,1.19,mg/kg,Selenium,,
LEEDS_9c536b537cd7,Heavy Metals,Zr,Drighlinton Orchard,,,,,267.09,mg/kg,Zirconium,,
LEEDS_9c536b537cd7,Land Cover,,Drighlinton Orchard,,,,Improve grassland,,,,,
LEEDS_9c536b537cd7,Soil Parent,,Drighlinton Orchard,ARENACEOUS,A sand-rich subsoil.,LIGHT(SILTY) TO MEDIUM(SILTY) TO HEAVY,,,,,,
LEEDS_9cb534560cc7,Heavy Metals,As,Incredible Edible Raised Beds,,,,,21.05,mg/kg,Arsenic,,
LEEDS_9cb534560cc7,Heavy Metals,Cd,Incredible Edible Raised Beds,,,,,0.37,mg/kg,Cadmium,,
LEEDS_9cb534560cc7,Heavy Metals,Cu,Incredible Edible Raised Beds,,,,,32.51,mg/kg,Copper,,
LEEDS_9cb534560cc7,Heavy Metals,Ni,Incredible Edible Raised Beds,,,,,28.27,mg/kg,Nickel,,
LEEDS_9cb534560cc7,Heavy Metals,P2O5,Incredible Edible Raised Beds,,,,,0.22,w%,Phosphorus,,
LEEDS_9cb534560cc7,Heavy Metals,Pb,Incredible Edible Raised Beds,,,,,76.31,mg/kg,Lead,,
LEEDS_9cb534560cc7,Heavy Metals,Se,Incredible Edible Raised Beds,,,,,0.66,mg/kg,Selenium,,
LEEDS_9cb534560cc7,Heavy Metals,Zr,Incredible Edible Raised Beds,,,,,223.75,mg/kg,Zirconium,,
LEEDS_9cb534560cc7,Land Cover,,Incredible Edible Raised Beds,,,,Suburban,,,,,
LEEDS_9cb534560cc7,Soil Parent,,Incredible Edible Raised Beds,ARENACEOUS,A sand-rich subsoil.,LIGHT(SILTY) TO MEDIUM(SILTY),,,,,,
LEEDS_9d6992de4d14,Heavy Metals,As,Horsforth Hall Park Community Garden,,,,,17.98,mg/kg,Arsenic,,
LEEDS_9d6992de4d14,Heavy Metals,Cd,Horsforth Hall Park Community Garden,,,,,0.44,mg/kg,Cadmium,,
LEEDS_9d6992de4d14,Heavy Metals,Cu,Horsforth Hall Park Community Garden,,,,,49.53,mg/kg,Copper,,
LEEDS_9d6992de4d14,Heavy Metals,Ni,Horsforth Hall Park Community Garden,,,,,24.79,mg/kg,Nickel,,
LEEDS_9d6992de4d14,Heavy Metals,P2O5,Horsforth Hall Park Community Garden,,,,,0.28,w%,Phosphorus,,
LEEDS_9d6992de4d14,Heavy Metals,Pb,Horsforth Hall Park Community Garden,,,,,92.41,mg/kg,Lead,,
LEEDS_9d6992de4d14,Heavy Metals,Se,Horsforth Hall Park Community Garden,,,,,0.87,mg/kg,Selenium,,
LEEDS_9d6992de4d14,Heavy Metals,Zr,Horsforth Hall Park Community Garden,,,,,340.87,mg/kg,Zirconium,,
LEEDS_9d6992de4d14,Land Cover,,Horsforth Hall Park Community Garden,,,,Suburban,,,,,
LEEDS_9d6992de4d14,Soil Parent,,Horsforth Hall Park Community Garden,MIXED (ARGILLIC-RUDACEOUS),"A variable clay, silt, and sand subsoil.",MEDIUM TO LIGHT(SILTY) TO HEAVY,,,,,,
LEEDS_9dc468eb6b8d,Heavy Metals,As,Hesketh Lane Rec Tingley,,,,,41.18,mg/kg,Arsenic,,
LEEDS_9dc468eb6b8d,Heavy Metals,Cd,Hesketh Lane Rec Tingley,,,,,0.45,mg/kg,Cadmium,,
LEEDS_9dc468eb6b8d,Heavy Metals,Cu,Hesketh Lane Rec Tingley,,,,,53.08,mg/kg,Copper,,
LEEDS_9dc468eb6b8d,Heavy Metals,Ni,Hesketh Lane Rec Tingley,,,,,41.68,mg/kg,Nickel,,
LEEDS_9dc468eb6b8d,Heavy Metals,P2O5,Hesketh Lane Rec Tingley,,,,,0.33,w%,Phosphorus,,
LEEDS_9dc468eb6b8d,Heavy Metals,Pb,Hesketh Lane Rec Tingley,,,,,98.43,mg/kg,Lead,,
LEEDS_9dc468eb6b8d,Heavy Metals,Se,Hesketh Lane Rec Tingley,,,,,0.92,mg/kg,Selenium,,
LEEDS_9dc468eb6b8d,Heavy Metals,Zr,Hesketh Lane Rec Tingley,,,,,230.11,mg/kg,Zirconium,,
LEEDS_9dc468eb6b8d,Land Cover,,Hesketh Lane Rec Tingley,,,,Suburban,,,,,
LEEDS_9dc468eb6b8d,Soil Parent,,Hesketh Lane Rec Tingley,ARENACEOUS,A sand-rich subsoil.,MEDIUM TO HEAVY,,,,,,
LEEDS_9ddfb580428b,Heavy Metals,As,*Name Unavailable,,,,,15.12,mg/kg,Arsenic,,
LEEDS_9ddfb580428b,Heavy Metals,Cd,*Name Unavailable,,,,,0.48,mg/kg,Cadmium,,
LEEDS_9ddfb580428b,Heavy Metals,Cu,*Name Unavailable,,,,,36.42,mg/kg,Copper,,
LEEDS_9ddfb580428b,Heavy Metals,Ni,*Name Unavailable,,,,,19.99,mg/kg,Nickel,,
LEEDS_9ddfb580428b,Heavy Metals,P2O5,*Name Unavailable,,,,,0.23,w%,Phosphorus,,
LEEDS_9ddfb580428b,Heavy Metals,Pb,*Name Unavailable,,,,,69.08,mg/kg,Lead,,
LEEDS_9ddfb580428b,Heavy Metals,Se,*Name Unavailable,,,,,1.09,mg/kg,Selenium,,
LEEDS_9ddfb580428b,Heavy Metals,Zr,*Name Unavailable,,,,,333.03,mg/kg,Zirconium,,
LEEDS_9ddfb580428b,Land Cover,,*Name Unavailable,,,,Suburban,,,,,
LEEDS_9ddfb580428b,Soil Parent,,*Name Unavailable,ARENACEOUS,A sand-rich subsoil.,MEDIUM TO HEAVY,,,,,,
LEEDS_9f876884c8fa,Heavy Metals,As,Growing Zone,,,,,15.45,mg/kg,Arsenic,,
LEEDS_9f876884c8fa,Heavy Metals,Cd,Growing Zone,,,,,0.47,mg/kg,Cadmium,,
LEEDS_9f876884c8fa,Heavy Metals,Cu,Growing Zone,,,,,23.27,mg/kg,Copper,,
LEEDS_9f876884c8fa,Heavy Metals,Ni,Growing Zone,,,,,27.14,mg/kg,Nickel,,
LEEDS_9f876884c8fa,Heavy Metals,P2O5,Growing Zone,,,,,0.21,w%,Phosphorus,,
LEEDS_9f876884c8fa,Heavy Metals,Pb,Growing Zone,,,,,63.3,mg/kg,Lead,,
LEEDS_9f876884c8fa,Heavy Metals,Se,Growing Zone,,,,,0.75,mg/kg,Selenium,,
LEEDS_9f876884c8fa,Heavy Metals,Zr,Growing Zone,,,,,262.61,mg/kg,Zirconium,,
LEEDS_9f876884c8fa,Land Cover,,Growing Zone,,,,Suburban,,,,,
LEEDS_9f876884c8fa,Soil Parent,,Growing Zone,ARGILLIC - ARENACEOUS,"A layered subsoil of clay, silt and sand.",LIGHT(SILTY) TO MEDIUM(SILTY),,,,,,
LEEDS_9f876884c8fa,Soil SOM,,Growing Zone,,,,,,,,,3.13
LEEDS_9f876884c8fa,Soil pH,,Growing Zone,,,,,,,,7.05,
LEEDS_9fe3e2623f12,Heavy Metals,As,Ardsley Mill Allotments,,,,,36.66,mg/kg,Arsenic,,
LEEDS_9fe3e2623f12,Heavy Metals,Cd,Ardsley Mill Allotments,,,,,0.63,mg/kg,Cadmium,,
LEEDS_9fe3e2623f12,Heavy Metals,Cu,Ardsley Mill Allotments,,,,,67.98,mg/kg,Copper,,
LEEDS_9fe3e2623f12,Heavy Metals,Ni,Ardsley Mill Allotments,,,,,28.46,mg/kg,Nickel,,
LEEDS_9fe3e2623f12,Heavy Metals,P2O5,Ardsley Mill Allotments,,,,,0.33,w%,Phosphorus,,
LEEDS_9fe3e2623f12,Heavy Metals,Pb,Ardsley Mill Allotments,,,,,119.96,mg/kg,Lead,,
LEEDS_9fe3e2623f12,Heavy Metals,Se,Ardsley Mill Allotments,,,,,1.08,mg/kg,Selenium,,
LEEDS_9fe3e2623f12,Heavy Metals,Zr,Ardsley Mill Allotments,,,,,271.75,mg/kg,Zirconium,,
LEEDS_9fe3e2623f12,Land Cover,,Ardsley Mill Allotments,,,,Suburban,,,,,
LEEDS_9fe3e2623f12,Soil Parent,,Ardsley Mill Allotments,ARGILLIC - ARENACEOUS,"A layered subsoil of clay, silt and sand.",HEAVY TO MEDIUM,,,,,,
LEEDS_9fe3e2623f12,Soil SOM,,Ardsley Mill Allotments,,,,,,,,,3.13
LEEDS_9fe3e2623f12,Soil pH,,Ardsley Mill Allotments,,,,,,,,7.05,
LEEDS_9ff71cc7a7bb,Heavy Metals,As,The Involve Centre,,,,,30.26,mg/kg,Arsenic,,
LEEDS_9ff71cc7a7bb,Heavy Metals,Cd,The Involve Centre,,,,,0.48,mg/kg,Cadmium,,
LEEDS_9ff71cc7a7bb,Heavy Metals,Cu,The Involve Centre,,,,,50.53,mg/kg,Copper,,
LEEDS_9ff71cc7a7bb,Heavy Metals,Ni,The Involve Centre,,,,,27.28,mg/kg,Nickel,,
LEEDS_9ff71cc7a7bb,Heavy Metals,P2O5,The Involve Centre,,,,,0.32,w%,Phosphorus,,
LEEDS_9ff71cc7a7bb,Heavy Metals,Pb,The Involve Centre,,,,,113.6,mg/kg,Lead,,
LEEDS_9ff71cc7a7bb,Heavy Metals,Se,The Involve Centre,,,,,0.97,mg/kg,Selenium,,
LEEDS_9ff71cc7a7bb,Heavy Metals,Zr,The Involve Centre,,,,,264.38,mg/kg,Zirconium,,
LEEDS_9ff71cc7a7bb,Land Cover,,The Involve Centre,,,,Suburban,,,,,
LEEDS_9ff71cc7a7bb,Soil Parent,,The Involve Centre,ARENACEOUS - RUDACEOUS,A layered subsoil of sand and gravel.,LIGHT(SANDY) TO MEDIUM(SANDY),,,,,,
LEEDS_a0347bee562c,Heavy Metals,As,Woodside Green,,,,,18.0,mg/kg,Arsenic,,
LEEDS_a0347bee562c,Heavy Metals,Cd,Woodside Green,,,,,0.48,mg/kg,Cadmium,,
LEEDS_a0347bee562c,Heavy Metals,Cu,Woodside Green,,,,,30.6,mg/kg,Copper,,
LEEDS_a0347bee562c,Heavy Metals,Ni,Woodside Green,,,,,24.35,mg/kg,Nickel,,
LEEDS_a0347bee562c,Heavy Metals,P2O5,Woodside Green,,,,,0.29,w%,Phosphorus,,
LEEDS_a0347bee562c,Heavy Metals,Pb,Woodside Green,,,,,86.75,mg/kg,Lead,,
LEEDS_a0347bee562c,Heavy Metals,Se,Woodside Green,,,,,0.88,mg/kg,Selenium,,
LEEDS_a0347bee562c,Heavy Metals,Zr,Woodside Green,,,,,332.94,mg/kg,Zirconium,,
LEEDS_a0347bee562c,Land Cover,,Woodside Green,,,,Suburban,,,,,
LEEDS_a0347bee562c,Soil Parent,,Woodside Green,MIXED (ARGILLIC-RUDACEOUS),"A variable clay, silt, and sand subsoil.",MEDIUM TO LIGHT(SILTY) TO HEAVY,,,,,,
LEEDS_a07f847184ba,Heavy Metals,As,Willow Green Allotments,,,,,17.8,mg/kg,Arsenic,,
LEEDS_a07f847184ba,Heavy Metals,Cd,Willow Green Allotments,,,,,0.44,mg/kg,Cadmium,,
LEEDS_a07f847184ba,Heavy Metals,Cu,Willow Green Allotments,,,,,53.96,mg/kg,Copper,,
LEEDS_a07f847184ba,Heavy Metals,Ni,Willow Green Allotments,,,,,26.23,mg/kg,Nickel,,
LEEDS_a07f847184ba,Heavy Metals,P2O5,Willow Green Allotments,,,,,0.28,w%,Phosphorus,,
LEEDS_a07f847184ba,Heavy Metals,Pb,Willow Green Allotments,,,,,96.76,mg/kg,Lead,,
LEEDS_a07f847184ba,Heavy Metals,Se,Willow Green Allotments,,,,,0.88,mg/kg,Selenium,,
LEEDS_a07f847184ba,Heavy Metals,Zr,Willow Green Allotments,,,,,331.12,mg/kg,Zirconium,,
LEEDS_a07f847184ba,Land Cover,,Willow Green Allotments,,,,Urban | Suburban,,,,,
LEEDS_a07f847184ba,Soil Parent,,Willow Green Allotments,MIXED (ARGILLIC-RUDACEOUS),"A variable clay, silt, and sand subsoil.",MEDIUM TO LIGHT(SILTY) TO HEAVY,,,,,,
LEEDS_a0d7ae7b021f,Heavy Metals,As,Todds Allotments,,,,,12.82,mg/kg,Arsenic,,
LEEDS_a0d7ae7b021f,Heavy Metals,Cd,Todds Allotments,,,,,0.82,mg/kg,Cadmium,,
LEEDS_a0d7ae7b021f,Heavy Metals,Cu,Todds Allotments,,,,,30.42,mg/kg,Copper,,
LEEDS_a0d7ae7b021f,Heavy Metals,Ni,Todds Allotments,,,,,27.13,mg/kg,Nickel,,
LEEDS_a0d7ae7b021f,Heavy Metals,P2O5,Todds Allotments,,,,,0.37,w%,Phosphorus,,
LEEDS_a0d7ae7b021f,Heavy Metals,Pb,Todds Allotments,,,,,96.15,mg/kg,Lead,,
LEEDS_a0d7ae7b021f,Heavy Metals,Se,Todds Allotments,,,,,1.24,mg/kg,Selenium,,
LEEDS_a0d7ae7b021f,Heavy Metals,Zr,Todds Allotments,,,,,283.46,mg/kg,Zirconium,,
LEEDS_a0d7ae7b021f,Land Cover,,Todds Allotments,,,,Suburban,,,,,
LEEDS_a0d7ae7b021f,Soil Parent,,Todds Allotments,ARGILLIC - ARENACEOUS,"A layered subsoil of clay, silt and sand.",ALL,,,,,,
LEEDS_a0d7ae7b021f,Soil SOM,,Todds Allotments,,,,,,,,,10.72
LEEDS_a0d7ae7b021f,Soil pH,,Todds Allotments,,,,,,,,6.07,
LEEDS_a1627fb2732c,Heavy Metals,As,Garforth Oak Estate Allotments,,,,,16.97,mg/kg,Arsenic,,
LEEDS_a1627fb2732c,Heavy Metals,Cd,Garforth Oak Estate Allotments,,,,,0.48,mg/kg,Cadmium,,
LEEDS_a1627fb2732c,Heavy Metals,Cu,Garforth Oak Estate Allotments,,,,,20.36,mg/kg,Copper,,
LEEDS_a1627fb2732c,Heavy Metals,Ni,Garforth Oak Estate Allotments,,,,,28.19,mg/kg,Nickel,,
LEEDS_a1627fb2732c,Heavy Metals,P2O5,Garforth Oak Estate Allotments,,,,,0.21,w%,Phosphorus,,
LEEDS_a1627fb2732c,Heavy Metals,Pb,Garforth Oak Estate Allotments,,,,,60.02,mg/kg,Lead,,
LEEDS_a1627fb2732c,Heavy Metals,Se,Garforth Oak Estate Allotments,,,,,0.66,mg/kg,Selenium,,
LEEDS_a1627fb2732c,Heavy Metals,Zr,Garforth Oak Estate Allotments,,,,,308.76,mg/kg,Zirconium,,
LEEDS_a1627fb2732c,Land Cover,,Garforth Oak Estate Allotments,,,,Suburban,,,,,
LEEDS_a1627fb2732c,Soil Parent,,Garforth Oak Estate Allotments,ARGILLIC - ARENACEOUS,"A layered subsoil of clay, silt and sand.",MEDIUM TO HEAVY,,,,,,
LEEDS_a16976f1863c,Heavy Metals,As,Field Terrace Primrose Lane Allotments,,,,,25.82,mg/kg,Arsenic,,
LEEDS_a16976f1863c,Heavy Metals,Cd,Field Terrace Primrose Lane Allotments,,,,,0.34,mg/kg,Cadmium,,
LEEDS_a16976f1863c,Heavy Metals,Cu,Field Terrace Primrose Lane Allotments,,,,,41.32,mg/kg,Copper,,
LEEDS_a16976f1863c,Heavy Metals,Ni,Field Terrace Primrose Lane Allotments,,,,,27.51,mg/kg,Nickel,,
LEEDS_a16976f1863c,Heavy Metals,P2O5,Field Terrace Primrose Lane Allotments,,,,,0.23,w%,Phosphorus,,
LEEDS_a16976f1863c,Heavy Metals,Pb,Field Terrace Primrose Lane Allotments,,,,,80.28,mg/kg,Lead,,
LEEDS_a16976f1863c,Heavy Metals,Se,Field Terrace Primrose Lane Allotments,,,,,0.71,mg/kg,Selenium,,
LEEDS_a16976f1863c,Heavy Metals,Zr,Field Terrace Primrose Lane Allotments,,,,,214.67,mg/kg,Zirconium,,
LEEDS_a16976f1863c,Land Cover,,Field Terrace Primrose Lane Allotments,,,,Improve grassland,,,,,
LEEDS_a16976f1863c,Soil Parent,,Field Terrace Primrose Lane Allotments,ARGILLIC - ARENACEOUS,"A layered subsoil of clay, silt and sand.",MEDIUM TO HEAVY,,,,,,
LEEDS_a2bcfb88af7c,Heavy Metals,As,Oldfield Lane Highfield Garden New Wortley Allotments,,,,,33.55,mg/kg,Arsenic,,
LEEDS_a2bcfb88af7c,Heavy Metals,Cd,Oldfield Lane Highfield Garden New Wortley Allotments,,,,,0.58,mg/kg,Cadmium,,
LEEDS_a2bcfb88af7c,Heavy Metals,Cu,Oldfield Lane Highfield Garden New Wortley Allotments,,,,,63.94,mg/kg,Copper,,
LEEDS_a2bcfb88af7c,Heavy Metals,Ni,Oldfield Lane Highfield Garden New Wortley Allotments,,,,,28.98,mg/kg,Nickel,,
LEEDS_a2bcfb88af7c,Heavy Metals,P2O5,Oldfield Lane Highfield Garden New Wortley Allotments,,,,,0.34,w%,Phosphorus,,
LEEDS_a2bcfb88af7c,Heavy Metals,Pb,Oldfield Lane Highfield Garden New Wortley Allotments,,,,,123.93,mg/kg,Lead,,
LEEDS_a2bcfb88af7c,Heavy Metals,Se,Oldfield Lane Highfield Garden New Wortley Allotments,,,,,1.05,mg/kg,Selenium,,
LEEDS_a2bcfb88af7c,Heavy Metals,Zr,Oldfield Lane Highfield Garden New Wortley Allotments,,,,,243.25,mg/kg,Zirconium,,
LEEDS_a2bcfb88af7c,Land Cover,,Oldfield Lane Highfield Garden New Wortley Allotments,,,,Suburban,,,,,
LEEDS_a2bcfb88af7c,Soil Parent,,Oldfield Lane Highfield Garden New Wortley Allotments,ARGILLIC - ARENACEOUS,"A layered subsoil of clay, silt and sand.",MEDIUM TO HEAVY,,,,,,
LEEDS_a2bddfb0a873,Heavy Metals,As,Crimbles Allotments,,,,,26.24,mg/kg,Arsenic,,
LEEDS_a2bddfb0a873,Heavy Metals,Cd,Crimbles Allotments,,,,,0.45,mg/kg,Cadmium,,
LEEDS_a2bddfb0a873,Heavy Metals,Cu,Crimbles Allotments,,,,,29.13,mg/kg,Copper,,
LEEDS_a2bddfb0a873,Heavy Metals,Ni,Crimbles Allotments,,,,,23.41,mg/kg,Nickel,,
LEEDS_a2bddfb0a873,Heavy Metals,P2O5,Crimbles Allotments,,,,,0.29,w%,Phosphorus,,
LEEDS_a2bddfb0a873,Heavy Metals,Pb,Crimbles Allotments,,,,,79.63,mg/kg,Lead,,
LEEDS_a2bddfb0a873,Heavy Metals,Se,Crimbles Allotments,,,,,1.1,mg/kg,Selenium,,
LEEDS_a2bddfb0a873,Heavy Metals,Zr,Crimbles Allotments,,,,,334.14,mg/kg,Zirconium,,
LEEDS_a2bddfb0a873,Land Cover,,Crimbles Allotments,,,,Suburban,,,,,
LEEDS_a2bddfb0a873,Soil Parent,,Crimbles Allotments,ARENACEOUS,A sand-rich subsoil.,LIGHT(SILTY) TO MEDIUM(SILTY),,,,,,
LEEDS_a3468c49fe1c,Heavy Metals,As,Broadgate Lane King Edward Avenue Allotments,,,,,16.46,mg/kg,Arsenic,,
LEEDS_a3468c49fe1c,Heavy Metals,Cd,Broadgate Lane King Edward Avenue Allotments,,,,,0.63,mg/kg,Cadmium,,
LEEDS_a3468c49fe1c,Heavy Metals,Cu,Broadgate Lane King Edward Avenue Allotments,,,,,38.71,mg/kg,Copper,,
LEEDS_a3468c49fe1c,Heavy Metals,Ni,Broadgate Lane King Edward Avenue Allotments,,,,,21.3,mg/kg,Nickel,,
LEEDS_a3468c49fe1c,Heavy Metals,P2O5,Broadgate Lane King Edward Avenue Allotments,,,,,0.36,w%,Phosphorus,,
LEEDS_a3468c49fe1c,Heavy Metals,Pb,Broadgate Lane King Edward Avenue Allotments,,,,,84.04,mg/kg,Lead,,
LEEDS_a3468c49fe1c,Heavy Metals,Se,Broadgate Lane King Edward Avenue Allotments,,,,,0.86,mg/kg,Selenium,,
LEEDS_a3468c49fe1c,Heavy Metals,Zr,Broadgate Lane King Edward Avenue Allotments,,,,,339.3,mg/kg,Zirconium,,
LEEDS_a3468c49fe1c,Land Cover,,Broadgate Lane King Edward Avenue Allotments,,,,Suburban,,,,,
LEEDS_a3468c49fe1c,Soil Parent,,Broadgate Lane King Edward Avenue Allotments,MIXED (ARGILLIC-RUDACEOUS),"A variable clay, silt, and sand subsoil.",MEDIUM TO LIGHT(SILTY) TO HEAVY,,,,,,
LEEDS_a3a9a9fd7b23,Heavy Metals,As,Dartmouth Park Morley,,,,,14.7,mg/kg,Arsenic,,
LEEDS_a3a9a9fd7b23,Heavy Metals,Cd,Dartmouth Park Morley,,,,,0.48,mg/kg,Cadmium,,
LEEDS_a3a9a9fd7b23,Heavy Metals,Cu,Dartmouth Park Morley,,,,,43.73,mg/kg,Copper,,
LEEDS_a3a9a9fd7b23,Heavy Metals,Ni,Dartmouth Park Morley,,,,,27.07,mg/kg,Nickel,,
LEEDS_a3a9a9fd7b23,Heavy Metals,P2O5,Dartmouth Park Morley,,,,,0.36,w%,Phosphorus,,
LEEDS_a3a9a9fd7b23,Heavy Metals,Pb,Dartmouth Park Morley,,,,,58.31,mg/kg,Lead,,
LEEDS_a3a9a9fd7b23,Heavy Metals,Se,Dartmouth Park Morley,,,,,0.9,mg/kg,Selenium,,
LEEDS_a3a9a9fd7b23,Heavy Metals,Zr,Dartmouth Park Morley,,,,,313.52,mg/kg,Zirconium,,
LEEDS_a3a9a9fd7b23,Land Cover,,Dartmouth Park Morley,,,,Suburban,,,,,
LEEDS_a3a9a9fd7b23,Soil Parent,,Dartmouth Park Morley,ARENACEOUS,A sand-rich subsoil.,MEDIUM TO HEAVY,,,,,,
LEEDS_a3a9a9fd7b23,Soil SOM,,Dartmouth Park Morley,,,,,,,,,8.19
LEEDS_a3a9a9fd7b23,Soil pH,,Dartmouth Park Morley,,,,,,,,6.07,
LEEDS_a59f2b8e2840,Heavy Metals,As,Hough Side Allotments,,,,,23.12,mg/kg,Arsenic,,
LEEDS_a59f2b8e2840,Heavy Metals,Cd,Hough Side Allotments,,,,,0.45,mg/kg,Cadmium,,
LEEDS_a59f2b8e2840,Heavy Metals,Cu,Hough Side Allotments,,,,,35.38,mg/kg,Copper,,
LEEDS_a59f2b8e2840,Heavy Metals,Ni,Hough Side Allotments,,,,,20.34,mg/kg,Nickel,,
LEEDS_a59f2b8e2840,Heavy Metals,P2O5,Hough Side Allotments,,,,,0.29,w%,Phosphorus,,
LEEDS_a59f2b8e2840,Heavy Metals,Pb,Hough Side Allotments,,,,,90.28,mg/kg,Lead,,
LEEDS_a59f2b8e2840,Heavy Metals,Se,Hough Side Allotments,,,,,1.1,mg/kg,Selenium,,
LEEDS_a59f2b8e2840,Heavy Metals,Zr,Hough Side Allotments,,,,,347.79,mg/kg,Zirconium,,
LEEDS_a59f2b8e2840,Land Cover,,Hough Side Allotments,,,,Suburban,,,,,
LEEDS_a59f2b8e2840,Soil Parent,,Hough Side Allotments,ARGILLIC - ARENACEOUS,"A layered subsoil of clay, silt and sand.",MEDIUM TO HEAVY,,,,,,
LEEDS_a5ca2da6cd54,,,Incredible Edible South Milford,,,,,,,,,
LEEDS_a658a70d6385,Heavy Metals,As,Incredible Edible Raised Beds,,,,,16.89,mg/kg,Arsenic,,
LEEDS_a658a70d6385,Heavy Metals,Cd,Incredible Edible Raised Beds,,,,,0.52,mg/kg,Cadmium,,
LEEDS_a658a70d6385,Heavy Metals,Cu,Incredible Edible Raised Beds,,,,,31.61,mg/kg,Copper,,
LEEDS_a658a70d6385,Heavy Metals,Ni,Incredible Edible Raised Beds,,,,,25.76,mg/kg,Nickel,,
LEEDS_a658a70d6385,Heavy Metals,P2O5,Incredible Edible Raised Beds,,,,,0.28,w%,Phosphorus,,
LEEDS_a658a70d6385,Heavy Metals,Pb,Incredible Edible Raised Beds,,,,,86.23,mg/kg,Lead,,
LEEDS_a658a70d6385,Heavy Metals,Se,Incredible Edible Raised Beds,,,,,0.8,mg/kg,Selenium,,
LEEDS_a658a70d6385,Heavy Metals,Zr,Incredible Edible Raised Beds,,,,,256.3,mg/kg,Zirconium,,
LEEDS_a658a70d6385,Land Cover,,Incredible Edible Raised Beds,,,,Deciduous woodland,,,,,
LEEDS_a658a70d6385,Soil Parent,,Incredible Edible Raised Beds,ARENACEOUS,A sand-rich subsoil.,LIGHT(SANDY) TO MEDIUM(SANDY),,,,,,
LEEDS_a658a70d6385,Soil SOM,,Incredible Edible Raised Beds,,,,,,,,,16.16
LEEDS_a658a70d6385,Soil pH,,Incredible Edible Raised Beds,,,,,,,,5.5,
LEEDS_a6917a7cfc0b,Heavy Metals,As,Cross Hall Allotments | Scotchman Lane Allotments,,,,,15.2,mg/kg,Arsenic,,
LEEDS_a6917a7cfc0b,Heavy Metals,Cd,Cross Hall Allotments | Scotchman Lane Allotments,,,,,0.48,mg/kg,Cadmium,,
LEEDS_a6917a7cfc0b,Heavy Metals,Cu,Cross Hall Allotments | Scotchman Lane Allotments,,,,,44.61,mg/kg,Copper,,
LEEDS_a6917a7cfc0b,Heavy Metals,Ni,Cross Hall Allotments | Scotchman Lane Allotments,,,,,25.55,mg/kg,Nickel,,
LEEDS_a6917a7cfc0b,Heavy Metals,P2O5,Cross Hall Allotments | Scotchman Lane Allotments,,,,,0.35,w%,Phosphorus,,
LEEDS_a6917a7cfc0b,Heavy Metals,Pb,Cross Hall Allotments | Scotchman Lane Allotments,,,,,63.81,mg/kg,Lead,,
LEEDS_a6917a7cfc0b,Heavy Metals,Se,Cross Hall Allotments | Scotchman Lane Allotments,,,,,0.83,mg/kg,Selenium,,
LEEDS_a6917a7cfc0b,Heavy Metals,Zr,Cross Hall Allotments | Scotchman Lane Allotments,,,,,333.63,mg/kg,Zirconium,,
LEEDS_a6917a7cfc0b,Land Cover,,Cross Hall Allotments | Scotchman Lane Allotments,,,,Suburban | Improve grassland,,,,,
LEEDS_a6917a7cfc0b,Soil Parent,,Cross Hall Allotments | Scotchman Lane Allotments,ARENACEOUS,A sand-rich subsoil.,MEDIUM TO HEAVY,,,,,,
LEEDS_a6917a7cfc0b,Soil SOM,,Cross Hall Allotments | Scotchman Lane Allotments,,,,,,,,,5.14
LEEDS_a6917a7cfc0b,Soil pH,,Cross Hall Allotments | Scotchman Lane Allotments,,,,,,,,7.05,
LEEDS_a6c6bf93efaf,Heavy Metals,As,Kirkstall Abbey Community Orchard,,,,,23.51,mg/kg,Arsenic,,
LEEDS_a6c6bf93efaf,Heavy Metals,Cd,Kirkstall Abbey Community Orchard,,,,,0.56,mg/kg,Cadmium,,
LEEDS_a6c6bf93efaf,Heavy Metals,Cu,Kirkstall Abbey Community Orchard,,,,,30.64,mg/kg,Copper,,
LEEDS_a6c6bf93efaf,Heavy Metals,Ni,Kirkstall Abbey Community Orchard,,,,,35.24,mg/kg,Nickel,,
LEEDS_a6c6bf93efaf,Heavy Metals,P2O5,Kirkstall Abbey Community Orchard,,,,,0.37,w%,Phosphorus,,
LEEDS_a6c6bf93efaf,Heavy Metals,Pb,Kirkstall Abbey Community Orchard,,,,,93.64,mg/kg,Lead,,
LEEDS_a6c6bf93efaf,Heavy Metals,Se,Kirkstall Abbey Community Orchard,,,,,1.02,mg/kg,Selenium,,
LEEDS_a6c6bf93efaf,Heavy Metals,Zr,Kirkstall Abbey Community Orchard,,,,,305.78,mg/kg,Zirconium,,
LEEDS_a6c6bf93efaf,Land Cover,,Kirkstall Abbey Community Orchard,,,,Improve grassland,,,,,
LEEDS_a6c6bf93efaf,Soil Parent,,Kirkstall Abbey Community Orchard,ARGILLIC - ARENACEOUS,"A layered subsoil of clay, silt and sand.",MEDIUM TO HEAVY,,,,,,
LEEDS_a75b248d85c8,Heavy Metals,As,*Name Unavailable,,,,,35.48,mg/kg,Arsenic,,
LEEDS_a75b248d85c8,Heavy Metals,Cd,*Name Unavailable,,,,,0.47,mg/kg,Cadmium,,
LEEDS_a75b248d85c8,Heavy Metals,Cu,*Name Unavailable,,,,,45.19,mg/kg,Copper,,
LEEDS_a75b248d85c8,Heavy Metals,Ni,*Name Unavailable,,,,,31.51,mg/kg,Nickel,,
LEEDS_a75b248d85c8,Heavy Metals,P2O5,*Name Unavailable,,,,,0.37,w%,Phosphorus,,
LEEDS_a75b248d85c8,Heavy Metals,Pb,*Name Unavailable,,,,,81.43,mg/kg,Lead,,
LEEDS_a75b248d85c8,Heavy Metals,Se,*Name Unavailable,,,,,1.18,mg/kg,Selenium,,
LEEDS_a75b248d85c8,Heavy Metals,Zr,*Name Unavailable,,,,,170.64,mg/kg,Zirconium,,
LEEDS_a75b248d85c8,Land Cover,,*Name Unavailable,,,,Suburban | Improve grassland,,,,,
LEEDS_a75b248d85c8,Soil Parent,,*Name Unavailable,ARENACEOUS,A sand-rich subsoil.,LIGHT(SILTY) TO MEDIUM(SILTY) TO HEAVY,,,,,,
LEEDS_a75b248d85c8,Soil SOM,,*Name Unavailable,,,,,,,,,10.21
LEEDS_a75b248d85c8,Soil pH,,*Name Unavailable,,,,,,,,6.07,
LEEDS_a768814eca51,Heavy Metals,As,Rothwell Springfield Street Allotments,,,,,13.76,mg/kg,Arsenic,,
LEEDS_a768814eca51,Heavy Metals,Cd,Rothwell Springfield Street Allotments,,,,,0.53,mg/kg,Cadmium,,
LEEDS_a768814eca51,Heavy Metals,Cu,Rothwell Springfield Street Allotments,,,,,39.45,mg/kg,Copper,,
LEEDS_a768814eca51,Heavy Metals,Ni,Rothwell Springfield Street Allotments,,,,,17.58,mg/kg,Nickel,,
LEEDS_a768814eca51,Heavy Metals,P2O5,Rothwell Springfield Street Allotments,,,,,0.26,w%,Phosphorus,,
LEEDS_a768814eca51,Heavy Metals,Pb,Rothwell Springfield Street Allotments,,,,,103.93,mg/kg,Lead,,
LEEDS_a768814eca51,Heavy Metals,Se,Rothwell Springfield Street Allotments,,,,,1.15,mg/kg,Selenium,,
LEEDS_a768814eca51,Heavy Metals,Zr,Rothwell Springfield Street Allotments,,,,,322.0,mg/kg,Zirconium,,
LEEDS_a768814eca51,Land Cover,,Rothwell Springfield Street Allotments,,,,Suburban,,,,,
LEEDS_a768814eca51,Soil Parent,,Rothwell Springfield Street Allotments,ARGILLIC - ARENACEOUS,"A layered subsoil of clay, silt and sand.",HEAVY TO MEDIUM,,,,,,
LEEDS_a768814eca51,Soil SOM,,Rothwell Springfield Street Allotments,,,,,,,,,5.14
LEEDS_a768814eca51,Soil pH,,Rothwell Springfield Street Allotments,,,,,,,,7.05,
LEEDS_a77dc5fa62a2,Heavy Metals,As,The Welcome In,,,,,12.7,mg/kg,Arsenic,,
LEEDS_a77dc5fa62a2,Heavy Metals,Cd,The Welcome In,,,,,0.69,mg/kg,Cadmium,,
LEEDS_a77dc5fa62a2,Heavy Metals,Cu,The Welcome In,,,,,22.06,mg/kg,Copper,,
LEEDS_a77dc5fa62a2,Heavy Metals,Ni,The Welcome In,,,,,17.15,mg/kg,Nickel,,
LEEDS_a77dc5fa62a2,Heavy Metals,P2O5,The Welcome In,,,,,0.34,w%,Phosphorus,,
LEEDS_a77dc5fa62a2,Heavy Metals,Pb,The Welcome In,,,,,72.65,mg/kg,Lead,,
LEEDS_a77dc5fa62a2,Heavy Metals,Se,The Welcome In,,,,,0.71,mg/kg,Selenium,,
LEEDS_a77dc5fa62a2,Heavy Metals,Zr,The Welcome In,,,,,312.58,mg/kg,Zirconium,,
LEEDS_a77dc5fa62a2,Land Cover,,The Welcome In,,,,Suburban,,,,,
LEEDS_a77dc5fa62a2,Soil Parent,,The Welcome In,ARENACEOUS,A sand-rich subsoil.,LIGHT(SANDY) TO MEDIUM(SANDY),,,,,,
LEEDS_a940e3edbdf1,Heavy Metals,As,Garforth Firthfields Allotments,,,,,16.72,mg/kg,Arsenic,,
LEEDS_a940e3edbdf1,Heavy Metals,Cd,Garforth Firthfields Allotments,,,,,0.5,mg/kg,Cadmium,,
LEEDS_a940e3edbdf1,Heavy Metals,Cu,Garforth Firthfields Allotments,,,,,23.13,mg/kg,Copper,,
LEEDS_a940e3edbdf1,Heavy Metals,Ni,Garforth Firthfields Allotments,,,,,26.82,mg/kg,Nickel,,
LEEDS_a940e3edbdf1,Heavy Metals,P2O5,Garforth Firthfields Allotments,,,,,0.19,w%,Phosphorus,,
LEEDS_a940e3edbdf1,Heavy Metals,Pb,Garforth Firthfields Allotments,,,,,66.42,mg/kg,Lead,,
LEEDS_a940e3edbdf1,Heavy Metals,Se,Garforth Firthfields Allotments,,,,,0.65,mg/kg,Selenium,,
LEEDS_a940e3edbdf1,Heavy Metals,Zr,Garforth Firthfields Allotments,,,,,298.82,mg/kg,Zirconium,,
LEEDS_a940e3edbdf1,Land Cover,,Garforth Firthfields Allotments,,,,Suburban,,,,,
LEEDS_a940e3edbdf1,Soil Parent,,Garforth Firthfields Allotments,ARGILLIC - ARENACEOUS,"A layered subsoil of clay, silt and sand.",MEDIUM TO HEAVY,,,,,,
LEEDS_a9f2fb683419,Heavy Metals,As,Scholes Lodge Field,,,,,13.02,mg/kg,Arsenic,,
LEEDS_a9f2fb683419,Heavy Metals,Cd,Scholes Lodge Field,,,,,0.43,mg/kg,Cadmium,,
LEEDS_a9f2fb683419,Heavy Metals,Cu,Scholes Lodge Field,,,,,27.1,mg/kg,Copper,,
LEEDS_a9f2fb683419,Heavy Metals,Ni,Scholes Lodge Field,,,,,21.16,mg/kg,Nickel,,
LEEDS_a9f2fb683419,Heavy Metals,P2O5,Scholes Lodge Field,,,,,0.21,w%,Phosphorus,,
LEEDS_a9f2fb683419,Heavy Metals,Pb,Scholes Lodge Field,,,,,62.64,mg/kg,Lead,,
LEEDS_a9f2fb683419,Heavy Metals,Se,Scholes Lodge Field,,,,,0.51,mg/kg,Selenium,,
LEEDS_a9f2fb683419,Heavy Metals,Zr,Scholes Lodge Field,,,,,296.41,mg/kg,Zirconium,,
LEEDS_a9f2fb683419,Land Cover,,Scholes Lodge Field,,,,Improve grassland,,,,,
LEEDS_a9f2fb683419,Soil Parent,,Scholes Lodge Field,ARGILLIC - ARENACEOUS,"A layered subsoil of clay, silt and sand.",MEDIUM TO HEAVY,,,,,,
LEEDS_a9f2fb683419,Soil SOM,,Scholes Lodge Field,,,,,,,,,3.84
LEEDS_a9f2fb683419,Soil pH,,Scholes Lodge Field,,,,,,,,7.29,
LEEDS_aa54aa1b6101,Heavy Metals,As,Victory Garden Pease Hill Allotments,,,,,17.84,mg/kg,Arsenic,,
LEEDS_aa54aa1b6101,Heavy Metals,Cd,Victory Garden Pease Hill Allotments,,,,,0.59,mg/kg,Cadmium,,
LEEDS_aa54aa1b6101,Heavy Metals,Cu,Victory Garden Pease Hill Allotments,,,,,38.61,mg/kg,Copper,,
LEEDS_aa54aa1b6101,Heavy Metals,Ni,Victory Garden Pease Hill Allotments,,,,,20.01,mg/kg,Nickel,,
LEEDS_aa54aa1b6101,Heavy Metals,P2O5,Victory Garden Pease Hill Allotments,,,,,0.3,w%,Phosphorus,,
LEEDS_aa54aa1b6101,Heavy Metals,Pb,Victory Garden Pease Hill Allotments,,,,,92.23,mg/kg,Lead,,
LEEDS_aa54aa1b6101,Heavy Metals,Se,Victory Garden Pease Hill Allotments,,,,,0.88,mg/kg,Selenium,,
LEEDS_aa54aa1b6101,Heavy Metals,Zr,Victory Garden Pease Hill Allotments,,,,,287.91,mg/kg,Zirconium,,
LEEDS_aa54aa1b6101,Land Cover,,Victory Garden Pease Hill Allotments,,,,Suburban,,,,,
LEEDS_aa54aa1b6101,Soil Parent,,Victory Garden Pease Hill Allotments,ARGILLIC - ARENACEOUS | ARENACEOUS,"A layered subsoil of clay, silt and sand. | A sand-rich subsoil.",MEDIUM TO HEAVY | LIGHT(SANDY) TO MEDIUM(SANDY),,,,,,
LEEDS_aa54aa1b6101,Soil SOM,,Victory Garden Pease Hill Allotments,,,,,,,,,8.9
LEEDS_aa54aa1b6101,Soil pH,,Victory Garden Pease Hill Allotments,,,,,,,,6.31,
LEEDS_aa8130f9cfbf,Heavy Metals,As,Parkside Road Community Orchard,,,,,17.75,mg/kg,Arsenic,,
LEEDS_aa8130f9cfbf,Heavy Metals,Cd,Parkside Road Community Orchard,,,,,0.4,mg/kg,Cadmium,,
LEEDS_aa8130f9cfbf,Heavy Metals,Cu,Parkside Road Community Orchard,,,,,31.76,mg/kg,Copper,,
LEEDS_aa8130f9cfbf,Heavy Metals,Ni,Parkside Road Community Orchard,,,,,27.75,mg/kg,Nickel,,
LEEDS_aa8130f9cfbf,Heavy Metals,P2O5,Parkside Road Community Orchard,,,,,0.27,w%,Phosphorus,,
LEEDS_aa8130f9cfbf,Heavy Metals,Pb,Parkside Road Community Orchard,,,,,87.56,mg/kg,Lead,,
LEEDS_aa8130f9cfbf,Heavy Metals,Se,Parkside Road Community Orchard,,,,,0.81,mg/kg,Selenium,,
LEEDS_aa8130f9cfbf,Heavy Metals,Zr,Parkside Road Community Orchard,,,,,259.49,mg/kg,Zirconium,,
LEEDS_aa8130f9cfbf,Land Cover,,Parkside Road Community Orchard,,,,Deciduous woodland,,,,,
LEEDS_aa8130f9cfbf,Soil Parent,,Parkside Road Community Orchard,ARGILLIC - ARENACEOUS,"A layered subsoil of clay, silt and sand.",MEDIUM TO HEAVY,,,,,,
LEEDS_aaea5a5e2f72,Heavy Metals,As,Calverley Gatescroft Allotments,,,,,26.05,mg/kg,Arsenic,,
LEEDS_aaea5a5e2f72,Heavy Metals,Cd,Calverley Gatescroft Allotments,,,,,0.51,mg/kg,Cadmium,,
LEEDS_aaea5a5e2f72,Heavy Metals,Cu,Calverley Gatescroft Allotments,,,,,50.28,mg/kg,Copper,,
LEEDS_aaea5a5e2f72,Heavy Metals,Ni,Calverley Gatescroft Allotments,,,,,26.73,mg/kg,Nickel,,
LEEDS_aaea5a5e2f72,Heavy Metals,P2O5,Calverley Gatescroft Allotments,,,,,0.33,w%,Phosphorus,,
LEEDS_aaea5a5e2f72,Heavy Metals,Pb,Calverley Gatescroft Allotments,,,,,96.99,mg/kg,Lead,,
LEEDS_aaea5a5e2f72,Heavy Metals,Se,Calverley Gatescroft Allotments,,,,,0.86,mg/kg,Selenium,,
LEEDS_aaea5a5e2f72,Heavy Metals,Zr,Calverley Gatescroft Allotments,,,,,271.44,mg/kg,Zirconium,,
LEEDS_aaea5a5e2f72,Land Cover,,Calverley Gatescroft Allotments,,,,Suburban | Improve grassland | Deciduous woodland,,,,,
LEEDS_aaea5a5e2f72,Soil Parent,,Calverley Gatescroft Allotments,MIXED (ARGILLIC-RUDACEOUS),"A variable clay, silt, and sand subsoil.",MEDIUM TO LIGHT(SILTY) TO HEAVY,,,,,,
LEEDS_aaea5a5e2f72,Soil SOM,,Calverley Gatescroft Allotments,,,,,,,,,14.86
LEEDS_aaea5a5e2f72,Soil pH,,Calverley Gatescroft Allotments,,,,,,,,5.74,
LEEDS_aba406f2886d,Heavy Metals,As,Cross Green Growing Together  ,,,,,26.4,mg/kg,Arsenic,,
LEEDS_aba406f2886d,Heavy Metals,Cd,Cross Green Growing Together  ,,,,,0.41,mg/kg,Cadmium,,
LEEDS_aba406f2886d,Heavy Metals,Cu,Cross Green Growing Together  ,,,,,47.6,mg/kg,Copper,,
LEEDS_aba406f2886d,Heavy Metals,Ni,Cross Green Growing Together  ,,,,,24.1,mg/kg,Nickel,,
LEEDS_aba406f2886d,Heavy Metals,P2O5,Cross Green Growing Together  ,,,,,0.3,w%,Phosphorus,,
LEEDS_aba406f2886d,Heavy Metals,Pb,Cross Green Growing Together  ,,,,,111.16,mg/kg,Lead,,
LEEDS_aba406f2886d,Heavy Metals,Se,Cross Green Growing Together  ,,,,,0.93,mg/kg,Selenium,,
LEEDS_aba406f2886d,Heavy Metals,Zr,Cross Green Growing Together  ,,,,,257.88,mg/kg,Zirconium,,
LEEDS_aba406f2886d,Land Cover,,Cross Green Growing Together  ,,,,Suburban,,,,,
LEEDS_aba406f2886d,Soil Parent,,Cross Green Growing Together  ,ARGILLIC - ARENACEOUS,"A layered subsoil of clay, silt and sand.",ALL,,,,,,
LEEDS_abe4cc11d736,Heavy Metals,As,Alderton Allotments,,,,,19.4,mg/kg,Arsenic,,
LEEDS_abe4cc11d736,Heavy Metals,Cd,Alderton Allotments,,,,,0.45,mg/kg,Cadmium,,
LEEDS_abe4cc11d736,Heavy Metals,Cu,Alderton Allotments,,,,,24.5,mg/kg,Copper,,
LEEDS_abe4cc11d736,Heavy Metals,Ni,Alderton Allotments,,,,,23.82,mg/kg,Nickel,,
LEEDS_abe4cc11d736,Heavy Metals,P2O5,Alderton Allotments,,,,,0.25,w%,Phosphorus,,
LEEDS_abe4cc11d736,Heavy Metals,Pb,Alderton Allotments,,,,,77.55,mg/kg,Lead,,
LEEDS_abe4cc11d736,Heavy Metals,Se,Alderton Allotments,,,,,0.74,mg/kg,Selenium,,
LEEDS_abe4cc11d736,Heavy Metals,Zr,Alderton Allotments,,,,,233.87,mg/kg,Zirconium,,
LEEDS_abe4cc11d736,Land Cover,,Alderton Allotments,,,,Suburban,,,,,
LEEDS_abe4cc11d736,Soil Parent,,Alderton Allotments,ARENACEOUS,A sand-rich subsoil.,LIGHT(SANDY) TO MEDIUM(SANDY),,,,,,
LEEDS_ac09af4a9f0b,Heavy Metals,As,"St Richard's Church, Seacroft",,,,,13.03,mg/kg,Arsenic,,
LEEDS_ac09af4a9f0b,Heavy Metals,Cd,"St Richard's Church, Seacroft",,,,,0.3,mg/kg,Cadmium,,
LEEDS_ac09af4a9f0b,Heavy Metals,Cu,"St Richard's Church, Seacroft",,,,,22.1,mg/kg,Copper,,
LEEDS_ac09af4a9f0b,Heavy Metals,Ni,"St Richard's Church, Seacroft",,,,,32.43,mg/kg,Nickel,,
LEEDS_ac09af4a9f0b,Heavy Metals,P2O5,"St Richard's Church, Seacroft",,,,,0.21,w%,Phosphorus,,
LEEDS_ac09af4a9f0b,Heavy Metals,Pb,"St Richard's Church, Seacroft",,,,,66.39,mg/kg,Lead,,
LEEDS_ac09af4a9f0b,Heavy Metals,Se,"St Richard's Church, Seacroft",,,,,0.52,mg/kg,Selenium,,
LEEDS_ac09af4a9f0b,Heavy Metals,Zr,"St Richard's Church, Seacroft",,,,,167.28,mg/kg,Zirconium,,
LEEDS_ac09af4a9f0b,Land Cover,,"St Richard's Church, Seacroft",,,,Suburban,,,,,
LEEDS_ac09af4a9f0b,Soil Parent,,"St Richard's Church, Seacroft",ARGILLIC - ARENACEOUS,"A layered subsoil of clay, silt and sand.",MEDIUM TO HEAVY,,,,,,
LEEDS_acc0d820eced,Heavy Metals,As,Daisyvale Terrace,,,,,24.37,mg/kg,Arsenic,,
LEEDS_acc0d820eced,Heavy Metals,Cd,Daisyvale Terrace,,,,,0.63,mg/kg,Cadmium,,
LEEDS_acc0d820eced,Heavy Metals,Cu,Daisyvale Terrace,,,,,65.21,mg/kg,Copper,,
LEEDS_acc0d820eced,Heavy Metals,Ni,Daisyvale Terrace,,,,,25.15,mg/kg,Nickel,,
LEEDS_acc0d820eced,Heavy Metals,P2O5,Daisyvale Terrace,,,,,0.33,w%,Phosphorus,,
LEEDS_acc0d820eced,Heavy Metals,Pb,Daisyvale Terrace,,,,,138.32,mg/kg,Lead,,
LEEDS_acc0d820eced,Heavy Metals,Se,Daisyvale Terrace,,,,,1.14,mg/kg,Selenium,,
LEEDS_acc0d820eced,Heavy Metals,Zr,Daisyvale Terrace,,,,,361.38,mg/kg,Zirconium,,
LEEDS_acc0d820eced,Land Cover,,Daisyvale Terrace,,,,Suburban | Deciduous woodland,,,,,
LEEDS_acc0d820eced,Soil Parent,,Daisyvale Terrace,ARENACEOUS,A sand-rich subsoil.,MEDIUM TO HEAVY,,,,,,
LEEDS_acc0d820eced,Soil SOM,,Daisyvale Terrace,,,,,,,,,5.14
LEEDS_acc0d820eced,Soil pH,,Daisyvale Terrace,,,,,,,,7.05,
LEEDS_ad56ed3cc383,Heavy Metals,As,Scholes Community Orchard,,,,,13.02,mg/kg,Arsenic,,
LEEDS_ad56ed3cc383,Heavy Metals,Cd,Scholes Community Orchard,,,,,0.43,mg/kg,Cadmium,,
LEEDS_ad56ed3cc383,Heavy Metals,Cu,Scholes Community Orchard,,,,,27.1,mg/kg,Copper,,
LEEDS_ad56ed3cc383,Heavy Metals,Ni,Scholes Community Orchard,,,,,21.16,mg/kg,Nickel,,
LEEDS_ad56ed3cc383,Heavy Metals,P2O5,Scholes Community Orchard,,,,,0.21,w%,Phosphorus,,
LEEDS_ad56ed3cc383,Heavy Metals,Pb,Scholes Community Orchard,,,,,62.64,mg/kg,Lead,,
LEEDS_ad56ed3cc383,Heavy Metals,Se,Scholes Community Orchard,,,,,0.51,mg/kg,Selenium,,
LEEDS_ad56ed3cc383,Heavy Metals,Zr,Scholes Community Orchard,,,,,296.41,mg/kg,Zirconium,,
LEEDS_ad56ed3cc383,Land Cover,,Scholes Community Orchard,,,,Improve grassland,,,,,
LEEDS_ad56ed3cc383,Soil Parent,,Scholes Community Orchard,ARGILLIC - ARENACEOUS,"A layered subsoil of clay, silt and sand.",MEDIUM TO HEAVY,,,,,,
LEEDS_ad56ed3cc383,Soil SOM,,Scholes Community Orchard,,,,,,,,,3.84
LEEDS_ad56ed3cc383,Soil pH,,Scholes Community Orchard,,,,,,,,7.29,
LEEDS_ad85fcde2dce,Heavy Metals,As,Horsforth Community Garden,,,,,15.54,mg/kg,Arsenic,,
LEEDS_ad85fcde2dce,Heavy Metals,Cd,Horsforth Community Garden,,,,,0.53,mg/kg,Cadmium,,
LEEDS_ad85fcde2dce,Heavy Metals,Cu,Horsforth Community Garden,,,,,37.66,mg/kg,Copper,,
LEEDS_ad85fcde2dce,Heavy Metals,Ni,Horsforth Community Garden,,,,,20.06,mg/kg,Nickel,,
LEEDS_ad85fcde2dce,Heavy Metals,P2O5,Horsforth Community Garden,,,,,0.33,w%,Phosphorus,,
LEEDS_ad85fcde2dce,Heavy Metals,Pb,Horsforth Community Garden,,,,,83.07,mg/kg,Lead,,
LEEDS_ad85fcde2dce,Heavy Metals,Se,Horsforth Community Garden,,,,,0.87,mg/kg,Selenium,,
LEEDS_ad85fcde2dce,Heavy Metals,Zr,Horsforth Community Garden,,,,,344.98,mg/kg,Zirconium,,
LEEDS_ad85fcde2dce,Land Cover,,Horsforth Community Garden,,,,Suburban,,,,,
LEEDS_ad85fcde2dce,Soil Parent,,Horsforth Community Garden,MIXED (ARGILLIC-RUDACEOUS),"A variable clay, silt, and sand subsoil.",MEDIUM TO LIGHT(SILTY) TO HEAVY,,,,,,
LEEDS_adc6add6297f,Heavy Metals,As,Halton Moor,,,,,29.19,mg/kg,Arsenic,,
LEEDS_adc6add6297f,Heavy Metals,Cd,Halton Moor,,,,,0.36,mg/kg,Cadmium,,
LEEDS_adc6add6297f,Heavy Metals,Cu,Halton Moor,,,,,46.21,mg/kg,Copper,,
LEEDS_adc6add6297f,Heavy Metals,Ni,Halton Moor,,,,,22.93,mg/kg,Nickel,,
LEEDS_adc6add6297f,Heavy Metals,P2O5,Halton Moor,,,,,0.29,w%,Phosphorus,,
LEEDS_adc6add6297f,Heavy Metals,Pb,Halton Moor,,,,,87.36,mg/kg,Lead,,
LEEDS_adc6add6297f,Heavy Metals,Se,Halton Moor,,,,,0.8,mg/kg,Selenium,,
LEEDS_adc6add6297f,Heavy Metals,Zr,Halton Moor,,,,,239.43,mg/kg,Zirconium,,
LEEDS_adc6add6297f,Land Cover,,Halton Moor,,,,Suburban,,,,,
LEEDS_adc6add6297f,Soil Parent,,Halton Moor,ARGILLIC - ARENACEOUS,"A layered subsoil of clay, silt and sand.",MEDIUM TO HEAVY,,,,,,
LEEDS_adff3e528874,Heavy Metals,As,School Lane Allotments | Colton Allotments,,,,,19.4,mg/kg,Arsenic,,
LEEDS_adff3e528874,Heavy Metals,Cd,School Lane Allotments | Colton Allotments,,,,,0.42,mg/kg,Cadmium,,
LEEDS_adff3e528874,Heavy Metals,Cu,School Lane Allotments | Colton Allotments,,,,,32.3,mg/kg,Copper,,
LEEDS_adff3e528874,Heavy Metals,Ni,School Lane Allotments | Colton Allotments,,,,,31.09,mg/kg,Nickel,,
LEEDS_adff3e528874,Heavy Metals,P2O5,School Lane Allotments | Colton Allotments,,,,,0.21,w%,Phosphorus,,
LEEDS_adff3e528874,Heavy Metals,Pb,School Lane Allotments | Colton Allotments,,,,,75.82,mg/kg,Lead,,
LEEDS_adff3e528874,Heavy Metals,Se,School Lane Allotments | Colton Allotments,,,,,0.74,mg/kg,Selenium,,
LEEDS_adff3e528874,Heavy Metals,Zr,School Lane Allotments | Colton Allotments,,,,,271.94,mg/kg,Zirconium,,
LEEDS_adff3e528874,Land Cover,,School Lane Allotments | Colton Allotments,,,,Suburban,,,,,
LEEDS_adff3e528874,Soil Parent,,School Lane Allotments | Colton Allotments,ARENACEOUS | ARGILLIC - ARENACEOUS,"A sand-rich subsoil. | A layered subsoil of clay, silt and sand.",MEDIUM TO HEAVY,,,,,,
LEEDS_adff3e528874,Soil SOM,,School Lane Allotments | Colton Allotments,,,,,,,,,8.19
LEEDS_adff3e528874,Soil pH,,School Lane Allotments | Colton Allotments,,,,,,,,6.07,
LEEDS_aebb733215f6,Heavy Metals,As,Micklefield Station,,,,,17.55,mg/kg,Arsenic,,
LEEDS_aebb733215f6,Heavy Metals,Cd,Micklefield Station,,,,,0.57,mg/kg,Cadmium,,
LEEDS_aebb733215f6,Heavy Metals,Cu,Micklefield Station,,,,,24.64,mg/kg,Copper,,
LEEDS_aebb733215f6,Heavy Metals,Ni,Micklefield Station,,,,,23.63,mg/kg,Nickel,,
LEEDS_aebb733215f6,Heavy Metals,P2O5,Micklefield Station,,,,,0.17,w%,Phosphorus,,
LEEDS_aebb733215f6,Heavy Metals,Pb,Micklefield Station,,,,,74.35,mg/kg,Lead,,
LEEDS_aebb733215f6,Heavy Metals,Se,Micklefield Station,,,,,0.63,mg/kg,Selenium,,
LEEDS_aebb733215f6,Heavy Metals,Zr,Micklefield Station,,,,,347.67,mg/kg,Zirconium,,
LEEDS_aebb733215f6,Land Cover,,Micklefield Station,,,,Suburban,,,,,
LEEDS_aebb733215f6,Soil Parent,,Micklefield Station,ARGILLIC - ARENACEOUS,"A layered subsoil of clay, silt and sand.",LIGHT(SILTY) TO MEDIUM(SILTY),,,,,,
LEEDS_aebb733215f6,Soil SOM,,Micklefield Station,,,,,,,,,3.13
LEEDS_aebb733215f6,Soil pH,,Micklefield Station,,,,,,,,7.7,
LEEDS_afd79914aeb1,Heavy Metals,As,Rowland Road WMC,,,,,34.73,mg/kg,Arsenic,,
LEEDS_afd79914aeb1,Heavy Metals,Cd,Rowland Road WMC,,,,,0.51,mg/kg,Cadmium,,
LEEDS_afd79914aeb1,Heavy Metals,Cu,Rowland Road WMC,,,,,57.19,mg/kg,Copper,,
LEEDS_afd79914aeb1,Heavy Metals,Ni,Rowland Road WMC,,,,,32.56,mg/kg,Nickel,,
LEEDS_afd79914aeb1,Heavy Metals,P2O5,Rowland Road WMC,,,,,0.33,w%,Phosphorus,,
LEEDS_afd79914aeb1,Heavy Metals,Pb,Rowland Road WMC,,,,,114.82,mg/kg,Lead,,
LEEDS_afd79914aeb1,Heavy Metals,Se,Rowland Road WMC,,,,,1.0,mg/kg,Selenium,,
LEEDS_afd79914aeb1,Heavy Metals,Zr,Rowland Road WMC,,,,,230.53,mg/kg,Zirconium,,
LEEDS_afd79914aeb1,Land Cover,,Rowland Road WMC,,,,Suburban,,,,,
LEEDS_afd79914aeb1,Soil Parent,,Rowland Road WMC,ARGILLIC - ARENACEOUS,"A layered subsoil of clay, silt and sand.",MEDIUM TO HEAVY,,,,,,
LEEDS_b04fe0082809,Heavy Metals,As,Pendas Field,,,,,16.91,mg/kg,Arsenic,,
LEEDS_b04fe0082809,Heavy Metals,Cd,Pendas Field,,,,,0.33,mg/kg,Cadmium,,
LEEDS_b04fe0082809,Heavy Metals,Cu,Pendas Field,,,,,29.27,mg/kg,Copper,,
LEEDS_b04fe0082809,Heavy Metals,Ni,Pendas Field,,,,,33.19,mg/kg,Nickel,,
LEEDS_b04fe0082809,Heavy Metals,P2O5,Pendas Field,,,,,0.22,w%,Phosphorus,,
LEEDS_b04fe0082809,Heavy Metals,Pb,Pendas Field,,,,,66.57,mg/kg,Lead,,
LEEDS_b04fe0082809,Heavy Metals,Se,Pendas Field,,,,,0.55,mg/kg,Selenium,,
LEEDS_b04fe0082809,Heavy Metals,Zr,Pendas Field,,,,,187.59,mg/kg,Zirconium,,
LEEDS_b04fe0082809,Land Cover,,Pendas Field,,,,Suburban,,,,,
LEEDS_b04fe0082809,Soil Parent,,Pendas Field,ARENACEOUS,A sand-rich subsoil.,LIGHT(SILTY) TO MEDIUM(SILTY),,,,,,
LEEDS_b0601cf36e16,Heavy Metals,As,Kirkstall Nature Reserve Community Orchard,,,,,25.75,mg/kg,Arsenic,,
LEEDS_b0601cf36e16,Heavy Metals,Cd,Kirkstall Nature Reserve Community Orchard,,,,,0.51,mg/kg,Cadmium,,
LEEDS_b0601cf36e16,Heavy Metals,Cu,Kirkstall Nature Reserve Community Orchard,,,,,50.24,mg/kg,Copper,,
LEEDS_b0601cf36e16,Heavy Metals,Ni,Kirkstall Nature Reserve Community Orchard,,,,,31.1,mg/kg,Nickel,,
LEEDS_b0601cf36e16,Heavy Metals,P2O5,Kirkstall Nature Reserve Community Orchard,,,,,0.32,w%,Phosphorus,,
LEEDS_b0601cf36e16,Heavy Metals,Pb,Kirkstall Nature Reserve Community Orchard,,,,,99.74,mg/kg,Lead,,
LEEDS_b0601cf36e16,Heavy Metals,Se,Kirkstall Nature Reserve Community Orchard,,,,,1.08,mg/kg,Selenium,,
LEEDS_b0601cf36e16,Heavy Metals,Zr,Kirkstall Nature Reserve Community Orchard,,,,,295.54,mg/kg,Zirconium,,
LEEDS_b0601cf36e16,Land Cover,,Kirkstall Nature Reserve Community Orchard,,,,Deciduous woodland,,,,,
LEEDS_b0601cf36e16,Soil Parent,,Kirkstall Nature Reserve Community Orchard,ARENACEOUS - RUDACEOUS,A layered subsoil of sand and gravel.,LIGHT(SANDY) TO MEDIUM(SANDY),,,,,,
LEEDS_b0601cf36e16,Soil SOM,,Kirkstall Nature Reserve Community Orchard,,,,,,,,,10.21
LEEDS_b0601cf36e16,Soil pH,,Kirkstall Nature Reserve Community Orchard,,,,,,,,6.07,
LEEDS_b08d037ded65,Heavy Metals,As,Cross Green Community Allotments,,,,,26.02,mg/kg,Arsenic,,
LEEDS_b08d037ded65,Heavy Metals,Cd,Cross Green Community Allotments,,,,,0.41,mg/kg,Cadmium,,
LEEDS_b08d037ded65,Heavy Metals,Cu,Cross Green Community Allotments,,,,,50.17,mg/kg,Copper,,
LEEDS_b08d037ded65,Heavy Metals,Ni,Cross Green Community Allotments,,,,,23.02,mg/kg,Nickel,,
LEEDS_b08d037ded65,Heavy Metals,P2O5,Cross Green Community Allotments,,,,,0.3,w%,Phosphorus,,
LEEDS_b08d037ded65,Heavy Metals,Pb,Cross Green Community Allotments,,,,,113.87,mg/kg,Lead,,
LEEDS_b08d037ded65,Heavy Metals,Se,Cross Green Community Allotments,,,,,0.92,mg/kg,Selenium,,
LEEDS_b08d037ded65,Heavy Metals,Zr,Cross Green Community Allotments,,,,,265.83,mg/kg,Zirconium,,
LEEDS_b08d037ded65,Land Cover,,Cross Green Community Allotments,,,,Suburban,,,,,
LEEDS_b08d037ded65,Soil Parent,,Cross Green Community Allotments,ARGILLIC - ARENACEOUS,"A layered subsoil of clay, silt and sand.",ALL | MEDIUM TO HEAVY,,,,,,
LEEDS_b13d2fb42d48,Heavy Metals,As,Park Lane Allotments | Westfields Allotments,,,,,21.34,mg/kg,Arsenic,,
LEEDS_b13d2fb42d48,Heavy Metals,Cd,Park Lane Allotments | Westfields Allotments,,,,,0.58,mg/kg,Cadmium,,
LEEDS_b13d2fb42d48,Heavy Metals,Cu,Park Lane Allotments | Westfields Allotments,,,,,38.99,mg/kg,Copper,,
LEEDS_b13d2fb42d48,Heavy Metals,Ni,Park Lane Allotments | Westfields Allotments,,,,,24.03,mg/kg,Nickel,,
LEEDS_b13d2fb42d48,Heavy Metals,P2O5,Park Lane Allotments | Westfields Allotments,,,,,0.22,w%,Phosphorus,,
LEEDS_b13d2fb42d48,Heavy Metals,Pb,Park Lane Allotments | Westfields Allotments,,,,,87.17,mg/kg,Lead,,
LEEDS_b13d2fb42d48,Heavy Metals,Se,Park Lane Allotments | Westfields Allotments,,,,,0.83,mg/kg,Selenium,,
LEEDS_b13d2fb42d48,Heavy Metals,Zr,Park Lane Allotments | Westfields Allotments,,,,,273.35,mg/kg,Zirconium,,
LEEDS_b13d2fb42d48,Land Cover,,Park Lane Allotments | Westfields Allotments,,,,Improve grassland | Urban | Deciduous woodland,,,,,
LEEDS_b13d2fb42d48,Soil Parent,,Park Lane Allotments | Westfields Allotments,ARGILLIC - ARENACEOUS,"A layered subsoil of clay, silt and sand.",ALL | HEAVY TO MEDIUM,,,,,,
LEEDS_b13d2fb42d48,Soil SOM,,Park Lane Allotments | Westfields Allotments,,,,,,,,,3.13
LEEDS_b13d2fb42d48,Soil pH,,Park Lane Allotments | Westfields Allotments,,,,,,,,7.05,
LEEDS_b349e33dbf28,Heavy Metals,As,Westerton,,,,,36.66,mg/kg,Arsenic,,
LEEDS_b349e33dbf28,Heavy Metals,Cd,Westerton,,,,,0.63,mg/kg,Cadmium,,
LEEDS_b349e33dbf28,Heavy Metals,Cu,Westerton,,,,,67.98,mg/kg,Copper,,
LEEDS_b349e33dbf28,Heavy Metals,Ni,Westerton,,,,,28.46,mg/kg,Nickel,,
LEEDS_b349e33dbf28,Heavy Metals,P2O5,Westerton,,,,,0.33,w%,Phosphorus,,
LEEDS_b349e33dbf28,Heavy Metals,Pb,Westerton,,,,,119.96,mg/kg,Lead,,
LEEDS_b349e33dbf28,Heavy Metals,Se,Westerton,,,,,1.08,mg/kg,Selenium,,
LEEDS_b349e33dbf28,Heavy Metals,Zr,Westerton,,,,,271.75,mg/kg,Zirconium,,
LEEDS_b349e33dbf28,Land Cover,,Westerton,,,,Suburban,,,,,
LEEDS_b349e33dbf28,Soil Parent,,Westerton,ARGILLIC - ARENACEOUS,"A layered subsoil of clay, silt and sand.",HEAVY TO MEDIUM,,,,,,
LEEDS_b349e33dbf28,Soil SOM,,Westerton,,,,,,,,,3.13
LEEDS_b349e33dbf28,Soil pH,,Westerton,,,,,,,,7.05,
LEEDS_b3cdd1c4e4b8,Heavy Metals,As,Bramley Fairfield,,,,,23.91,mg/kg,Arsenic,,
LEEDS_b3cdd1c4e4b8,Heavy Metals,Cd,Bramley Fairfield,,,,,0.46,mg/kg,Cadmium,,
LEEDS_b3cdd1c4e4b8,Heavy Metals,Cu,Bramley Fairfield,,,,,48.86,mg/kg,Copper,,
LEEDS_b3cdd1c4e4b8,Heavy Metals,Ni,Bramley Fairfield,,,,,25.68,mg/kg,Nickel,,
LEEDS_b3cdd1c4e4b8,Heavy Metals,P2O5,Bramley Fairfield,,,,,0.29,w%,Phosphorus,,
LEEDS_b3cdd1c4e4b8,Heavy Metals,Pb,Bramley Fairfield,,,,,104.07,mg/kg,Lead,,
LEEDS_b3cdd1c4e4b8,Heavy Metals,Se,Bramley Fairfield,,,,,1.07,mg/kg,Selenium,,
LEEDS_b3cdd1c4e4b8,Heavy Metals,Zr,Bramley Fairfield,,,,,339.86,mg/kg,Zirconium,,
LEEDS_b3cdd1c4e4b8,Land Cover,,Bramley Fairfield,,,,Suburban,,,,,
LEEDS_b3cdd1c4e4b8,Soil Parent,,Bramley Fairfield,MIXED (ARGILLIC-RUDACEOUS),"A variable clay, silt, and sand subsoil.",MEDIUM TO LIGHT(SILTY) TO HEAVY,,,,,,
LEEDS_b3fa7703e7a9,Heavy Metals,As,Woodlesford Lock,,,,,14.04,mg/kg,Arsenic,,
LEEDS_b3fa7703e7a9,Heavy Metals,Cd,Woodlesford Lock,,,,,0.48,mg/kg,Cadmium,,
LEEDS_b3fa7703e7a9,Heavy Metals,Cu,Woodlesford Lock,,,,,36.27,mg/kg,Copper,,
LEEDS_b3fa7703e7a9,Heavy Metals,Ni,Woodlesford Lock,,,,,19.7,mg/kg,Nickel,,
LEEDS_b3fa7703e7a9,Heavy Metals,P2O5,Woodlesford Lock,,,,,0.24,w%,Phosphorus,,
LEEDS_b3fa7703e7a9,Heavy Metals,Pb,Woodlesford Lock,,,,,66.13,mg/kg,Lead,,
LEEDS_b3fa7703e7a9,Heavy Metals,Se,Woodlesford Lock,,,,,1.08,mg/kg,Selenium,,
LEEDS_b3fa7703e7a9,Heavy Metals,Zr,Woodlesford Lock,,,,,328.95,mg/kg,Zirconium,,
LEEDS_b3fa7703e7a9,Land Cover,,Woodlesford Lock,,,,Suburban,,,,,
LEEDS_b3fa7703e7a9,Soil Parent,,Woodlesford Lock,ARGILLIC - ARENACEOUS,"A layered subsoil of clay, silt and sand.",ALL,,,,,,
LEEDS_b3fa7703e7a9,Soil SOM,,Woodlesford Lock,,,,,,,,,5.65
LEEDS_b3fa7703e7a9,Soil pH,,Woodlesford Lock,,,,,,,,7.05,
LEEDS_b440446f2e32,Heavy Metals,As,Horsforth Inspirations,,,,,15.42,mg/kg,Arsenic,,
LEEDS_b440446f2e32,Heavy Metals,Cd,Horsforth Inspirations,,,,,0.53,mg/kg,Cadmium,,
LEEDS_b440446f2e32,Heavy Metals,Cu,Horsforth Inspirations,,,,,43.52,mg/kg,Copper,,
LEEDS_b440446f2e32,Heavy Metals,Ni,Horsforth Inspirations,,,,,21.68,mg/kg,Nickel,,
LEEDS_b440446f2e32,Heavy Metals,P2O5,Horsforth Inspirations,,,,,0.33,w%,Phosphorus,,
LEEDS_b440446f2e32,Heavy Metals,Pb,Horsforth Inspirations,,,,,94.61,mg/kg,Lead,,
LEEDS_b440446f2e32,Heavy Metals,Se,Horsforth Inspirations,,,,,0.88,mg/kg,Selenium,,
LEEDS_b440446f2e32,Heavy Metals,Zr,Horsforth Inspirations,,,,,323.25,mg/kg,Zirconium,,
LEEDS_b440446f2e32,Land Cover,,Horsforth Inspirations,,,,Suburban,,,,,
LEEDS_b440446f2e32,Soil Parent,,Horsforth Inspirations,ARGILLIC - ARENACEOUS,"A layered subsoil of clay, silt and sand.",MEDIUM TO HEAVY,,,,,,
LEEDS_b440446f2e32,Soil SOM,,Horsforth Inspirations,,,,,,,,,8.19
LEEDS_b440446f2e32,Soil pH,,Horsforth Inspirations,,,,,,,,6.07,
LEEDS_b4e9655bb0a7,Heavy Metals,As,Horsforth Drury Field,,,,,17.98,mg/kg,Arsenic,,
LEEDS_b4e9655bb0a7,Heavy Metals,Cd,Horsforth Drury Field,,,,,0.44,mg/kg,Cadmium,,
LEEDS_b4e9655bb0a7,Heavy Metals,Cu,Horsforth Drury Field,,,,,49.53,mg/kg,Copper,,
LEEDS_b4e9655bb0a7,Heavy Metals,Ni,Horsforth Drury Field,,,,,24.79,mg/kg,Nickel,,
LEEDS_b4e9655bb0a7,Heavy Metals,P2O5,Horsforth Drury Field,,,,,0.28,w%,Phosphorus,,
LEEDS_b4e9655bb0a7,Heavy Metals,Pb,Horsforth Drury Field,,,,,92.41,mg/kg,Lead,,
LEEDS_b4e9655bb0a7,Heavy Metals,Se,Horsforth Drury Field,,,,,0.87,mg/kg,Selenium,,
LEEDS_b4e9655bb0a7,Heavy Metals,Zr,Horsforth Drury Field,,,,,340.87,mg/kg,Zirconium,,
LEEDS_b4e9655bb0a7,Land Cover,,Horsforth Drury Field,,,,Suburban,,,,,
LEEDS_b4e9655bb0a7,Soil Parent,,Horsforth Drury Field,MIXED (ARGILLIC-RUDACEOUS),"A variable clay, silt, and sand subsoil.",MEDIUM TO LIGHT(SILTY) TO HEAVY,,,,,,
LEEDS_b4fa8df03e6a,Heavy Metals,As,Cobden Road Allotments,,,,,29.54,mg/kg,Arsenic,,
LEEDS_b4fa8df03e6a,Heavy Metals,Cd,Cobden Road Allotments,,,,,0.52,mg/kg,Cadmium,,
LEEDS_b4fa8df03e6a,Heavy Metals,Cu,Cobden Road Allotments,,,,,49.89,mg/kg,Copper,,
LEEDS_b4fa8df03e6a,Heavy Metals,Ni,Cobden Road Allotments,,,,,25.92,mg/kg,Nickel,,
LEEDS_b4fa8df03e6a,Heavy Metals,P2O5,Cobden Road Allotments,,,,,0.34,w%,Phosphorus,,
LEEDS_b4fa8df03e6a,Heavy Metals,Pb,Cobden Road Allotments,,,,,109.39,mg/kg,Lead,,
LEEDS_b4fa8df03e6a,Heavy Metals,Se,Cobden Road Allotments,,,,,1.0,mg/kg,Selenium,,
LEEDS_b4fa8df03e6a,Heavy Metals,Zr,Cobden Road Allotments,,,,,221.89,mg/kg,Zirconium,,
LEEDS_b4fa8df03e6a,Land Cover,,Cobden Road Allotments,,,,Urban | Suburban,,,,,
LEEDS_b4fa8df03e6a,Soil Parent,,Cobden Road Allotments,ARGILLIC - ARENACEOUS,"A layered subsoil of clay, silt and sand.",MEDIUM TO HEAVY,,,,,,
LEEDS_b4fa8df03e6a,Soil SOM,,Cobden Road Allotments,,,,,,,,,8.19
LEEDS_b4fa8df03e6a,Soil pH,,Cobden Road Allotments,,,,,,,,6.07,
LEEDS_b61989b40d27,Heavy Metals,As,Gotts Park Rose Garden Group,,,,,25.94,mg/kg,Arsenic,,
LEEDS_b61989b40d27,Heavy Metals,Cd,Gotts Park Rose Garden Group,,,,,0.5,mg/kg,Cadmium,,
LEEDS_b61989b40d27,Heavy Metals,Cu,Gotts Park Rose Garden Group,,,,,45.61,mg/kg,Copper,,
LEEDS_b61989b40d27,Heavy Metals,Ni,Gotts Park Rose Garden Group,,,,,28.85,mg/kg,Nickel,,
LEEDS_b61989b40d27,Heavy Metals,P2O5,Gotts Park Rose Garden Group,,,,,0.32,w%,Phosphorus,,
LEEDS_b61989b40d27,Heavy Metals,Pb,Gotts Park Rose Garden Group,,,,,98.45,mg/kg,Lead,,
LEEDS_b61989b40d27,Heavy Metals,Se,Gotts Park Rose Garden Group,,,,,1.09,mg/kg,Selenium,,
LEEDS_b61989b40d27,Heavy Metals,Zr,Gotts Park Rose Garden Group,,,,,288.55,mg/kg,Zirconium,,
LEEDS_b61989b40d27,Land Cover,,Gotts Park Rose Garden Group,,,,Suburban,,,,,
LEEDS_b61989b40d27,Soil Parent,,Gotts Park Rose Garden Group,ARENACEOUS - RUDACEOUS,A layered subsoil of sand and gravel.,LIGHT(SANDY) TO MEDIUM(SANDY),,,,,,
LEEDS_b61989b40d27,Soil SOM,,Gotts Park Rose Garden Group,,,,,,,,,10.21
LEEDS_b61989b40d27,Soil pH,,Gotts Park Rose Garden Group,,,,,,,,6.07,
LEEDS_b643f3745333,Heavy Metals,As,*Name Unavailable,,,,,17.91,mg/kg,Arsenic,,
LEEDS_b643f3745333,Heavy Metals,Cd,*Name Unavailable,,,,,0.52,mg/kg,Cadmium,,
LEEDS_b643f3745333,Heavy Metals,Cu,*Name Unavailable,,,,,24.98,mg/kg,Copper,,
LEEDS_b643f3745333,Heavy Metals,Ni,*Name Unavailable,,,,,23.76,mg/kg,Nickel,,
LEEDS_b643f3745333,Heavy Metals,P2O5,*Name Unavailable,,,,,0.18,w%,Phosphorus,,
LEEDS_b643f3745333,Heavy Metals,Pb,*Name Unavailable,,,,,72.35,mg/kg,Lead,,
LEEDS_b643f3745333,Heavy Metals,Se,*Name Unavailable,,,,,0.65,mg/kg,Selenium,,
LEEDS_b643f3745333,Heavy Metals,Zr,*Name Unavailable,,,,,341.99,mg/kg,Zirconium,,
LEEDS_b643f3745333,Land Cover,,*Name Unavailable,,,,Improve grassland | Suburban,,,,,
LEEDS_b643f3745333,Soil Parent,,*Name Unavailable,ARGILLIC - ARENACEOUS,"A layered subsoil of clay, silt and sand.",LIGHT(SILTY) TO MEDIUM(SILTY),,,,,,
LEEDS_b643f3745333,Soil SOM,,*Name Unavailable,,,,,,,,,3.13
LEEDS_b643f3745333,Soil pH,,*Name Unavailable,,,,,,,,7.7,
LEEDS_b680825a6d03,Heavy Metals,As,Incredible Edible Meanwood,,,,,19.6,mg/kg,Arsenic,,
LEEDS_b680825a6d03,Heavy Metals,Cd,Incredible Edible Meanwood,,,,,0.4,mg/kg,Cadmium,,
LEEDS_b680825a6d03,Heavy Metals,Cu,Incredible Edible Meanwood,,,,,33.24,mg/kg,Copper,,
LEEDS_b680825a6d03,Heavy Metals,Ni,Incredible Edible Meanwood,,,,,27.33,mg/kg,Nickel,,
LEEDS_b680825a6d03,Heavy Metals,P2O5,Incredible Edible Meanwood,,,,,0.26,w%,Phosphorus,,
LEEDS_b680825a6d03,Heavy Metals,Pb,Incredible Edible Meanwood,,,,,87.3,mg/kg,Lead,,
LEEDS_b680825a6d03,Heavy Metals,Se,Incredible Edible Meanwood,,,,,0.82,mg/kg,Selenium,,
LEEDS_b680825a6d03,Heavy Metals,Zr,Incredible Edible Meanwood,,,,,274.8,mg/kg,Zirconium,,
LEEDS_b680825a6d03,Land Cover,,Incredible Edible Meanwood,,,,Urban,,,,,
LEEDS_b680825a6d03,Soil Parent,,Incredible Edible Meanwood,ARGILLIC - ARENACEOUS,"A layered subsoil of clay, silt and sand.",MEDIUM TO HEAVY,,,,,,
LEEDS_b7a2335d741a,Heavy Metals,As,Incredible Edible Raised Beds,,,,,24.79,mg/kg,Arsenic,,
LEEDS_b7a2335d741a,Heavy Metals,Cd,Incredible Edible Raised Beds,,,,,0.44,mg/kg,Cadmium,,
LEEDS_b7a2335d741a,Heavy Metals,Cu,Incredible Edible Raised Beds,,,,,23.58,mg/kg,Copper,,
LEEDS_b7a2335d741a,Heavy Metals,Ni,Incredible Edible Raised Beds,,,,,27.55,mg/kg,Nickel,,
LEEDS_b7a2335d741a,Heavy Metals,P2O5,Incredible Edible Raised Beds,,,,,0.24,w%,Phosphorus,,
LEEDS_b7a2335d741a,Heavy Metals,Pb,Incredible Edible Raised Beds,,,,,75.36,mg/kg,Lead,,
LEEDS_b7a2335d741a,Heavy Metals,Se,Incredible Edible Raised Beds,,,,,0.7,mg/kg,Selenium,,
LEEDS_b7a2335d741a,Heavy Metals,Zr,Incredible Edible Raised Beds,,,,,196.94,mg/kg,Zirconium,,
LEEDS_b7a2335d741a,Land Cover,,Incredible Edible Raised Beds,,,,Suburban,,,,,
LEEDS_b7a2335d741a,Soil Parent,,Incredible Edible Raised Beds,ARENACEOUS,A sand-rich subsoil.,LIGHT(SILTY) TO MEDIUM(SILTY) TO HEAVY,,,,,,
LEEDS_b7b48392e301,Heavy Metals,As,Armley Yum Community Pantry And Fridge,,,,,31.55,mg/kg,Arsenic,,
LEEDS_b7b48392e301,Heavy Metals,Cd,Armley Yum Community Pantry And Fridge,,,,,0.54,mg/kg,Cadmium,,
LEEDS_b7b48392e301,Heavy Metals,Cu,Armley Yum Community Pantry And Fridge,,,,,68.09,mg/kg,Copper,,
LEEDS_b7b48392e301,Heavy Metals,Ni,Armley Yum Community Pantry And Fridge,,,,,31.53,mg/kg,Nickel,,
LEEDS_b7b48392e301,Heavy Metals,P2O5,Armley Yum Community Pantry And Fridge,,,,,0.33,w%,Phosphorus,,
LEEDS_b7b48392e301,Heavy Metals,Pb,Armley Yum Community Pantry And Fridge,,,,,128.17,mg/kg,Lead,,
LEEDS_b7b48392e301,Heavy Metals,Se,Armley Yum Community Pantry And Fridge,,,,,1.06,mg/kg,Selenium,,
LEEDS_b7b48392e301,Heavy Metals,Zr,Armley Yum Community Pantry And Fridge,,,,,262.76,mg/kg,Zirconium,,
LEEDS_b7b48392e301,Land Cover,,Armley Yum Community Pantry And Fridge,,,,Urban,,,,,
LEEDS_b7b48392e301,Soil Parent,,Armley Yum Community Pantry And Fridge,ARGILLIC - ARENACEOUS,"A layered subsoil of clay, silt and sand.",MEDIUM TO HEAVY,,,,,,
LEEDS_b7f947273dde,Heavy Metals,As,Volunteering At A Community Farm,,,,,25.37,mg/kg,Arsenic,,
LEEDS_b7f947273dde,Heavy Metals,Cd,Volunteering At A Community Farm,,,,,0.51,mg/kg,Cadmium,,
LEEDS_b7f947273dde,Heavy Metals,Cu,Volunteering At A Community Farm,,,,,48.86,mg/kg,Copper,,
LEEDS_b7f947273dde,Heavy Metals,Ni,Volunteering At A Community Farm,,,,,30.76,mg/kg,Nickel,,
LEEDS_b7f947273dde,Heavy Metals,P2O5,Volunteering At A Community Farm,,,,,0.32,w%,Phosphorus,,
LEEDS_b7f947273dde,Heavy Metals,Pb,Volunteering At A Community Farm,,,,,98.47,mg/kg,Lead,,
LEEDS_b7f947273dde,Heavy Metals,Se,Volunteering At A Community Farm,,,,,1.03,mg/kg,Selenium,,
LEEDS_b7f947273dde,Heavy Metals,Zr,Volunteering At A Community Farm,,,,,281.05,mg/kg,Zirconium,,
LEEDS_b7f947273dde,Land Cover,,Volunteering At A Community Farm,,,,Suburban,,,,,
LEEDS_b7f947273dde,Soil Parent,,Volunteering At A Community Farm,ARENACEOUS - RUDACEOUS,A layered subsoil of sand and gravel.,LIGHT(SANDY) TO MEDIUM(SANDY),,,,,,
LEEDS_b7f947273dde,Soil SOM,,Volunteering At A Community Farm,,,,,,,,,10.21
LEEDS_b7f947273dde,Soil pH,,Volunteering At A Community Farm,,,,,,,,6.07,
LEEDS_b87f35cf1024,Heavy Metals,As,Little London Pocket Park Community Orchard,,,,,29.32,mg/kg,Arsenic,,
LEEDS_b87f35cf1024,Heavy Metals,Cd,Little London Pocket Park Community Orchard,,,,,0.39,mg/kg,Cadmium,,
LEEDS_b87f35cf1024,Heavy Metals,Cu,Little London Pocket Park Community Orchard,,,,,63.58,mg/kg,Copper,,
LEEDS_b87f35cf1024,Heavy Metals,Ni,Little London Pocket Park Community Orchard,,,,,29.97,mg/kg,Nickel,,
LEEDS_b87f35cf1024,Heavy Metals,P2O5,Little London Pocket Park Community Orchard,,,,,0.28,w%,Phosphorus,,
LEEDS_b87f35cf1024,Heavy Metals,Pb,Little London Pocket Park Community Orchard,,,,,130.3,mg/kg,Lead,,
LEEDS_b87f35cf1024,Heavy Metals,Se,Little London Pocket Park Community Orchard,,,,,0.86,mg/kg,Selenium,,
LEEDS_b87f35cf1024,Heavy Metals,Zr,Little London Pocket Park Community Orchard,,,,,275.83,mg/kg,Zirconium,,
LEEDS_b87f35cf1024,Land Cover,,Little London Pocket Park Community Orchard,,,,Urban,,,,,
LEEDS_b87f35cf1024,Soil Parent,,Little London Pocket Park Community Orchard,ARENACEOUS,A sand-rich subsoil.,LIGHT(SILTY) TO MEDIUM(SILTY) TO HEAVY,,,,,,
LEEDS_b942ad44991e,Heavy Metals,As,Burras House Allotments,,,,,13.16,mg/kg,Arsenic,,
LEEDS_b942ad44991e,Heavy Metals,Cd,Burras House Allotments,,,,,0.68,mg/kg,Cadmium,,
LEEDS_b942ad44991e,Heavy Metals,Cu,Burras House Allotments,,,,,37.65,mg/kg,Copper,,
LEEDS_b942ad44991e,Heavy Metals,Ni,Burras House Allotments,,,,,14.25,mg/kg,Nickel,,
LEEDS_b942ad44991e,Heavy Metals,P2O5,Burras House Allotments,,,,,0.23,w%,Phosphorus,,
LEEDS_b942ad44991e,Heavy Metals,Pb,Burras House Allotments,,,,,120.84,mg/kg,Lead,,
LEEDS_b942ad44991e,Heavy Metals,Se,Burras House Allotments,,,,,1.24,mg/kg,Selenium,,
LEEDS_b942ad44991e,Heavy Metals,Zr,Burras House Allotments,,,,,206.82,mg/kg,Zirconium,,
LEEDS_b942ad44991e,Land Cover,,Burras House Allotments,,,,Suburban,,,,,
LEEDS_b942ad44991e,Soil Parent,,Burras House Allotments,ARGILLIC - ARENACEOUS,"A layered subsoil of clay, silt and sand.",ALL,,,,,,
LEEDS_b942ad44991e,Soil SOM,,Burras House Allotments,,,,,,,,,10.72
LEEDS_b942ad44991e,Soil pH,,Burras House Allotments,,,,,,,,6.07,
LEEDS_b9636b79fd49,Heavy Metals,As,Incredible Edible Raised Beds,,,,,19.6,mg/kg,Arsenic,,
LEEDS_b9636b79fd49,Heavy Metals,Cd,Incredible Edible Raised Beds,,,,,0.4,mg/kg,Cadmium,,
LEEDS_b9636b79fd49,Heavy Metals,Cu,Incredible Edible Raised Beds,,,,,33.24,mg/kg,Copper,,
LEEDS_b9636b79fd49,Heavy Metals,Ni,Incredible Edible Raised Beds,,,,,27.33,mg/kg,Nickel,,
LEEDS_b9636b79fd49,Heavy Metals,P2O5,Incredible Edible Raised Beds,,,,,0.26,w%,Phosphorus,,
LEEDS_b9636b79fd49,Heavy Metals,Pb,Incredible Edible Raised Beds,,,,,87.3,mg/kg,Lead,,
LEEDS_b9636b79fd49,Heavy Metals,Se,Incredible Edible Raised Beds,,,,,0.82,mg/kg,Selenium,,
LEEDS_b9636b79fd49,Heavy Metals,Zr,Incredible Edible Raised Beds,,,,,274.8,mg/kg,Zirconium,,
LEEDS_b9636b79fd49,Land Cover,,Incredible Edible Raised Beds,,,,Suburban,,,,,
LEEDS_b9636b79fd49,Soil Parent,,Incredible Edible Raised Beds,ARGILLIC - ARENACEOUS,"A layered subsoil of clay, silt and sand.",MEDIUM TO HEAVY,,,,,,
LEEDS_b98d5e8315d4,Heavy Metals,As,*Name Unavailable,,,,,11.7,mg/kg,Arsenic,,
LEEDS_b98d5e8315d4,Heavy Metals,Cd,*Name Unavailable,,,,,0.33,mg/kg,Cadmium,,
LEEDS_b98d5e8315d4,Heavy Metals,Cu,*Name Unavailable,,,,,21.44,mg/kg,Copper,,
LEEDS_b98d5e8315d4,Heavy Metals,Ni,*Name Unavailable,,,,,25.27,mg/kg,Nickel,,
LEEDS_b98d5e8315d4,Heavy Metals,P2O5,*Name Unavailable,,,,,0.2,w%,Phosphorus,,
LEEDS_b98d5e8315d4,Heavy Metals,Pb,*Name Unavailable,,,,,73.51,mg/kg,Lead,,
LEEDS_b98d5e8315d4,Heavy Metals,Se,*Name Unavailable,,,,,0.63,mg/kg,Selenium,,
LEEDS_b98d5e8315d4,Heavy Metals,Zr,*Name Unavailable,,,,,223.19,mg/kg,Zirconium,,
LEEDS_b98d5e8315d4,Land Cover,,*Name Unavailable,,,,Suburban | Improve grassland,,,,,
LEEDS_b98d5e8315d4,Soil Parent,,*Name Unavailable,ARENACEOUS | ARGILLIC - ARENACEOUS,"A sand-rich subsoil. | A layered subsoil of clay, silt and sand.",LIGHT(SILTY) TO MEDIUM(SILTY) TO HEAVY,,,,,,
LEEDS_b98d5e8315d4,Soil SOM,,*Name Unavailable,,,,,,,,,10.21
LEEDS_b98d5e8315d4,Soil pH,,*Name Unavailable,,,,,,,,6.07,
LEEDS_b9b58d600376,Heavy Metals,As,Heathcroft Lawn,,,,,43.92,mg/kg,Arsenic,,
LEEDS_b9b58d600376,Heavy Metals,Cd,Heathcroft Lawn,,,,,0.59,mg/kg,Cadmium,,
LEEDS_b9b58d600376,Heavy Metals,Cu,Heathcroft Lawn,,,,,66.19,mg/kg,Copper,,
LEEDS_b9b58d600376,Heavy Metals,Ni,Heathcroft Lawn,,,,,34.89,mg/kg,Nickel,,
LEEDS_b9b58d600376,Heavy Metals,P2O5,Heathcroft Lawn,,,,,0.36,w%,Phosphorus,,
LEEDS_b9b58d600376,Heavy Metals,Pb,Heathcroft Lawn,,,,,125.75,mg/kg,Lead,,
LEEDS_b9b58d600376,Heavy Metals,Se,Heathcroft Lawn,,,,,1.07,mg/kg,Selenium,,
LEEDS_b9b58d600376,Heavy Metals,Zr,Heathcroft Lawn,,,,,236.26,mg/kg,Zirconium,,
LEEDS_b9b58d600376,Land Cover,,Heathcroft Lawn,,,,Suburban,,,,,
LEEDS_b9b58d600376,Soil Parent,,Heathcroft Lawn,ARGILLIC - ARENACEOUS,"A layered subsoil of clay, silt and sand.",MEDIUM TO HEAVY,,,,,,
LEEDS_b9e9e0396dbb,Heavy Metals,As,Incredible Edible Bell Isle,,,,,25.14,mg/kg,Arsenic,,
LEEDS_b9e9e0396dbb,Heavy Metals,Cd,Incredible Edible Bell Isle,,,,,0.51,mg/kg,Cadmium,,
LEEDS_b9e9e0396dbb,Heavy Metals,Cu,Incredible Edible Bell Isle,,,,,50.82,mg/kg,Copper,,
LEEDS_b9e9e0396dbb,Heavy Metals,Ni,Incredible Edible Bell Isle,,,,,26.91,mg/kg,Nickel,,
LEEDS_b9e9e0396dbb,Heavy Metals,P2O5,Incredible Edible Bell Isle,,,,,0.33,w%,Phosphorus,,
LEEDS_b9e9e0396dbb,Heavy Metals,Pb,Incredible Edible Bell Isle,,,,,110.22,mg/kg,Lead,,
LEEDS_b9e9e0396dbb,Heavy Metals,Se,Incredible Edible Bell Isle,,,,,1.05,mg/kg,Selenium,,
LEEDS_b9e9e0396dbb,Heavy Metals,Zr,Incredible Edible Bell Isle,,,,,242.11,mg/kg,Zirconium,,
LEEDS_b9e9e0396dbb,Land Cover,,Incredible Edible Bell Isle,,,,Suburban,,,,,
LEEDS_b9e9e0396dbb,Soil Parent,,Incredible Edible Bell Isle,ARGILLIC - ARENACEOUS,"A layered subsoil of clay, silt and sand.",MEDIUM TO HEAVY,,,,,,
LEEDS_b9eaf7896584,Heavy Metals,As,Deanswood Drive Allotments,,,,,18.12,mg/kg,Arsenic,,
LEEDS_b9eaf7896584,Heavy Metals,Cd,Deanswood Drive Allotments,,,,,0.44,mg/kg,Cadmium,,
LEEDS_b9eaf7896584,Heavy Metals,Cu,Deanswood Drive Allotments,,,,,24.63,mg/kg,Copper,,
LEEDS_b9eaf7896584,Heavy Metals,Ni,Deanswood Drive Allotments,,,,,24.2,mg/kg,Nickel,,
LEEDS_b9eaf7896584,Heavy Metals,P2O5,Deanswood Drive Allotments,,,,,0.24,w%,Phosphorus,,
LEEDS_b9eaf7896584,Heavy Metals,Pb,Deanswood Drive Allotments,,,,,75.97,mg/kg,Lead,,
LEEDS_b9eaf7896584,Heavy Metals,Se,Deanswood Drive Allotments,,,,,0.71,mg/kg,Selenium,,
LEEDS_b9eaf7896584,Heavy Metals,Zr,Deanswood Drive Allotments,,,,,230.41,mg/kg,Zirconium,,
LEEDS_b9eaf7896584,Land Cover,,Deanswood Drive Allotments,,,,Deciduous woodland,,,,,
LEEDS_b9eaf7896584,Soil Parent,,Deanswood Drive Allotments,ARENACEOUS,A sand-rich subsoil.,LIGHT(SILTY) TO MEDIUM(SILTY) TO HEAVY,,,,,,
LEEDS_b9eaf7896584,Soil SOM,,Deanswood Drive Allotments,,,,,,,,,16.16
LEEDS_b9eaf7896584,Soil pH,,Deanswood Drive Allotments,,,,,,,,5.5,
LEEDS_ba2909df4066,Heavy Metals,As,Garforth,,,,,16.72,mg/kg,Arsenic,,
LEEDS_ba2909df4066,Heavy Metals,Cd,Garforth,,,,,0.5,mg/kg,Cadmium,,
LEEDS_ba2909df4066,Heavy Metals,Cu,Garforth,,,,,23.13,mg/kg,Copper,,
LEEDS_ba2909df4066,Heavy Metals,Ni,Garforth,,,,,26.82,mg/kg,Nickel,,
LEEDS_ba2909df4066,Heavy Metals,P2O5,Garforth,,,,,0.19,w%,Phosphorus,,
LEEDS_ba2909df4066,Heavy Metals,Pb,Garforth,,,,,66.42,mg/kg,Lead,,
LEEDS_ba2909df4066,Heavy Metals,Se,Garforth,,,,,0.65,mg/kg,Selenium,,
LEEDS_ba2909df4066,Heavy Metals,Zr,Garforth,,,,,298.82,mg/kg,Zirconium,,
LEEDS_ba2909df4066,Land Cover,,Garforth,,,,Suburban,,,,,
LEEDS_ba2909df4066,Soil Parent,,Garforth,ARGILLIC - ARENACEOUS,"A layered subsoil of clay, silt and sand.",MEDIUM TO HEAVY,,,,,,
LEEDS_bafa6e1a5727,Heavy Metals,As,Oak Grove Garforth,,,,,16.72,mg/kg,Arsenic,,
LEEDS_bafa6e1a5727,Heavy Metals,Cd,Oak Grove Garforth,,,,,0.5,mg/kg,Cadmium,,
LEEDS_bafa6e1a5727,Heavy Metals,Cu,Oak Grove Garforth,,,,,23.13,mg/kg,Copper,,
LEEDS_bafa6e1a5727,Heavy Metals,Ni,Oak Grove Garforth,,,,,26.82,mg/kg,Nickel,,
LEEDS_bafa6e1a5727,Heavy Metals,P2O5,Oak Grove Garforth,,,,,0.19,w%,Phosphorus,,
LEEDS_bafa6e1a5727,Heavy Metals,Pb,Oak Grove Garforth,,,,,66.42,mg/kg,Lead,,
LEEDS_bafa6e1a5727,Heavy Metals,Se,Oak Grove Garforth,,,,,0.65,mg/kg,Selenium,,
LEEDS_bafa6e1a5727,Heavy Metals,Zr,Oak Grove Garforth,,,,,298.82,mg/kg,Zirconium,,
LEEDS_bafa6e1a5727,Land Cover,,Oak Grove Garforth,,,,Suburban,,,,,
LEEDS_bafa6e1a5727,Soil Parent,,Oak Grove Garforth,ARGILLIC - ARENACEOUS,"A layered subsoil of clay, silt and sand.",MEDIUM TO HEAVY,,,,,,
LEEDS_bbb88c01afc5,Heavy Metals,As,*Name Unavailable,,,,,21.29,mg/kg,Arsenic,,
LEEDS_bbb88c01afc5,Heavy Metals,Cd,*Name Unavailable,,,,,0.44,mg/kg,Cadmium,,
LEEDS_bbb88c01afc5,Heavy Metals,Cu,*Name Unavailable,,,,,36.91,mg/kg,Copper,,
LEEDS_bbb88c01afc5,Heavy Metals,Ni,*Name Unavailable,,,,,22.2,mg/kg,Nickel,,
LEEDS_bbb88c01afc5,Heavy Metals,P2O5,*Name Unavailable,,,,,0.31,w%,Phosphorus,,
LEEDS_bbb88c01afc5,Heavy Metals,Pb,*Name Unavailable,,,,,95.81,mg/kg,Lead,,
LEEDS_bbb88c01afc5,Heavy Metals,Se,*Name Unavailable,,,,,1.09,mg/kg,Selenium,,
LEEDS_bbb88c01afc5,Heavy Metals,Zr,*Name Unavailable,,,,,338.09,mg/kg,Zirconium,,
LEEDS_bbb88c01afc5,Land Cover,,*Name Unavailable,,,,Improve grassland | Suburban,,,,,
LEEDS_bbb88c01afc5,Soil Parent,,*Name Unavailable,ARGILLIC - ARENACEOUS,"A layered subsoil of clay, silt and sand.",MEDIUM TO HEAVY,,,,,,
LEEDS_bbb88c01afc5,Soil SOM,,*Name Unavailable,,,,,,,,,3.13
LEEDS_bbb88c01afc5,Soil pH,,*Name Unavailable,,,,,,,,7.05,
LEEDS_bc610d5a1c6b,Heavy Metals,As,Toll Bar Fields Allotments Gardens,,,,,17.67,mg/kg,Arsenic,,
LEEDS_bc610d5a1c6b,Heavy Metals,Cd,Toll Bar Fields Allotments Gardens,,,,,0.34,mg/kg,Cadmium,,
LEEDS_bc610d5a1c6b,Heavy Metals,Cu,Toll Bar Fields Allotments Gardens,,,,,24.43,mg/kg,Copper,,
LEEDS_bc610d5a1c6b,Heavy Metals,Ni,Toll Bar Fields Allotments Gardens,,,,,23.75,mg/kg,Nickel,,
LEEDS_bc610d5a1c6b,Heavy Metals,P2O5,Toll Bar Fields Allotments Gardens,,,,,0.27,w%,Phosphorus,,
LEEDS_bc610d5a1c6b,Heavy Metals,Pb,Toll Bar Fields Allotments Gardens,,,,,68.73,mg/kg,Lead,,
LEEDS_bc610d5a1c6b,Heavy Metals,Se,Toll Bar Fields Allotments Gardens,,,,,0.74,mg/kg,Selenium,,
LEEDS_bc610d5a1c6b,Heavy Metals,Zr,Toll Bar Fields Allotments Gardens,,,,,240.79,mg/kg,Zirconium,,
LEEDS_bc610d5a1c6b,Land Cover,,Toll Bar Fields Allotments Gardens,,,,Urban | Suburban,,,,,
LEEDS_bc610d5a1c6b,Soil Parent,,Toll Bar Fields Allotments Gardens,ARGILLIC - ARENACEOUS,"A layered subsoil of clay, silt and sand.",MEDIUM TO HEAVY,,,,,,
LEEDS_bd6deedec6fb,Heavy Metals,As,West Field Community Orchard,,,,,22.1,mg/kg,Arsenic,,
LEEDS_bd6deedec6fb,Heavy Metals,Cd,West Field Community Orchard,,,,,0.57,mg/kg,Cadmium,,
LEEDS_bd6deedec6fb,Heavy Metals,Cu,West Field Community Orchard,,,,,45.75,mg/kg,Copper,,
LEEDS_bd6deedec6fb,Heavy Metals,Ni,West Field Community Orchard,,,,,22.28,mg/kg,Nickel,,
LEEDS_bd6deedec6fb,Heavy Metals,P2O5,West Field Community Orchard,,,,,0.29,w%,Phosphorus,,
LEEDS_bd6deedec6fb,Heavy Metals,Pb,West Field Community Orchard,,,,,95.63,mg/kg,Lead,,
LEEDS_bd6deedec6fb,Heavy Metals,Se,West Field Community Orchard,,,,,0.89,mg/kg,Selenium,,
LEEDS_bd6deedec6fb,Heavy Metals,Zr,West Field Community Orchard,,,,,236.61,mg/kg,Zirconium,,
LEEDS_bd6deedec6fb,Land Cover,,West Field Community Orchard,,,,Suburban,,,,,
LEEDS_bd6deedec6fb,Soil Parent,,West Field Community Orchard,MIXED (ARGILLIC-RUDACEOUS),"A variable clay, silt, and sand subsoil.",MEDIUM TO LIGHT(SILTY) TO HEAVY,,,,,,
LEEDS_c0ba50c0114b,Heavy Metals,As,Northern Fruit Group Community Orchard,,,,,12.82,mg/kg,Arsenic,,
LEEDS_c0ba50c0114b,Heavy Metals,Cd,Northern Fruit Group Community Orchard,,,,,0.82,mg/kg,Cadmium,,
LEEDS_c0ba50c0114b,Heavy Metals,Cu,Northern Fruit Group Community Orchard,,,,,30.42,mg/kg,Copper,,
LEEDS_c0ba50c0114b,Heavy Metals,Ni,Northern Fruit Group Community Orchard,,,,,27.13,mg/kg,Nickel,,
LEEDS_c0ba50c0114b,Heavy Metals,P2O5,Northern Fruit Group Community Orchard,,,,,0.37,w%,Phosphorus,,
LEEDS_c0ba50c0114b,Heavy Metals,Pb,Northern Fruit Group Community Orchard,,,,,96.15,mg/kg,Lead,,
LEEDS_c0ba50c0114b,Heavy Metals,Se,Northern Fruit Group Community Orchard,,,,,1.24,mg/kg,Selenium,,
LEEDS_c0ba50c0114b,Heavy Metals,Zr,Northern Fruit Group Community Orchard,,,,,283.46,mg/kg,Zirconium,,
LEEDS_c0ba50c0114b,Land Cover,,Northern Fruit Group Community Orchard,,,,Improve grassland,,,,,
LEEDS_c0ba50c0114b,Soil Parent,,Northern Fruit Group Community Orchard,ARGILLIC - ARENACEOUS,"A layered subsoil of clay, silt and sand.",ALL,,,,,,
LEEDS_c0ba50c0114b,Soil SOM,,Northern Fruit Group Community Orchard,,,,,,,,,10.72
LEEDS_c0ba50c0114b,Soil pH,,Northern Fruit Group Community Orchard,,,,,,,,6.07,
LEEDS_c0f03651d1cc,Heavy Metals,As,Incredible Edible Raised Beds,,,,,12.7,mg/kg,Arsenic,,
LEEDS_c0f03651d1cc,Heavy Metals,Cd,Incredible Edible Raised Beds,,,,,0.69,mg/kg,Cadmium,,
LEEDS_c0f03651d1cc,Heavy Metals,Cu,Incredible Edible Raised Beds,,,,,22.06,mg/kg,Copper,,
LEEDS_c0f03651d1cc,Heavy Metals,Ni,Incredible Edible Raised Beds,,,,,17.15,mg/kg,Nickel,,
LEEDS_c0f03651d1cc,Heavy Metals,P2O5,Incredible Edible Raised Beds,,,,,0.34,w%,Phosphorus,,
LEEDS_c0f03651d1cc,Heavy Metals,Pb,Incredible Edible Raised Beds,,,,,72.65,mg/kg,Lead,,
LEEDS_c0f03651d1cc,Heavy Metals,Se,Incredible Edible Raised Beds,,,,,0.71,mg/kg,Selenium,,
LEEDS_c0f03651d1cc,Heavy Metals,Zr,Incredible Edible Raised Beds,,,,,312.58,mg/kg,Zirconium,,
LEEDS_c0f03651d1cc,Land Cover,,Incredible Edible Raised Beds,,,,Suburban,,,,,
LEEDS_c0f03651d1cc,Soil Parent,,Incredible Edible Raised Beds,ARENACEOUS,A sand-rich subsoil.,LIGHT(SANDY) TO MEDIUM(SANDY),,,,,,
LEEDS_c151701c1a1b,Heavy Metals,As,Incredible Edible Raised Beds,,,,,17.55,mg/kg,Arsenic,,
LEEDS_c151701c1a1b,Heavy Metals,Cd,Incredible Edible Raised Beds,,,,,0.57,mg/kg,Cadmium,,
LEEDS_c151701c1a1b,Heavy Metals,Cu,Incredible Edible Raised Beds,,,,,24.64,mg/kg,Copper,,
LEEDS_c151701c1a1b,Heavy Metals,Ni,Incredible Edible Raised Beds,,,,,23.63,mg/kg,Nickel,,
LEEDS_c151701c1a1b,Heavy Metals,P2O5,Incredible Edible Raised Beds,,,,,0.17,w%,Phosphorus,,
LEEDS_c151701c1a1b,Heavy Metals,Pb,Incredible Edible Raised Beds,,,,,74.35,mg/kg,Lead,,
LEEDS_c151701c1a1b,Heavy Metals,Se,Incredible Edible Raised Beds,,,,,0.63,mg/kg,Selenium,,
LEEDS_c151701c1a1b,Heavy Metals,Zr,Incredible Edible Raised Beds,,,,,347.67,mg/kg,Zirconium,,
LEEDS_c151701c1a1b,Land Cover,,Incredible Edible Raised Beds,,,,Suburban,,,,,
LEEDS_c151701c1a1b,Soil Parent,,Incredible Edible Raised Beds,ARGILLIC - ARENACEOUS,"A layered subsoil of clay, silt and sand.",LIGHT(SILTY) TO MEDIUM(SILTY),,,,,,
LEEDS_c151701c1a1b,Soil SOM,,Incredible Edible Raised Beds,,,,,,,,,3.13
LEEDS_c151701c1a1b,Soil pH,,Incredible Edible Raised Beds,,,,,,,,7.7,
LEEDS_c1a2a553e745,Heavy Metals,As,Hunslet Moor,,,,,32.63,mg/kg,Arsenic,,
LEEDS_c1a2a553e745,Heavy Metals,Cd,Hunslet Moor,,,,,0.48,mg/kg,Cadmium,,
LEEDS_c1a2a553e745,Heavy Metals,Cu,Hunslet Moor,,,,,51.91,mg/kg,Copper,,
LEEDS_c1a2a553e745,Heavy Metals,Ni,Hunslet Moor,,,,,29.13,mg/kg,Nickel,,
LEEDS_c1a2a553e745,Heavy Metals,P2O5,Hunslet Moor,,,,,0.32,w%,Phosphorus,,
LEEDS_c1a2a553e745,Heavy Metals,Pb,Hunslet Moor,,,,,96.67,mg/kg,Lead,,
LEEDS_c1a2a553e745,Heavy Metals,Se,Hunslet Moor,,,,,1.0,mg/kg,Selenium,,
LEEDS_c1a2a553e745,Heavy Metals,Zr,Hunslet Moor,,,,,241.26,mg/kg,Zirconium,,
LEEDS_c1a2a553e745,Land Cover,,Hunslet Moor,,,,Urban,,,,,
LEEDS_c1a2a553e745,Soil Parent,,Hunslet Moor,ARENACEOUS - RUDACEOUS,A layered subsoil of sand and gravel.,LIGHT(SANDY) TO MEDIUM(SANDY),,,,,,
LEEDS_c1fa399d93ca,Heavy Metals,As,Priesthorpe Lane Allotments,,,,,40.53,mg/kg,Arsenic,,
LEEDS_c1fa399d93ca,Heavy Metals,Cd,Priesthorpe Lane Allotments,,,,,0.46,mg/kg,Cadmium,,
LEEDS_c1fa399d93ca,Heavy Metals,Cu,Priesthorpe Lane Allotments,,,,,46.85,mg/kg,Copper,,
LEEDS_c1fa399d93ca,Heavy Metals,Ni,Priesthorpe Lane Allotments,,,,,32.53,mg/kg,Nickel,,
LEEDS_c1fa399d93ca,Heavy Metals,P2O5,Priesthorpe Lane Allotments,,,,,0.29,w%,Phosphorus,,
LEEDS_c1fa399d93ca,Heavy Metals,Pb,Priesthorpe Lane Allotments,,,,,103.8,mg/kg,Lead,,
LEEDS_c1fa399d93ca,Heavy Metals,Se,Priesthorpe Lane Allotments,,,,,0.95,mg/kg,Selenium,,
LEEDS_c1fa399d93ca,Heavy Metals,Zr,Priesthorpe Lane Allotments,,,,,273.67,mg/kg,Zirconium,,
LEEDS_c1fa399d93ca,Land Cover,,Priesthorpe Lane Allotments,,,,Suburban | Urban,,,,,
LEEDS_c1fa399d93ca,Soil Parent,,Priesthorpe Lane Allotments,MIXED (ARGILLIC-RUDACEOUS),"A variable clay, silt, and sand subsoil.",MEDIUM TO LIGHT(SILTY) TO HEAVY,,,,,,
LEEDS_c2b1852c4cc7,Heavy Metals,As,Gallows Hill Community Orchard,,,,,12.09,mg/kg,Arsenic,,
LEEDS_c2b1852c4cc7,Heavy Metals,Cd,Gallows Hill Community Orchard,,,,,0.82,mg/kg,Cadmium,,
LEEDS_c2b1852c4cc7,Heavy Metals,Cu,Gallows Hill Community Orchard,,,,,27.71,mg/kg,Copper,,
LEEDS_c2b1852c4cc7,Heavy Metals,Ni,Gallows Hill Community Orchard,,,,,26.65,mg/kg,Nickel,,
LEEDS_c2b1852c4cc7,Heavy Metals,P2O5,Gallows Hill Community Orchard,,,,,0.37,w%,Phosphorus,,
LEEDS_c2b1852c4cc7,Heavy Metals,Pb,Gallows Hill Community Orchard,,,,,98.23,mg/kg,Lead,,
LEEDS_c2b1852c4cc7,Heavy Metals,Se,Gallows Hill Community Orchard,,,,,1.23,mg/kg,Selenium,,
LEEDS_c2b1852c4cc7,Heavy Metals,Zr,Gallows Hill Community Orchard,,,,,283.53,mg/kg,Zirconium,,
LEEDS_c2b1852c4cc7,Land Cover,,Gallows Hill Community Orchard,,,,Deciduous woodland,,,,,
LEEDS_c2b1852c4cc7,Soil Parent,,Gallows Hill Community Orchard,MIXED (ARGILLIC-RUDACEOUS),"A variable clay, silt, and sand subsoil.",MEDIUM TO LIGHT(SILTY) TO HEAVY,,,,,,
LEEDS_c2b1852c4cc7,Soil SOM,,Gallows Hill Community Orchard,,,,,,,,,3.84
LEEDS_c2b1852c4cc7,Soil pH,,Gallows Hill Community Orchard,,,,,,,,7.29,
LEEDS_c47f5959bb57,Heavy Metals,As,Hollybush Community Orchard,,,,,25.32,mg/kg,Arsenic,,
LEEDS_c47f5959bb57,Heavy Metals,Cd,Hollybush Community Orchard,,,,,0.58,mg/kg,Cadmium,,
LEEDS_c47f5959bb57,Heavy Metals,Cu,Hollybush Community Orchard,,,,,40.77,mg/kg,Copper,,
LEEDS_c47f5959bb57,Heavy Metals,Ni,Hollybush Community Orchard,,,,,36.22,mg/kg,Nickel,,
LEEDS_c47f5959bb57,Heavy Metals,P2O5,Hollybush Community Orchard,,,,,0.42,w%,Phosphorus,,
LEEDS_c47f5959bb57,Heavy Metals,Pb,Hollybush Community Orchard,,,,,100.55,mg/kg,Lead,,
LEEDS_c47f5959bb57,Heavy Metals,Se,Hollybush Community Orchard,,,,,1.08,mg/kg,Selenium,,
LEEDS_c47f5959bb57,Heavy Metals,Zr,Hollybush Community Orchard,,,,,314.12,mg/kg,Zirconium,,
LEEDS_c47f5959bb57,Land Cover,,Hollybush Community Orchard,,,,Urban,,,,,
LEEDS_c47f5959bb57,Soil Parent,,Hollybush Community Orchard,MIXED (ARGILLIC-RUDACEOUS),"A variable clay, silt, and sand subsoil.",MEDIUM TO LIGHT(SILTY) TO HEAVY,,,,,,
LEEDS_c55411b0642f,Heavy Metals,As,Featherbank Lane Horsforth,,,,,19.82,mg/kg,Arsenic,,
LEEDS_c55411b0642f,Heavy Metals,Cd,Featherbank Lane Horsforth,,,,,0.44,mg/kg,Cadmium,,
LEEDS_c55411b0642f,Heavy Metals,Cu,Featherbank Lane Horsforth,,,,,55.88,mg/kg,Copper,,
LEEDS_c55411b0642f,Heavy Metals,Ni,Featherbank Lane Horsforth,,,,,27.92,mg/kg,Nickel,,
LEEDS_c55411b0642f,Heavy Metals,P2O5,Featherbank Lane Horsforth,,,,,0.28,w%,Phosphorus,,
LEEDS_c55411b0642f,Heavy Metals,Pb,Featherbank Lane Horsforth,,,,,100.2,mg/kg,Lead,,
LEEDS_c55411b0642f,Heavy Metals,Se,Featherbank Lane Horsforth,,,,,0.91,mg/kg,Selenium,,
LEEDS_c55411b0642f,Heavy Metals,Zr,Featherbank Lane Horsforth,,,,,334.76,mg/kg,Zirconium,,
LEEDS_c55411b0642f,Land Cover,,Featherbank Lane Horsforth,,,,Suburban,,,,,
LEEDS_c55411b0642f,Soil Parent,,Featherbank Lane Horsforth,MIXED (ARGILLIC-RUDACEOUS),"A variable clay, silt, and sand subsoil.",MEDIUM TO LIGHT(SILTY) TO HEAVY,,,,,,
LEEDS_c5cfd9b480a6,Heavy Metals,As,Springfield Close Allotments,,,,,17.22,mg/kg,Arsenic,,
LEEDS_c5cfd9b480a6,Heavy Metals,Cd,Springfield Close Allotments,,,,,0.59,mg/kg,Cadmium,,
LEEDS_c5cfd9b480a6,Heavy Metals,Cu,Springfield Close Allotments,,,,,30.54,mg/kg,Copper,,
LEEDS_c5cfd9b480a6,Heavy Metals,Ni,Springfield Close Allotments,,,,,23.0,mg/kg,Nickel,,
LEEDS_c5cfd9b480a6,Heavy Metals,P2O5,Springfield Close Allotments,,,,,0.33,w%,Phosphorus,,
LEEDS_c5cfd9b480a6,Heavy Metals,Pb,Springfield Close Allotments,,,,,84.91,mg/kg,Lead,,
LEEDS_c5cfd9b480a6,Heavy Metals,Se,Springfield Close Allotments,,,,,0.85,mg/kg,Selenium,,
LEEDS_c5cfd9b480a6,Heavy Metals,Zr,Springfield Close Allotments,,,,,327.58,mg/kg,Zirconium,,
LEEDS_c5cfd9b480a6,Land Cover,,Springfield Close Allotments,,,,Suburban,,,,,
LEEDS_c5cfd9b480a6,Soil Parent,,Springfield Close Allotments,MIXED (ARGILLIC-RUDACEOUS) | ARGILLIC - ARENACEOUS,"A variable clay, silt, and sand subsoil. | A layered subsoil of clay, silt and sand.",MEDIUM TO LIGHT(SILTY) TO HEAVY,,,,,,
LEEDS_c5cfd9b480a6,Soil SOM,,Springfield Close Allotments,,,,,,,,,16.16
LEEDS_c5cfd9b480a6,Soil pH,,Springfield Close Allotments,,,,,,,,5.5,
LEEDS_c6457a081525,Heavy Metals,As,High Royds Community Orchard,,,,,13.76,mg/kg,Arsenic,,
LEEDS_c6457a081525,Heavy Metals,Cd,High Royds Community Orchard,,,,,0.55,mg/kg,Cadmium,,
LEEDS_c6457a081525,Heavy Metals,Cu,High Royds Community Orchard,,,,,23.04,mg/kg,Copper,,
LEEDS_c6457a081525,Heavy Metals,Ni,High Royds Community Orchard,,,,,23.77,mg/kg,Nickel,,
LEEDS_c6457a081525,Heavy Metals,P2O5,High Royds Community Orchard,,,,,0.23,w%,Phosphorus,,
LEEDS_c6457a081525,Heavy Metals,Pb,High Royds Community Orchard,,,,,72.7,mg/kg,Lead,,
LEEDS_c6457a081525,Heavy Metals,Se,High Royds Community Orchard,,,,,1.1,mg/kg,Selenium,,
LEEDS_c6457a081525,Heavy Metals,Zr,High Royds Community Orchard,,,,,240.88,mg/kg,Zirconium,,
LEEDS_c6457a081525,Land Cover,,High Royds Community Orchard,,,,Suburban | Improve grassland | Deciduous woodland,,,,,
LEEDS_c6457a081525,Soil Parent,,High Royds Community Orchard,MIXED (ARGILLIC-RUDACEOUS),"A variable clay, silt, and sand subsoil.",MEDIUM TO LIGHT(SILTY) TO HEAVY,,,,,,
LEEDS_c659b38c977f,Heavy Metals,As,Calverley Lane Picnic Site,,,,,18.38,mg/kg,Arsenic,,
LEEDS_c659b38c977f,Heavy Metals,Cd,Calverley Lane Picnic Site,,,,,0.52,mg/kg,Cadmium,,
LEEDS_c659b38c977f,Heavy Metals,Cu,Calverley Lane Picnic Site,,,,,47.95,mg/kg,Copper,,
LEEDS_c659b38c977f,Heavy Metals,Ni,Calverley Lane Picnic Site,,,,,27.39,mg/kg,Nickel,,
LEEDS_c659b38c977f,Heavy Metals,P2O5,Calverley Lane Picnic Site,,,,,0.33,w%,Phosphorus,,
LEEDS_c659b38c977f,Heavy Metals,Pb,Calverley Lane Picnic Site,,,,,94.68,mg/kg,Lead,,
LEEDS_c659b38c977f,Heavy Metals,Se,Calverley Lane Picnic Site,,,,,0.89,mg/kg,Selenium,,
LEEDS_c659b38c977f,Heavy Metals,Zr,Calverley Lane Picnic Site,,,,,308.39,mg/kg,Zirconium,,
LEEDS_c659b38c977f,Land Cover,,Calverley Lane Picnic Site,,,,Urban,,,,,
LEEDS_c659b38c977f,Soil Parent,,Calverley Lane Picnic Site,ARGILLIC - ARENACEOUS,"A layered subsoil of clay, silt and sand.",MEDIUM TO HEAVY,,,,,,
LEEDS_c67c1e849641,Heavy Metals,As,Killingbeck Community Orchard,,,,,22.74,mg/kg,Arsenic,,
LEEDS_c67c1e849641,Heavy Metals,Cd,Killingbeck Community Orchard,,,,,0.35,mg/kg,Cadmium,,
LEEDS_c67c1e849641,Heavy Metals,Cu,Killingbeck Community Orchard,,,,,40.0,mg/kg,Copper,,
LEEDS_c67c1e849641,Heavy Metals,Ni,Killingbeck Community Orchard,,,,,28.4,mg/kg,Nickel,,
LEEDS_c67c1e849641,Heavy Metals,P2O5,Killingbeck Community Orchard,,,,,0.29,w%,Phosphorus,,
LEEDS_c67c1e849641,Heavy Metals,Pb,Killingbeck Community Orchard,,,,,83.9,mg/kg,Lead,,
LEEDS_c67c1e849641,Heavy Metals,Se,Killingbeck Community Orchard,,,,,0.73,mg/kg,Selenium,,
LEEDS_c67c1e849641,Heavy Metals,Zr,Killingbeck Community Orchard,,,,,202.79,mg/kg,Zirconium,,
LEEDS_c67c1e849641,Land Cover,,Killingbeck Community Orchard,,,,Suburban,,,,,
LEEDS_c67c1e849641,Soil Parent,,Killingbeck Community Orchard,ARGILLIC - ARENACEOUS,"A layered subsoil of clay, silt and sand.",MEDIUM TO HEAVY,,,,,,
LEEDS_c67c1e849641,Soil SOM,,Killingbeck Community Orchard,,,,,,,,,8.19
LEEDS_c67c1e849641,Soil pH,,Killingbeck Community Orchard,,,,,,,,6.07,
LEEDS_c6c8578829af,Heavy Metals,As,Catch,,,,,17.67,mg/kg,Arsenic,,
LEEDS_c6c8578829af,Heavy Metals,Cd,Catch,,,,,0.34,mg/kg,Cadmium,,
LEEDS_c6c8578829af,Heavy Metals,Cu,Catch,,,,,24.43,mg/kg,Copper,,
LEEDS_c6c8578829af,Heavy Metals,Ni,Catch,,,,,23.75,mg/kg,Nickel,,
LEEDS_c6c8578829af,Heavy Metals,P2O5,Catch,,,,,0.27,w%,Phosphorus,,
LEEDS_c6c8578829af,Heavy Metals,Pb,Catch,,,,,68.73,mg/kg,Lead,,
LEEDS_c6c8578829af,Heavy Metals,Se,Catch,,,,,0.74,mg/kg,Selenium,,
LEEDS_c6c8578829af,Heavy Metals,Zr,Catch,,,,,240.79,mg/kg,Zirconium,,
LEEDS_c6c8578829af,Land Cover,,Catch,,,,Urban,,,,,
LEEDS_c6c8578829af,Soil Parent,,Catch,ARGILLIC - ARENACEOUS,"A layered subsoil of clay, silt and sand.",MEDIUM TO HEAVY,,,,,,
LEEDS_c71a8f6ad08e,Heavy Metals,As,Nan,,,,,16.97,mg/kg,Arsenic,,
LEEDS_c71a8f6ad08e,Heavy Metals,Cd,Nan,,,,,0.48,mg/kg,Cadmium,,
LEEDS_c71a8f6ad08e,Heavy Metals,Cu,Nan,,,,,20.36,mg/kg,Copper,,
LEEDS_c71a8f6ad08e,Heavy Metals,Ni,Nan,,,,,28.19,mg/kg,Nickel,,
LEEDS_c71a8f6ad08e,Heavy Metals,P2O5,Nan,,,,,0.21,w%,Phosphorus,,
LEEDS_c71a8f6ad08e,Heavy Metals,Pb,Nan,,,,,60.02,mg/kg,Lead,,
LEEDS_c71a8f6ad08e,Heavy Metals,Se,Nan,,,,,0.66,mg/kg,Selenium,,
LEEDS_c71a8f6ad08e,Heavy Metals,Zr,Nan,,,,,308.76,mg/kg,Zirconium,,
LEEDS_c71a8f6ad08e,Land Cover,,Nan,,,,Suburban,,,,,
LEEDS_c71a8f6ad08e,Soil Parent,,Nan,ARGILLIC - ARENACEOUS,"A layered subsoil of clay, silt and sand.",MEDIUM TO HEAVY,,,,,,
LEEDS_c746d6109b3e,Heavy Metals,As,*Name Unavailable,,,,,8.96,mg/kg,Arsenic,,
LEEDS_c746d6109b3e,Heavy Metals,Cd,*Name Unavailable,,,,,0.62,mg/kg,Cadmium,,
LEEDS_c746d6109b3e,Heavy Metals,Cu,*Name Unavailable,,,,,15.33,mg/kg,Copper,,
LEEDS_c746d6109b3e,Heavy Metals,Ni,*Name Unavailable,,,,,23.2,mg/kg,Nickel,,
LEEDS_c746d6109b3e,Heavy Metals,P2O5,*Name Unavailable,,,,,0.21,w%,Phosphorus,,
LEEDS_c746d6109b3e,Heavy Metals,Pb,*Name Unavailable,,,,,69.37,mg/kg,Lead,,
LEEDS_c746d6109b3e,Heavy Metals,Se,*Name Unavailable,,,,,0.4,mg/kg,Selenium,,
LEEDS_c746d6109b3e,Heavy Metals,Zr,*Name Unavailable,,,,,310.94,mg/kg,Zirconium,,
LEEDS_c746d6109b3e,Land Cover,,*Name Unavailable,,,,Freshwater | Suburban,,,,,
LEEDS_c746d6109b3e,Soil Parent,,*Name Unavailable,MIXED (ARGILLIC-RUDACEOUS),"A variable clay, silt, and sand subsoil.",MEDIUM TO LIGHT(SILTY) TO HEAVY,,,,,,
LEEDS_c7b2c2bd0cca,,,Wellbeing At The Walled Garden,,,,,,,,,
LEEDS_c80378123e10,Heavy Metals,As,"Catch, Harehills",,,,,17.67,mg/kg,Arsenic,,
LEEDS_c80378123e10,Heavy Metals,Cd,"Catch, Harehills",,,,,0.34,mg/kg,Cadmium,,
LEEDS_c80378123e10,Heavy Metals,Cu,"Catch, Harehills",,,,,24.43,mg/kg,Copper,,
LEEDS_c80378123e10,Heavy Metals,Ni,"Catch, Harehills",,,,,23.75,mg/kg,Nickel,,
LEEDS_c80378123e10,Heavy Metals,P2O5,"Catch, Harehills",,,,,0.27,w%,Phosphorus,,
LEEDS_c80378123e10,Heavy Metals,Pb,"Catch, Harehills",,,,,68.73,mg/kg,Lead,,
LEEDS_c80378123e10,Heavy Metals,Se,"Catch, Harehills",,,,,0.74,mg/kg,Selenium,,
LEEDS_c80378123e10,Heavy Metals,Zr,"Catch, Harehills",,,,,240.79,mg/kg,Zirconium,,
LEEDS_c80378123e10,Land Cover,,"Catch, Harehills",,,,Urban,,,,,
LEEDS_c80378123e10,Soil Parent,,"Catch, Harehills",ARGILLIC - ARENACEOUS,"A layered subsoil of clay, silt and sand.",MEDIUM TO HEAVY,,,,,,
LEEDS_c870fc65f096,Heavy Metals,As,Burley Mills Aka Goit Allotments | Kirkstall Valley Farm,,,,,25.37,mg/kg,Arsenic,,
LEEDS_c870fc65f096,Heavy Metals,Cd,Burley Mills Aka Goit Allotments | Kirkstall Valley Farm,,,,,0.51,mg/kg,Cadmium,,
LEEDS_c870fc65f096,Heavy Metals,Cu,Burley Mills Aka Goit Allotments | Kirkstall Valley Farm,,,,,48.86,mg/kg,Copper,,
LEEDS_c870fc65f096,Heavy Metals,Ni,Burley Mills Aka Goit Allotments | Kirkstall Valley Farm,,,,,30.76,mg/kg,Nickel,,
LEEDS_c870fc65f096,Heavy Metals,P2O5,Burley Mills Aka Goit Allotments | Kirkstall Valley Farm,,,,,0.32,w%,Phosphorus,,
LEEDS_c870fc65f096,Heavy Metals,Pb,Burley Mills Aka Goit Allotments | Kirkstall Valley Farm,,,,,98.47,mg/kg,Lead,,
LEEDS_c870fc65f096,Heavy Metals,Se,Burley Mills Aka Goit Allotments | Kirkstall Valley Farm,,,,,1.03,mg/kg,Selenium,,
LEEDS_c870fc65f096,Heavy Metals,Zr,Burley Mills Aka Goit Allotments | Kirkstall Valley Farm,,,,,281.05,mg/kg,Zirconium,,
LEEDS_c870fc65f096,Land Cover,,Burley Mills Aka Goit Allotments | Kirkstall Valley Farm,,,,Improve grassland | Urban | Deciduous woodland,,,,,
LEEDS_c870fc65f096,Soil Parent,,Burley Mills Aka Goit Allotments | Kirkstall Valley Farm,ARENACEOUS - RUDACEOUS,A layered subsoil of sand and gravel.,LIGHT(SANDY) TO MEDIUM(SANDY),,,,,,
LEEDS_c870fc65f096,Soil SOM,,Burley Mills Aka Goit Allotments | Kirkstall Valley Farm,,,,,,,,,10.21
LEEDS_c870fc65f096,Soil pH,,Burley Mills Aka Goit Allotments | Kirkstall Valley Farm,,,,,,,,6.07,
LEEDS_c8780c16c109,Heavy Metals,As,Incredible Edible Raised Beds,,,,,19.43,mg/kg,Arsenic,,
LEEDS_c8780c16c109,Heavy Metals,Cd,Incredible Edible Raised Beds,,,,,0.44,mg/kg,Cadmium,,
LEEDS_c8780c16c109,Heavy Metals,Cu,Incredible Edible Raised Beds,,,,,23.99,mg/kg,Copper,,
LEEDS_c8780c16c109,Heavy Metals,Ni,Incredible Edible Raised Beds,,,,,19.01,mg/kg,Nickel,,
LEEDS_c8780c16c109,Heavy Metals,P2O5,Incredible Edible Raised Beds,,,,,0.23,w%,Phosphorus,,
LEEDS_c8780c16c109,Heavy Metals,Pb,Incredible Edible Raised Beds,,,,,78.29,mg/kg,Lead,,
LEEDS_c8780c16c109,Heavy Metals,Se,Incredible Edible Raised Beds,,,,,0.7,mg/kg,Selenium,,
LEEDS_c8780c16c109,Heavy Metals,Zr,Incredible Edible Raised Beds,,,,,259.35,mg/kg,Zirconium,,
LEEDS_c8780c16c109,Land Cover,,Incredible Edible Raised Beds,,,,Suburban,,,,,
LEEDS_c8780c16c109,Soil Parent,,Incredible Edible Raised Beds,ARGILLIC - ARENACEOUS,"A layered subsoil of clay, silt and sand.",MEDIUM TO HEAVY,,,,,,
LEEDS_c8c9797dff4c,Heavy Metals,As,Incredible Edible Kippax,,,,,15.59,mg/kg,Arsenic,,
LEEDS_c8c9797dff4c,Heavy Metals,Cd,Incredible Edible Kippax,,,,,0.47,mg/kg,Cadmium,,
LEEDS_c8c9797dff4c,Heavy Metals,Cu,Incredible Edible Kippax,,,,,27.61,mg/kg,Copper,,
LEEDS_c8c9797dff4c,Heavy Metals,Ni,Incredible Edible Kippax,,,,,24.78,mg/kg,Nickel,,
LEEDS_c8c9797dff4c,Heavy Metals,P2O5,Incredible Edible Kippax,,,,,0.21,w%,Phosphorus,,
LEEDS_c8c9797dff4c,Heavy Metals,Pb,Incredible Edible Kippax,,,,,61.1,mg/kg,Lead,,
LEEDS_c8c9797dff4c,Heavy Metals,Se,Incredible Edible Kippax,,,,,0.79,mg/kg,Selenium,,
LEEDS_c8c9797dff4c,Heavy Metals,Zr,Incredible Edible Kippax,,,,,263.28,mg/kg,Zirconium,,
LEEDS_c8c9797dff4c,Land Cover,,Incredible Edible Kippax,,,,Suburban,,,,,
LEEDS_c8c9797dff4c,Soil Parent,,Incredible Edible Kippax,ARGILLIC - ARENACEOUS,"A layered subsoil of clay, silt and sand.",HEAVY TO MEDIUM,,,,,,
LEEDS_ca245cec7a8f,Heavy Metals,As,Brookfields Allotments,,,,,24.68,mg/kg,Arsenic,,
LEEDS_ca245cec7a8f,Heavy Metals,Cd,Brookfields Allotments,,,,,0.44,mg/kg,Cadmium,,
LEEDS_ca245cec7a8f,Heavy Metals,Cu,Brookfields Allotments,,,,,50.31,mg/kg,Copper,,
LEEDS_ca245cec7a8f,Heavy Metals,Ni,Brookfields Allotments,,,,,30.94,mg/kg,Nickel,,
LEEDS_ca245cec7a8f,Heavy Metals,P2O5,Brookfields Allotments,,,,,0.29,w%,Phosphorus,,
LEEDS_ca245cec7a8f,Heavy Metals,Pb,Brookfields Allotments,,,,,98.14,mg/kg,Lead,,
LEEDS_ca245cec7a8f,Heavy Metals,Se,Brookfields Allotments,,,,,0.87,mg/kg,Selenium,,
LEEDS_ca245cec7a8f,Heavy Metals,Zr,Brookfields Allotments,,,,,311.5,mg/kg,Zirconium,,
LEEDS_ca245cec7a8f,Land Cover,,Brookfields Allotments,,,,Suburban,,,,,
LEEDS_ca245cec7a8f,Soil Parent,,Brookfields Allotments,MIXED (ARGILLIC-RUDACEOUS),"A variable clay, silt, and sand subsoil.",MEDIUM TO LIGHT(SILTY) TO HEAVY,,,,,,
LEEDS_ca245cec7a8f,Soil SOM,,Brookfields Allotments,,,,,,,,,8.9
LEEDS_ca245cec7a8f,Soil pH,,Brookfields Allotments,,,,,,,,6.31,
LEEDS_cb17a889f6d0,Heavy Metals,As,Collingham Allotments,,,,,12.45,mg/kg,Arsenic,,
LEEDS_cb17a889f6d0,Heavy Metals,Cd,Collingham Allotments,,,,,0.68,mg/kg,Cadmium,,
LEEDS_cb17a889f6d0,Heavy Metals,Cu,Collingham Allotments,,,,,19.32,mg/kg,Copper,,
LEEDS_cb17a889f6d0,Heavy Metals,Ni,Collingham Allotments,,,,,23.87,mg/kg,Nickel,,
LEEDS_cb17a889f6d0,Heavy Metals,P2O5,Collingham Allotments,,,,,0.21,w%,Phosphorus,,
LEEDS_cb17a889f6d0,Heavy Metals,Pb,Collingham Allotments,,,,,55.12,mg/kg,Lead,,
LEEDS_cb17a889f6d0,Heavy Metals,Se,Collingham Allotments,,,,,0.5,mg/kg,Selenium,,
LEEDS_cb17a889f6d0,Heavy Metals,Zr,Collingham Allotments,,,,,298.25,mg/kg,Zirconium,,
LEEDS_cb17a889f6d0,Land Cover,,Collingham Allotments,,,,Arable | Deciduous woodland,,,,,
LEEDS_cb17a889f6d0,Soil Parent,,Collingham Allotments,ARENACEOUS | MIXED (ARGILLIC-RUDACEOUS),"A sand-rich subsoil. | A variable clay, silt, and sand subsoil.",LIGHT(SILTY) TO MEDIUM(SILTY) TO HEAVY | MEDIUM TO HEAVY,,,,,,
LEEDS_cb17a889f6d0,Soil SOM,,Collingham Allotments,,,,,,,,,5.14
LEEDS_cb17a889f6d0,Soil pH,,Collingham Allotments,,,,,,,,7.05,
LEEDS_cb2979e1caab,Heavy Metals,As,University Of Leeds Sustainable Garden,,,,,29.04,mg/kg,Arsenic,,
LEEDS_cb2979e1caab,Heavy Metals,Cd,University Of Leeds Sustainable Garden,,,,,0.46,mg/kg,Cadmium,,
LEEDS_cb2979e1caab,Heavy Metals,Cu,University Of Leeds Sustainable Garden,,,,,63.62,mg/kg,Copper,,
LEEDS_cb2979e1caab,Heavy Metals,Ni,University Of Leeds Sustainable Garden,,,,,30.09,mg/kg,Nickel,,
LEEDS_cb2979e1caab,Heavy Metals,P2O5,University Of Leeds Sustainable Garden,,,,,0.29,w%,Phosphorus,,
LEEDS_cb2979e1caab,Heavy Metals,Pb,University Of Leeds Sustainable Garden,,,,,109.19,mg/kg,Lead,,
LEEDS_cb2979e1caab,Heavy Metals,Se,University Of Leeds Sustainable Garden,,,,,0.93,mg/kg,Selenium,,
LEEDS_cb2979e1caab,Heavy Metals,Zr,University Of Leeds Sustainable Garden,,,,,270.2,mg/kg,Zirconium,,
LEEDS_cb2979e1caab,Land Cover,,University Of Leeds Sustainable Garden,,,,Urban,,,,,
LEEDS_cb2979e1caab,Soil Parent,,University Of Leeds Sustainable Garden,ARGILLIC - ARENACEOUS,"A layered subsoil of clay, silt and sand.",MEDIUM TO HEAVY,,,,,,
LEEDS_cb3ba8f29167,Heavy Metals,As,Nan,,,,,22.88,mg/kg,Arsenic,,
LEEDS_cb3ba8f29167,Heavy Metals,Cd,Nan,,,,,0.61,mg/kg,Cadmium,,
LEEDS_cb3ba8f29167,Heavy Metals,Cu,Nan,,,,,38.96,mg/kg,Copper,,
LEEDS_cb3ba8f29167,Heavy Metals,Ni,Nan,,,,,24.1,mg/kg,Nickel,,
LEEDS_cb3ba8f29167,Heavy Metals,P2O5,Nan,,,,,0.23,w%,Phosphorus,,
LEEDS_cb3ba8f29167,Heavy Metals,Pb,Nan,,,,,84.79,mg/kg,Lead,,
LEEDS_cb3ba8f29167,Heavy Metals,Se,Nan,,,,,0.85,mg/kg,Selenium,,
LEEDS_cb3ba8f29167,Heavy Metals,Zr,Nan,,,,,268.55,mg/kg,Zirconium,,
LEEDS_cb3ba8f29167,Land Cover,,Nan,,,,Suburban,,,,,
LEEDS_cb3ba8f29167,Soil Parent,,Nan,ARGILLIC - ARENACEOUS,"A layered subsoil of clay, silt and sand.",HEAVY TO MEDIUM,,,,,,
LEEDS_cb3ba8f29167,Soil SOM,,Nan,,,,,,,,,3.13
LEEDS_cb3ba8f29167,Soil pH,,Nan,,,,,,,,7.05,
LEEDS_cc1b0e7ca26b,Heavy Metals,As,Maid Marian Orchard Copley Lane,,,,,28.44,mg/kg,Arsenic,,
LEEDS_cc1b0e7ca26b,Heavy Metals,Cd,Maid Marian Orchard Copley Lane,,,,,0.53,mg/kg,Cadmium,,
LEEDS_cc1b0e7ca26b,Heavy Metals,Cu,Maid Marian Orchard Copley Lane,,,,,47.05,mg/kg,Copper,,
LEEDS_cc1b0e7ca26b,Heavy Metals,Ni,Maid Marian Orchard Copley Lane,,,,,24.04,mg/kg,Nickel,,
LEEDS_cc1b0e7ca26b,Heavy Metals,P2O5,Maid Marian Orchard Copley Lane,,,,,0.27,w%,Phosphorus,,
LEEDS_cc1b0e7ca26b,Heavy Metals,Pb,Maid Marian Orchard Copley Lane,,,,,115.28,mg/kg,Lead,,
LEEDS_cc1b0e7ca26b,Heavy Metals,Se,Maid Marian Orchard Copley Lane,,,,,1.11,mg/kg,Selenium,,
LEEDS_cc1b0e7ca26b,Heavy Metals,Zr,Maid Marian Orchard Copley Lane,,,,,298.3,mg/kg,Zirconium,,
LEEDS_cc1b0e7ca26b,Land Cover,,Maid Marian Orchard Copley Lane,,,,Suburban,,,,,
LEEDS_cc1b0e7ca26b,Soil Parent,,Maid Marian Orchard Copley Lane,ARENACEOUS,A sand-rich subsoil.,MEDIUM TO HEAVY,,,,,,
LEEDS_ccb8850ebdd2,Heavy Metals,As,Armley Colour Garden,,,,,31.79,mg/kg,Arsenic,,
LEEDS_ccb8850ebdd2,Heavy Metals,Cd,Armley Colour Garden,,,,,0.42,mg/kg,Cadmium,,
LEEDS_ccb8850ebdd2,Heavy Metals,Cu,Armley Colour Garden,,,,,59.07,mg/kg,Copper,,
LEEDS_ccb8850ebdd2,Heavy Metals,Ni,Armley Colour Garden,,,,,34.53,mg/kg,Nickel,,
LEEDS_ccb8850ebdd2,Heavy Metals,P2O5,Armley Colour Garden,,,,,0.28,w%,Phosphorus,,
LEEDS_ccb8850ebdd2,Heavy Metals,Pb,Armley Colour Garden,,,,,118.82,mg/kg,Lead,,
LEEDS_ccb8850ebdd2,Heavy Metals,Se,Armley Colour Garden,,,,,0.97,mg/kg,Selenium,,
LEEDS_ccb8850ebdd2,Heavy Metals,Zr,Armley Colour Garden,,,,,280.16,mg/kg,Zirconium,,
LEEDS_ccb8850ebdd2,Land Cover,,Armley Colour Garden,,,,Deciduous woodland,,,,,
LEEDS_ccb8850ebdd2,Soil Parent,,Armley Colour Garden,ARGILLIC - ARENACEOUS,"A layered subsoil of clay, silt and sand.",ALL,,,,,,
LEEDS_cd7fefe160cd,Heavy Metals,As,*Name Unavailable,,,,,9.28,mg/kg,Arsenic,,
LEEDS_cd7fefe160cd,Heavy Metals,Cd,*Name Unavailable,,,,,0.43,mg/kg,Cadmium,,
LEEDS_cd7fefe160cd,Heavy Metals,Cu,*Name Unavailable,,,,,17.88,mg/kg,Copper,,
LEEDS_cd7fefe160cd,Heavy Metals,Ni,*Name Unavailable,,,,,20.25,mg/kg,Nickel,,
LEEDS_cd7fefe160cd,Heavy Metals,P2O5,*Name Unavailable,,,,,0.19,w%,Phosphorus,,
LEEDS_cd7fefe160cd,Heavy Metals,Pb,*Name Unavailable,,,,,47.93,mg/kg,Lead,,
LEEDS_cd7fefe160cd,Heavy Metals,Se,*Name Unavailable,,,,,0.66,mg/kg,Selenium,,
LEEDS_cd7fefe160cd,Heavy Metals,Zr,*Name Unavailable,,,,,290.41,mg/kg,Zirconium,,
LEEDS_cd7fefe160cd,Land Cover,,*Name Unavailable,,,,Improve grassland | Suburban,,,,,
LEEDS_cd7fefe160cd,Soil Parent,,*Name Unavailable,MIXED (ARGILLIC-RUDACEOUS),"A variable clay, silt, and sand subsoil.",MEDIUM TO HEAVY,,,,,,
LEEDS_cd7fefe160cd,Soil SOM,,*Name Unavailable,,,,,,,,,8.19
LEEDS_cd7fefe160cd,Soil pH,,*Name Unavailable,,,,,,,,6.72,
LEEDS_cddac03010c3,Heavy Metals,As,Marshall Street Allotments,,,,,33.37,mg/kg,Arsenic,,
LEEDS_cddac03010c3,Heavy Metals,Cd,Marshall Street Allotments,,,,,0.49,mg/kg,Cadmium,,
LEEDS_cddac03010c3,Heavy Metals,Cu,Marshall Street Allotments,,,,,60.98,mg/kg,Copper,,
LEEDS_cddac03010c3,Heavy Metals,Ni,Marshall Street Allotments,,,,,33.08,mg/kg,Nickel,,
LEEDS_cddac03010c3,Heavy Metals,P2O5,Marshall Street Allotments,,,,,0.35,w%,Phosphorus,,
LEEDS_cddac03010c3,Heavy Metals,Pb,Marshall Street Allotments,,,,,99.75,mg/kg,Lead,,
LEEDS_cddac03010c3,Heavy Metals,Se,Marshall Street Allotments,,,,,0.93,mg/kg,Selenium,,
LEEDS_cddac03010c3,Heavy Metals,Zr,Marshall Street Allotments,,,,,265.29,mg/kg,Zirconium,,
LEEDS_cddac03010c3,Land Cover,,Marshall Street Allotments,,,,Urban | Suburban,,,,,
LEEDS_cddac03010c3,Soil Parent,,Marshall Street Allotments,ARENACEOUS,A sand-rich subsoil.,MEDIUM TO HEAVY,,,,,,
LEEDS_ce79874856b1,Heavy Metals,As,Food Garden,,,,,16.37,mg/kg,Arsenic,,
LEEDS_ce79874856b1,Heavy Metals,Cd,Food Garden,,,,,0.49,mg/kg,Cadmium,,
LEEDS_ce79874856b1,Heavy Metals,Cu,Food Garden,,,,,29.1,mg/kg,Copper,,
LEEDS_ce79874856b1,Heavy Metals,Ni,Food Garden,,,,,24.09,mg/kg,Nickel,,
LEEDS_ce79874856b1,Heavy Metals,P2O5,Food Garden,,,,,0.26,w%,Phosphorus,,
LEEDS_ce79874856b1,Heavy Metals,Pb,Food Garden,,,,,85.46,mg/kg,Lead,,
LEEDS_ce79874856b1,Heavy Metals,Se,Food Garden,,,,,0.94,mg/kg,Selenium,,
LEEDS_ce79874856b1,Heavy Metals,Zr,Food Garden,,,,,264.43,mg/kg,Zirconium,,
LEEDS_ce79874856b1,Land Cover,,Food Garden,,,,Suburban,,,,,
LEEDS_ce79874856b1,Soil Parent,,Food Garden,MIXED (ARGILLIC-RUDACEOUS),"A variable clay, silt, and sand subsoil.",MEDIUM TO LIGHT(SILTY) TO HEAVY,,,,,,
LEEDS_cea8f39e0d48,Heavy Metals,As,Western Flatts Cliff Park Community Orchard,,,,,32.05,mg/kg,Arsenic,,
LEEDS_cea8f39e0d48,Heavy Metals,Cd,Western Flatts Cliff Park Community Orchard,,,,,0.52,mg/kg,Cadmium,,
LEEDS_cea8f39e0d48,Heavy Metals,Cu,Western Flatts Cliff Park Community Orchard,,,,,53.45,mg/kg,Copper,,
LEEDS_cea8f39e0d48,Heavy Metals,Ni,Western Flatts Cliff Park Community Orchard,,,,,25.56,mg/kg,Nickel,,
LEEDS_cea8f39e0d48,Heavy Metals,P2O5,Western Flatts Cliff Park Community Orchard,,,,,0.33,w%,Phosphorus,,
LEEDS_cea8f39e0d48,Heavy Metals,Pb,Western Flatts Cliff Park Community Orchard,,,,,116.33,mg/kg,Lead,,
LEEDS_cea8f39e0d48,Heavy Metals,Se,Western Flatts Cliff Park Community Orchard,,,,,1.03,mg/kg,Selenium,,
LEEDS_cea8f39e0d48,Heavy Metals,Zr,Western Flatts Cliff Park Community Orchard,,,,,236.73,mg/kg,Zirconium,,
LEEDS_cea8f39e0d48,Land Cover,,Western Flatts Cliff Park Community Orchard,,,,Suburban,,,,,
LEEDS_cea8f39e0d48,Soil Parent,,Western Flatts Cliff Park Community Orchard,ARGILLIC - ARENACEOUS,"A layered subsoil of clay, silt and sand.",MEDIUM TO HEAVY,,,,,,
LEEDS_cfeac49216d6,Heavy Metals,As,Hollybush Conservation Centre,,,,,25.32,mg/kg,Arsenic,,
LEEDS_cfeac49216d6,Heavy Metals,Cd,Hollybush Conservation Centre,,,,,0.58,mg/kg,Cadmium,,
LEEDS_cfeac49216d6,Heavy Metals,Cu,Hollybush Conservation Centre,,,,,40.77,mg/kg,Copper,,
LEEDS_cfeac49216d6,Heavy Metals,Ni,Hollybush Conservation Centre,,,,,36.22,mg/kg,Nickel,,
LEEDS_cfeac49216d6,Heavy Metals,P2O5,Hollybush Conservation Centre,,,,,0.42,w%,Phosphorus,,
LEEDS_cfeac49216d6,Heavy Metals,Pb,Hollybush Conservation Centre,,,,,100.55,mg/kg,Lead,,
LEEDS_cfeac49216d6,Heavy Metals,Se,Hollybush Conservation Centre,,,,,1.08,mg/kg,Selenium,,
LEEDS_cfeac49216d6,Heavy Metals,Zr,Hollybush Conservation Centre,,,,,314.12,mg/kg,Zirconium,,
LEEDS_cfeac49216d6,Land Cover,,Hollybush Conservation Centre,,,,Urban,,,,,
LEEDS_cfeac49216d6,Soil Parent,,Hollybush Conservation Centre,MIXED (ARGILLIC-RUDACEOUS),"A variable clay, silt, and sand subsoil.",MEDIUM TO LIGHT(SILTY) TO HEAVY,,,,,,
LEEDS_cffa41f13d17,Heavy Metals,As,Lady Pit Lane Allotments,,,,,33.55,mg/kg,Arsenic,,
LEEDS_cffa41f13d17,Heavy Metals,Cd,Lady Pit Lane Allotments,,,,,0.51,mg/kg,Cadmium,,
LEEDS_cffa41f13d17,Heavy Metals,Cu,Lady Pit Lane Allotments,,,,,54.56,mg/kg,Copper,,
LEEDS_cffa41f13d17,Heavy Metals,Ni,Lady Pit Lane Allotments,,,,,31.4,mg/kg,Nickel,,
LEEDS_cffa41f13d17,Heavy Metals,P2O5,Lady Pit Lane Allotments,,,,,0.33,w%,Phosphorus,,
LEEDS_cffa41f13d17,Heavy Metals,Pb,Lady Pit Lane Allotments,,,,,106.24,mg/kg,Lead,,
LEEDS_cffa41f13d17,Heavy Metals,Se,Lady Pit Lane Allotments,,,,,1.0,mg/kg,Selenium,,
LEEDS_cffa41f13d17,Heavy Metals,Zr,Lady Pit Lane Allotments,,,,,235.27,mg/kg,Zirconium,,
LEEDS_cffa41f13d17,Land Cover,,Lady Pit Lane Allotments,,,,Urban | Improve grassland | Suburban,,,,,
LEEDS_cffa41f13d17,Soil Parent,,Lady Pit Lane Allotments,ARGILLIC - ARENACEOUS | ARENACEOUS - RUDACEOUS,"A layered subsoil of clay, silt and sand. | A layered subsoil of sand and gravel.",MEDIUM TO HEAVY | LIGHT(SANDY) TO MEDIUM(SANDY),,,,,,
LEEDS_d1641b9d7d7c,Heavy Metals,As,Cottingley X,,,,,50.87,mg/kg,Arsenic,,
LEEDS_d1641b9d7d7c,Heavy Metals,Cd,Cottingley X,,,,,0.58,mg/kg,Cadmium,,
LEEDS_d1641b9d7d7c,Heavy Metals,Cu,Cottingley X,,,,,67.13,mg/kg,Copper,,
LEEDS_d1641b9d7d7c,Heavy Metals,Ni,Cottingley X,,,,,34.18,mg/kg,Nickel,,
LEEDS_d1641b9d7d7c,Heavy Metals,P2O5,Cottingley X,,,,,0.36,w%,Phosphorus,,
LEEDS_d1641b9d7d7c,Heavy Metals,Pb,Cottingley X,,,,,123.0,mg/kg,Lead,,
LEEDS_d1641b9d7d7c,Heavy Metals,Se,Cottingley X,,,,,1.01,mg/kg,Selenium,,
LEEDS_d1641b9d7d7c,Heavy Metals,Zr,Cottingley X,,,,,212.04,mg/kg,Zirconium,,
LEEDS_d1641b9d7d7c,Land Cover,,Cottingley X,,,,Suburban,,,,,
LEEDS_d1641b9d7d7c,Soil Parent,,Cottingley X,ARGILLIC - ARENACEOUS,"A layered subsoil of clay, silt and sand.",MEDIUM TO HEAVY,,,,,,
LEEDS_d496d6da25ac,Heavy Metals,As,Meanwood Community Centre Orchard,,,,,19.94,mg/kg,Arsenic,,
LEEDS_d496d6da25ac,Heavy Metals,Cd,Meanwood Community Centre Orchard,,,,,0.35,mg/kg,Cadmium,,
LEEDS_d496d6da25ac,Heavy Metals,Cu,Meanwood Community Centre Orchard,,,,,33.36,mg/kg,Copper,,
LEEDS_d496d6da25ac,Heavy Metals,Ni,Meanwood Community Centre Orchard,,,,,28.19,mg/kg,Nickel,,
LEEDS_d496d6da25ac,Heavy Metals,P2O5,Meanwood Community Centre Orchard,,,,,0.27,w%,Phosphorus,,
LEEDS_d496d6da25ac,Heavy Metals,Pb,Meanwood Community Centre Orchard,,,,,88.32,mg/kg,Lead,,
LEEDS_d496d6da25ac,Heavy Metals,Se,Meanwood Community Centre Orchard,,,,,0.87,mg/kg,Selenium,,
LEEDS_d496d6da25ac,Heavy Metals,Zr,Meanwood Community Centre Orchard,,,,,281.94,mg/kg,Zirconium,,
LEEDS_d496d6da25ac,Land Cover,,Meanwood Community Centre Orchard,,,,Suburban,,,,,
LEEDS_d496d6da25ac,Soil Parent,,Meanwood Community Centre Orchard,ARENACEOUS,A sand-rich subsoil.,LIGHT(SILTY) TO MEDIUM(SILTY) TO HEAVY,,,,,,
LEEDS_d4d023dfb7cd,Heavy Metals,As,Telford Terrace Allotments,,,,,28.15,mg/kg,Arsenic,,
LEEDS_d4d023dfb7cd,Heavy Metals,Cd,Telford Terrace Allotments,,,,,0.51,mg/kg,Cadmium,,
LEEDS_d4d023dfb7cd,Heavy Metals,Cu,Telford Terrace Allotments,,,,,52.09,mg/kg,Copper,,
LEEDS_d4d023dfb7cd,Heavy Metals,Ni,Telford Terrace Allotments,,,,,27.38,mg/kg,Nickel,,
LEEDS_d4d023dfb7cd,Heavy Metals,P2O5,Telford Terrace Allotments,,,,,0.33,w%,Phosphorus,,
LEEDS_d4d023dfb7cd,Heavy Metals,Pb,Telford Terrace Allotments,,,,,118.16,mg/kg,Lead,,
LEEDS_d4d023dfb7cd,Heavy Metals,Se,Telford Terrace Allotments,,,,,1.01,mg/kg,Selenium,,
LEEDS_d4d023dfb7cd,Heavy Metals,Zr,Telford Terrace Allotments,,,,,250.39,mg/kg,Zirconium,,
LEEDS_d4d023dfb7cd,Land Cover,,Telford Terrace Allotments,,,,Improve grassland | Urban | Suburban,,,,,
LEEDS_d4d023dfb7cd,Soil Parent,,Telford Terrace Allotments,ARENACEOUS,A sand-rich subsoil.,MEDIUM TO HEAVY,,,,,,
LEEDS_d57c1be6e338,Heavy Metals,As,Bird Cage Walk Allotments East Birdcage,,,,,11.56,mg/kg,Arsenic,,
LEEDS_d57c1be6e338,Heavy Metals,Cd,Bird Cage Walk Allotments East Birdcage,,,,,0.7,mg/kg,Cadmium,,
LEEDS_d57c1be6e338,Heavy Metals,Cu,Bird Cage Walk Allotments East Birdcage,,,,,42.93,mg/kg,Copper,,
LEEDS_d57c1be6e338,Heavy Metals,Ni,Bird Cage Walk Allotments East Birdcage,,,,,9.54,mg/kg,Nickel,,
LEEDS_d57c1be6e338,Heavy Metals,P2O5,Bird Cage Walk Allotments East Birdcage,,,,,0.24,w%,Phosphorus,,
LEEDS_d57c1be6e338,Heavy Metals,Pb,Bird Cage Walk Allotments East Birdcage,,,,,124.35,mg/kg,Lead,,
LEEDS_d57c1be6e338,Heavy Metals,Se,Bird Cage Walk Allotments East Birdcage,,,,,1.14,mg/kg,Selenium,,
LEEDS_d57c1be6e338,Heavy Metals,Zr,Bird Cage Walk Allotments East Birdcage,,,,,239.12,mg/kg,Zirconium,,
LEEDS_d57c1be6e338,Land Cover,,Bird Cage Walk Allotments East Birdcage,,,,Suburban | Deciduous woodland,,,,,
LEEDS_d57c1be6e338,Soil Parent,,Bird Cage Walk Allotments East Birdcage,MIXED (ARGILLIC-RUDACEOUS),"A variable clay, silt, and sand subsoil.",MEDIUM TO LIGHT(SILTY),,,,,,
LEEDS_d57c1be6e338,Soil SOM,,Bird Cage Walk Allotments East Birdcage,,,,,,,,,16.67
LEEDS_d57c1be6e338,Soil pH,,Bird Cage Walk Allotments East Birdcage,,,,,,,,5.5,
LEEDS_d9d543ee4491,Heavy Metals,As,Chapel Allerton Composting In The Park,,,,,17.76,mg/kg,Arsenic,,
LEEDS_d9d543ee4491,Heavy Metals,Cd,Chapel Allerton Composting In The Park,,,,,0.45,mg/kg,Cadmium,,
LEEDS_d9d543ee4491,Heavy Metals,Cu,Chapel Allerton Composting In The Park,,,,,25.83,mg/kg,Copper,,
LEEDS_d9d543ee4491,Heavy Metals,Ni,Chapel Allerton Composting In The Park,,,,,22.64,mg/kg,Nickel,,
LEEDS_d9d543ee4491,Heavy Metals,P2O5,Chapel Allerton Composting In The Park,,,,,0.27,w%,Phosphorus,,
LEEDS_d9d543ee4491,Heavy Metals,Pb,Chapel Allerton Composting In The Park,,,,,81.5,mg/kg,Lead,,
LEEDS_d9d543ee4491,Heavy Metals,Se,Chapel Allerton Composting In The Park,,,,,0.79,mg/kg,Selenium,,
LEEDS_d9d543ee4491,Heavy Metals,Zr,Chapel Allerton Composting In The Park,,,,,250.95,mg/kg,Zirconium,,
LEEDS_d9d543ee4491,Land Cover,,Chapel Allerton Composting In The Park,,,,Suburban,,,,,
LEEDS_d9d543ee4491,Soil Parent,,Chapel Allerton Composting In The Park,ARENACEOUS,A sand-rich subsoil.,LIGHT(SILTY) TO MEDIUM(SILTY),,,,,,
LEEDS_da7fd6c4a6ea,Heavy Metals,As,St Stephens Well Community Garden,,,,,24.07,mg/kg,Arsenic,,
LEEDS_da7fd6c4a6ea,Heavy Metals,Cd,St Stephens Well Community Garden,,,,,0.54,mg/kg,Cadmium,,
LEEDS_da7fd6c4a6ea,Heavy Metals,Cu,St Stephens Well Community Garden,,,,,37.28,mg/kg,Copper,,
LEEDS_da7fd6c4a6ea,Heavy Metals,Ni,St Stephens Well Community Garden,,,,,34.03,mg/kg,Nickel,,
LEEDS_da7fd6c4a6ea,Heavy Metals,P2O5,St Stephens Well Community Garden,,,,,0.34,w%,Phosphorus,,
LEEDS_da7fd6c4a6ea,Heavy Metals,Pb,St Stephens Well Community Garden,,,,,86.16,mg/kg,Lead,,
LEEDS_da7fd6c4a6ea,Heavy Metals,Se,St Stephens Well Community Garden,,,,,1.02,mg/kg,Selenium,,
LEEDS_da7fd6c4a6ea,Heavy Metals,Zr,St Stephens Well Community Garden,,,,,286.21,mg/kg,Zirconium,,
LEEDS_da7fd6c4a6ea,Land Cover,,St Stephens Well Community Garden,,,,Suburban | Urban,,,,,
LEEDS_da7fd6c4a6ea,Soil Parent,,St Stephens Well Community Garden,ARGILLIC - ARENACEOUS,"A layered subsoil of clay, silt and sand.",ALL,,,,,,
LEEDS_da851de1d72c,Heavy Metals,As,Dartmouth Park Community Orchard,,,,,14.7,mg/kg,Arsenic,,
LEEDS_da851de1d72c,Heavy Metals,Cd,Dartmouth Park Community Orchard,,,,,0.48,mg/kg,Cadmium,,
LEEDS_da851de1d72c,Heavy Metals,Cu,Dartmouth Park Community Orchard,,,,,43.73,mg/kg,Copper,,
LEEDS_da851de1d72c,Heavy Metals,Ni,Dartmouth Park Community Orchard,,,,,27.07,mg/kg,Nickel,,
LEEDS_da851de1d72c,Heavy Metals,P2O5,Dartmouth Park Community Orchard,,,,,0.36,w%,Phosphorus,,
LEEDS_da851de1d72c,Heavy Metals,Pb,Dartmouth Park Community Orchard,,,,,58.31,mg/kg,Lead,,
LEEDS_da851de1d72c,Heavy Metals,Se,Dartmouth Park Community Orchard,,,,,0.9,mg/kg,Selenium,,
LEEDS_da851de1d72c,Heavy Metals,Zr,Dartmouth Park Community Orchard,,,,,313.52,mg/kg,Zirconium,,
LEEDS_da851de1d72c,Land Cover,,Dartmouth Park Community Orchard,,,,Suburban,,,,,
LEEDS_da851de1d72c,Soil Parent,,Dartmouth Park Community Orchard,ARENACEOUS,A sand-rich subsoil.,MEDIUM TO HEAVY,,,,,,
LEEDS_da851de1d72c,Soil SOM,,Dartmouth Park Community Orchard,,,,,,,,,8.19
LEEDS_da851de1d72c,Soil pH,,Dartmouth Park Community Orchard,,,,,,,,6.07,
LEEDS_dbbd1c29d1bd,Heavy Metals,As,Gardening Volunteers Group,,,,,25.63,mg/kg,Arsenic,,
LEEDS_dbbd1c29d1bd,Heavy Metals,Cd,Gardening Volunteers Group,,,,,0.41,mg/kg,Cadmium,,
LEEDS_dbbd1c29d1bd,Heavy Metals,Cu,Gardening Volunteers Group,,,,,52.74,mg/kg,Copper,,
LEEDS_dbbd1c29d1bd,Heavy Metals,Ni,Gardening Volunteers Group,,,,,21.94,mg/kg,Nickel,,
LEEDS_dbbd1c29d1bd,Heavy Metals,P2O5,Gardening Volunteers Group,,,,,0.3,w%,Phosphorus,,
LEEDS_dbbd1c29d1bd,Heavy Metals,Pb,Gardening Volunteers Group,,,,,116.59,mg/kg,Lead,,
LEEDS_dbbd1c29d1bd,Heavy Metals,Se,Gardening Volunteers Group,,,,,0.91,mg/kg,Selenium,,
LEEDS_dbbd1c29d1bd,Heavy Metals,Zr,Gardening Volunteers Group,,,,,273.78,mg/kg,Zirconium,,
LEEDS_dbbd1c29d1bd,Land Cover,,Gardening Volunteers Group,,,,Urban,,,,,
LEEDS_dbbd1c29d1bd,Soil Parent,,Gardening Volunteers Group,ARGILLIC - ARENACEOUS,"A layered subsoil of clay, silt and sand.",MEDIUM TO HEAVY,,,,,,
LEEDS_dbdb4da7aa27,Heavy Metals,As,Padstow Gardens,,,,,24.22,mg/kg,Arsenic,,
LEEDS_dbdb4da7aa27,Heavy Metals,Cd,Padstow Gardens,,,,,0.61,mg/kg,Cadmium,,
LEEDS_dbdb4da7aa27,Heavy Metals,Cu,Padstow Gardens,,,,,56.1,mg/kg,Copper,,
LEEDS_dbdb4da7aa27,Heavy Metals,Ni,Padstow Gardens,,,,,30.35,mg/kg,Nickel,,
LEEDS_dbdb4da7aa27,Heavy Metals,P2O5,Padstow Gardens,,,,,0.36,w%,Phosphorus,,
LEEDS_dbdb4da7aa27,Heavy Metals,Pb,Padstow Gardens,,,,,114.6,mg/kg,Lead,,
LEEDS_dbdb4da7aa27,Heavy Metals,Se,Padstow Gardens,,,,,1.08,mg/kg,Selenium,,
LEEDS_dbdb4da7aa27,Heavy Metals,Zr,Padstow Gardens,,,,,246.81,mg/kg,Zirconium,,
LEEDS_dbdb4da7aa27,Land Cover,,Padstow Gardens,,,,Suburban,,,,,
LEEDS_dbdb4da7aa27,Soil Parent,,Padstow Gardens,ARENACEOUS,A sand-rich subsoil.,MEDIUM TO HEAVY,,,,,,
LEEDS_dbdb4da7aa27,Soil SOM,,Padstow Gardens,,,,,,,,,8.19
LEEDS_dbdb4da7aa27,Soil pH,,Padstow Gardens,,,,,,,,6.07,
LEEDS_dc22c3fccb65,Heavy Metals,As,Incredible Edible Raised Beds,,,,,17.63,mg/kg,Arsenic,,
LEEDS_dc22c3fccb65,Heavy Metals,Cd,Incredible Edible Raised Beds,,,,,0.48,mg/kg,Cadmium,,
LEEDS_dc22c3fccb65,Heavy Metals,Cu,Incredible Edible Raised Beds,,,,,20.26,mg/kg,Copper,,
LEEDS_dc22c3fccb65,Heavy Metals,Ni,Incredible Edible Raised Beds,,,,,28.52,mg/kg,Nickel,,
LEEDS_dc22c3fccb65,Heavy Metals,P2O5,Incredible Edible Raised Beds,,,,,0.21,w%,Phosphorus,,
LEEDS_dc22c3fccb65,Heavy Metals,Pb,Incredible Edible Raised Beds,,,,,55.81,mg/kg,Lead,,
LEEDS_dc22c3fccb65,Heavy Metals,Se,Incredible Edible Raised Beds,,,,,0.67,mg/kg,Selenium,,
LEEDS_dc22c3fccb65,Heavy Metals,Zr,Incredible Edible Raised Beds,,,,,320.39,mg/kg,Zirconium,,
LEEDS_dc22c3fccb65,Land Cover,,Incredible Edible Raised Beds,,,,Suburban,,,,,
LEEDS_dc22c3fccb65,Soil Parent,,Incredible Edible Raised Beds,ARGILLIC - ARENACEOUS,"A layered subsoil of clay, silt and sand.",MEDIUM TO HEAVY,,,,,,
LEEDS_dc5a8dbf419d,Heavy Metals,As,*Name Unavailable,,,,,13.1,mg/kg,Arsenic,,
LEEDS_dc5a8dbf419d,Heavy Metals,Cd,*Name Unavailable,,,,,0.81,mg/kg,Cadmium,,
LEEDS_dc5a8dbf419d,Heavy Metals,Cu,*Name Unavailable,,,,,30.41,mg/kg,Copper,,
LEEDS_dc5a8dbf419d,Heavy Metals,Ni,*Name Unavailable,,,,,25.8,mg/kg,Nickel,,
LEEDS_dc5a8dbf419d,Heavy Metals,P2O5,*Name Unavailable,,,,,0.31,w%,Phosphorus,,
LEEDS_dc5a8dbf419d,Heavy Metals,Pb,*Name Unavailable,,,,,95.59,mg/kg,Lead,,
LEEDS_dc5a8dbf419d,Heavy Metals,Se,*Name Unavailable,,,,,1.25,mg/kg,Selenium,,
LEEDS_dc5a8dbf419d,Heavy Metals,Zr,*Name Unavailable,,,,,256.49,mg/kg,Zirconium,,
LEEDS_dc5a8dbf419d,Land Cover,,*Name Unavailable,,,,Improve grassland | Suburban,,,,,
LEEDS_dc5a8dbf419d,Soil Parent,,*Name Unavailable,MIXED (ARGILLIC-RUDACEOUS),"A variable clay, silt, and sand subsoil.",MEDIUM TO LIGHT(SILTY) TO HEAVY,,,,,,
LEEDS_dcfb9416b5b2,Heavy Metals,As,Incredible Edible Garforth,,,,,16.73,mg/kg,Arsenic,,
LEEDS_dcfb9416b5b2,Heavy Metals,Cd,Incredible Edible Garforth,,,,,0.49,mg/kg,Cadmium,,
LEEDS_dcfb9416b5b2,Heavy Metals,Cu,Incredible Edible Garforth,,,,,20.28,mg/kg,Copper,,
LEEDS_dcfb9416b5b2,Heavy Metals,Ni,Incredible Edible Garforth,,,,,25.43,mg/kg,Nickel,,
LEEDS_dcfb9416b5b2,Heavy Metals,P2O5,Incredible Edible Garforth,,,,,0.21,w%,Phosphorus,,
LEEDS_dcfb9416b5b2,Heavy Metals,Pb,Incredible Edible Garforth,,,,,56.79,mg/kg,Lead,,
LEEDS_dcfb9416b5b2,Heavy Metals,Se,Incredible Edible Garforth,,,,,0.7,mg/kg,Selenium,,
LEEDS_dcfb9416b5b2,Heavy Metals,Zr,Incredible Edible Garforth,,,,,317.12,mg/kg,Zirconium,,
LEEDS_dcfb9416b5b2,Land Cover,,Incredible Edible Garforth,,,,Suburban,,,,,
LEEDS_dcfb9416b5b2,Soil Parent,,Incredible Edible Garforth,ARENACEOUS,A sand-rich subsoil.,MEDIUM TO HEAVY,,,,,,
LEEDS_dd58908d6ced,Heavy Metals,As,Featherbank Lane Community Orchard,,,,,19.82,mg/kg,Arsenic,,
LEEDS_dd58908d6ced,Heavy Metals,Cd,Featherbank Lane Community Orchard,,,,,0.44,mg/kg,Cadmium,,
LEEDS_dd58908d6ced,Heavy Metals,Cu,Featherbank Lane Community Orchard,,,,,55.88,mg/kg,Copper,,
LEEDS_dd58908d6ced,Heavy Metals,Ni,Featherbank Lane Community Orchard,,,,,27.92,mg/kg,Nickel,,
LEEDS_dd58908d6ced,Heavy Metals,P2O5,Featherbank Lane Community Orchard,,,,,0.28,w%,Phosphorus,,
LEEDS_dd58908d6ced,Heavy Metals,Pb,Featherbank Lane Community Orchard,,,,,100.2,mg/kg,Lead,,
LEEDS_dd58908d6ced,Heavy Metals,Se,Featherbank Lane Community Orchard,,,,,0.91,mg/kg,Selenium,,
LEEDS_dd58908d6ced,Heavy Metals,Zr,Featherbank Lane Community Orchard,,,,,334.76,mg/kg,Zirconium,,
LEEDS_dd58908d6ced,Land Cover,,Featherbank Lane Community Orchard,,,,Suburban,,,,,
LEEDS_dd58908d6ced,Soil Parent,,Featherbank Lane Community Orchard,MIXED (ARGILLIC-RUDACEOUS),"A variable clay, silt, and sand subsoil.",MEDIUM TO LIGHT(SILTY) TO HEAVY,,,,,,
LEEDS_ddb181c44382,Heavy Metals,As,Gelderd Road Allotments,,,,,17.15,mg/kg,Arsenic,,
LEEDS_ddb181c44382,Heavy Metals,Cd,Gelderd Road Allotments,,,,,0.48,mg/kg,Cadmium,,
LEEDS_ddb181c44382,Heavy Metals,Cu,Gelderd Road Allotments,,,,,45.45,mg/kg,Copper,,
LEEDS_ddb181c44382,Heavy Metals,Ni,Gelderd Road Allotments,,,,,36.87,mg/kg,Nickel,,
LEEDS_ddb181c44382,Heavy Metals,P2O5,Gelderd Road Allotments,,,,,0.35,w%,Phosphorus,,
LEEDS_ddb181c44382,Heavy Metals,Pb,Gelderd Road Allotments,,,,,71.47,mg/kg,Lead,,
LEEDS_ddb181c44382,Heavy Metals,Se,Gelderd Road Allotments,,,,,1.03,mg/kg,Selenium,,
LEEDS_ddb181c44382,Heavy Metals,Zr,Gelderd Road Allotments,,,,,219.7,mg/kg,Zirconium,,
LEEDS_ddb181c44382,Land Cover,,Gelderd Road Allotments,,,,Suburban,,,,,
LEEDS_ddb181c44382,Soil Parent,,Gelderd Road Allotments,ARGILLIC - ARENACEOUS,"A layered subsoil of clay, silt and sand.",MEDIUM TO HEAVY,,,,,,
LEEDS_ddf3ca5a199b,Heavy Metals,As,Ouzlewell Orchard,,,,,29.33,mg/kg,Arsenic,,
LEEDS_ddf3ca5a199b,Heavy Metals,Cd,Ouzlewell Orchard,,,,,0.64,mg/kg,Cadmium,,
LEEDS_ddf3ca5a199b,Heavy Metals,Cu,Ouzlewell Orchard,,,,,52.45,mg/kg,Copper,,
LEEDS_ddf3ca5a199b,Heavy Metals,Ni,Ouzlewell Orchard,,,,,27.43,mg/kg,Nickel,,
LEEDS_ddf3ca5a199b,Heavy Metals,P2O5,Ouzlewell Orchard,,,,,0.28,w%,Phosphorus,,
LEEDS_ddf3ca5a199b,Heavy Metals,Pb,Ouzlewell Orchard,,,,,113.55,mg/kg,Lead,,
LEEDS_ddf3ca5a199b,Heavy Metals,Se,Ouzlewell Orchard,,,,,1.21,mg/kg,Selenium,,
LEEDS_ddf3ca5a199b,Heavy Metals,Zr,Ouzlewell Orchard,,,,,230.6,mg/kg,Zirconium,,
LEEDS_ddf3ca5a199b,Land Cover,,Ouzlewell Orchard,,,,Deciduous woodland,,,,,
LEEDS_ddf3ca5a199b,Soil Parent,,Ouzlewell Orchard,ARGILLIC - ARENACEOUS,"A layered subsoil of clay, silt and sand.",HEAVY TO MEDIUM,,,,,,
LEEDS_ddf3ca5a199b,Soil SOM,,Ouzlewell Orchard,,,,,,,,,5.14
LEEDS_ddf3ca5a199b,Soil pH,,Ouzlewell Orchard,,,,,,,,7.05,
LEEDS_de3988a0c15b,Heavy Metals,As,Kentmere Community Centre,,,,,13.03,mg/kg,Arsenic,,
LEEDS_de3988a0c15b,Heavy Metals,Cd,Kentmere Community Centre,,,,,0.3,mg/kg,Cadmium,,
LEEDS_de3988a0c15b,Heavy Metals,Cu,Kentmere Community Centre,,,,,22.1,mg/kg,Copper,,
LEEDS_de3988a0c15b,Heavy Metals,Ni,Kentmere Community Centre,,,,,32.43,mg/kg,Nickel,,
LEEDS_de3988a0c15b,Heavy Metals,P2O5,Kentmere Community Centre,,,,,0.21,w%,Phosphorus,,
LEEDS_de3988a0c15b,Heavy Metals,Pb,Kentmere Community Centre,,,,,66.39,mg/kg,Lead,,
LEEDS_de3988a0c15b,Heavy Metals,Se,Kentmere Community Centre,,,,,0.52,mg/kg,Selenium,,
LEEDS_de3988a0c15b,Heavy Metals,Zr,Kentmere Community Centre,,,,,167.28,mg/kg,Zirconium,,
LEEDS_de3988a0c15b,Land Cover,,Kentmere Community Centre,,,,Suburban,,,,,
LEEDS_de3988a0c15b,Soil Parent,,Kentmere Community Centre,ARGILLIC - ARENACEOUS,"A layered subsoil of clay, silt and sand.",MEDIUM TO HEAVY,,,,,,
LEEDS_de932a84dc6e,Heavy Metals,As,St Lukes Community Garden And Orchard,,,,,12.55,mg/kg,Arsenic,,
LEEDS_de932a84dc6e,Heavy Metals,Cd,St Lukes Community Garden And Orchard,,,,,0.25,mg/kg,Cadmium,,
LEEDS_de932a84dc6e,Heavy Metals,Cu,St Lukes Community Garden And Orchard,,,,,24.08,mg/kg,Copper,,
LEEDS_de932a84dc6e,Heavy Metals,Ni,St Lukes Community Garden And Orchard,,,,,40.21,mg/kg,Nickel,,
LEEDS_de932a84dc6e,Heavy Metals,P2O5,St Lukes Community Garden And Orchard,,,,,0.16,w%,Phosphorus,,
LEEDS_de932a84dc6e,Heavy Metals,Pb,St Lukes Community Garden And Orchard,,,,,60.32,mg/kg,Lead,,
LEEDS_de932a84dc6e,Heavy Metals,Se,St Lukes Community Garden And Orchard,,,,,0.42,mg/kg,Selenium,,
LEEDS_de932a84dc6e,Heavy Metals,Zr,St Lukes Community Garden And Orchard,,,,,138.87,mg/kg,Zirconium,,
LEEDS_de932a84dc6e,Land Cover,,St Lukes Community Garden And Orchard,,,,Suburban,,,,,
LEEDS_de932a84dc6e,Soil Parent,,St Lukes Community Garden And Orchard,ARGILLIC - ARENACEOUS,"A layered subsoil of clay, silt and sand.",MEDIUM TO HEAVY,,,,,,
LEEDS_df69b203092c,Heavy Metals,As,Incredible Edible Raised Beds,,,,,28.43,mg/kg,Arsenic,,
LEEDS_df69b203092c,Heavy Metals,Cd,Incredible Edible Raised Beds,,,,,0.48,mg/kg,Cadmium,,
LEEDS_df69b203092c,Heavy Metals,Cu,Incredible Edible Raised Beds,,,,,50.32,mg/kg,Copper,,
LEEDS_df69b203092c,Heavy Metals,Ni,Incredible Edible Raised Beds,,,,,35.8,mg/kg,Nickel,,
LEEDS_df69b203092c,Heavy Metals,P2O5,Incredible Edible Raised Beds,,,,,0.35,w%,Phosphorus,,
LEEDS_df69b203092c,Heavy Metals,Pb,Incredible Edible Raised Beds,,,,,75.53,mg/kg,Lead,,
LEEDS_df69b203092c,Heavy Metals,Se,Incredible Edible Raised Beds,,,,,0.94,mg/kg,Selenium,,
LEEDS_df69b203092c,Heavy Metals,Zr,Incredible Edible Raised Beds,,,,,250.45,mg/kg,Zirconium,,
LEEDS_df69b203092c,Land Cover,,Incredible Edible Raised Beds,,,,Suburban,,,,,
LEEDS_df69b203092c,Soil Parent,,Incredible Edible Raised Beds,ARENACEOUS,A sand-rich subsoil.,MEDIUM TO HEAVY,,,,,,
LEEDS_dfd0323d51ff,Heavy Metals,As,Incredible Edible Raised Beds,,,,,18.76,mg/kg,Arsenic,,
LEEDS_dfd0323d51ff,Heavy Metals,Cd,Incredible Edible Raised Beds,,,,,0.49,mg/kg,Cadmium,,
LEEDS_dfd0323d51ff,Heavy Metals,Cu,Incredible Edible Raised Beds,,,,,37.75,mg/kg,Copper,,
LEEDS_dfd0323d51ff,Heavy Metals,Ni,Incredible Edible Raised Beds,,,,,23.57,mg/kg,Nickel,,
LEEDS_dfd0323d51ff,Heavy Metals,P2O5,Incredible Edible Raised Beds,,,,,0.24,w%,Phosphorus,,
LEEDS_dfd0323d51ff,Heavy Metals,Pb,Incredible Edible Raised Beds,,,,,85.6,mg/kg,Lead,,
LEEDS_dfd0323d51ff,Heavy Metals,Se,Incredible Edible Raised Beds,,,,,0.88,mg/kg,Selenium,,
LEEDS_dfd0323d51ff,Heavy Metals,Zr,Incredible Edible Raised Beds,,,,,274.67,mg/kg,Zirconium,,
LEEDS_dfd0323d51ff,Land Cover,,Incredible Edible Raised Beds,,,,Suburban,,,,,
LEEDS_dfd0323d51ff,Soil Parent,,Incredible Edible Raised Beds,MIXED (ARGILLIC-RUDACEOUS),"A variable clay, silt, and sand subsoil.",MEDIUM TO LIGHT(SILTY) TO HEAVY,,,,,,
LEEDS_dfd0323d51ff,Soil SOM,,Incredible Edible Raised Beds,,,,,,,,,8.9
LEEDS_dfd0323d51ff,Soil pH,,Incredible Edible Raised Beds,,,,,,,,6.31,
LEEDS_e0579ce8fd7e,Heavy Metals,As,Gledhow Valley Allotments,,,,,18.12,mg/kg,Arsenic,,
LEEDS_e0579ce8fd7e,Heavy Metals,Cd,Gledhow Valley Allotments,,,,,0.45,mg/kg,Cadmium,,
LEEDS_e0579ce8fd7e,Heavy Metals,Cu,Gledhow Valley Allotments,,,,,25.01,mg/kg,Copper,,
LEEDS_e0579ce8fd7e,Heavy Metals,Ni,Gledhow Valley Allotments,,,,,22.35,mg/kg,Nickel,,
LEEDS_e0579ce8fd7e,Heavy Metals,P2O5,Gledhow Valley Allotments,,,,,0.27,w%,Phosphorus,,
LEEDS_e0579ce8fd7e,Heavy Metals,Pb,Gledhow Valley Allotments,,,,,80.11,mg/kg,Lead,,
LEEDS_e0579ce8fd7e,Heavy Metals,Se,Gledhow Valley Allotments,,,,,0.78,mg/kg,Selenium,,
LEEDS_e0579ce8fd7e,Heavy Metals,Zr,Gledhow Valley Allotments,,,,,252.07,mg/kg,Zirconium,,
LEEDS_e0579ce8fd7e,Land Cover,,Gledhow Valley Allotments,,,,Suburban,,,,,
LEEDS_e0579ce8fd7e,Soil Parent,,Gledhow Valley Allotments,ARENACEOUS,A sand-rich subsoil.,LIGHT(SILTY) TO MEDIUM(SILTY),,,,,,
LEEDS_e0e8604a1dc7,Heavy Metals,As,Tempest Allotments Livestock And Growing,,,,,13.1,mg/kg,Arsenic,,
LEEDS_e0e8604a1dc7,Heavy Metals,Cd,Tempest Allotments Livestock And Growing,,,,,0.81,mg/kg,Cadmium,,
LEEDS_e0e8604a1dc7,Heavy Metals,Cu,Tempest Allotments Livestock And Growing,,,,,30.41,mg/kg,Copper,,
LEEDS_e0e8604a1dc7,Heavy Metals,Ni,Tempest Allotments Livestock And Growing,,,,,25.8,mg/kg,Nickel,,
LEEDS_e0e8604a1dc7,Heavy Metals,P2O5,Tempest Allotments Livestock And Growing,,,,,0.31,w%,Phosphorus,,
LEEDS_e0e8604a1dc7,Heavy Metals,Pb,Tempest Allotments Livestock And Growing,,,,,95.59,mg/kg,Lead,,
LEEDS_e0e8604a1dc7,Heavy Metals,Se,Tempest Allotments Livestock And Growing,,,,,1.25,mg/kg,Selenium,,
LEEDS_e0e8604a1dc7,Heavy Metals,Zr,Tempest Allotments Livestock And Growing,,,,,256.49,mg/kg,Zirconium,,
LEEDS_e0e8604a1dc7,Land Cover,,Tempest Allotments Livestock And Growing,,,,Improve grassland | Suburban,,,,,
LEEDS_e0e8604a1dc7,Soil Parent,,Tempest Allotments Livestock And Growing,MIXED (ARGILLIC-RUDACEOUS),"A variable clay, silt, and sand subsoil.",MEDIUM TO LIGHT(SILTY) TO HEAVY,,,,,,
LEEDS_e22c83551989,Heavy Metals,As,Roots Shoots,,,,,21.5,mg/kg,Arsenic,,
LEEDS_e22c83551989,Heavy Metals,Cd,Roots Shoots,,,,,0.35,mg/kg,Cadmium,,
LEEDS_e22c83551989,Heavy Metals,Cu,Roots Shoots,,,,,42.95,mg/kg,Copper,,
LEEDS_e22c83551989,Heavy Metals,Ni,Roots Shoots,,,,,24.8,mg/kg,Nickel,,
LEEDS_e22c83551989,Heavy Metals,P2O5,Roots Shoots,,,,,0.29,w%,Phosphorus,,
LEEDS_e22c83551989,Heavy Metals,Pb,Roots Shoots,,,,,89.07,mg/kg,Lead,,
LEEDS_e22c83551989,Heavy Metals,Se,Roots Shoots,,,,,0.81,mg/kg,Selenium,,
LEEDS_e22c83551989,Heavy Metals,Zr,Roots Shoots,,,,,237.98,mg/kg,Zirconium,,
LEEDS_e22c83551989,Land Cover,,Roots Shoots,,,,Urban,,,,,
LEEDS_e22c83551989,Soil Parent,,Roots Shoots,ARGILLIC - ARENACEOUS,"A layered subsoil of clay, silt and sand.",MEDIUM TO HEAVY,,,,,,
LEEDS_e23b387ca945,Heavy Metals,As,Nan,,,,,12.45,mg/kg,Arsenic,,
LEEDS_e23b387ca945,Heavy Metals,Cd,Nan,,,,,0.7,mg/kg,Cadmium,,
LEEDS_e23b387ca945,Heavy Metals,Cu,Nan,,,,,25.73,mg/kg,Copper,,
LEEDS_e23b387ca945,Heavy Metals,Ni,Nan,,,,,24.98,mg/kg,Nickel,,
LEEDS_e23b387ca945,Heavy Metals,P2O5,Nan,,,,,0.24,w%,Phosphorus,,
LEEDS_e23b387ca945,Heavy Metals,Pb,Nan,,,,,93.0,mg/kg,Lead,,
LEEDS_e23b387ca945,Heavy Metals,Se,Nan,,,,,1.22,mg/kg,Selenium,,
LEEDS_e23b387ca945,Heavy Metals,Zr,Nan,,,,,264.3,mg/kg,Zirconium,,
LEEDS_e23b387ca945,Land Cover,,Nan,,,,Improve grassland,,,,,
LEEDS_e23b387ca945,Soil Parent,,Nan,MIXED (ARGILLIC-RUDACEOUS),"A variable clay, silt, and sand subsoil.",MEDIUM TO LIGHT(SILTY) TO HEAVY,,,,,,
LEEDS_e246ac37bd74,Heavy Metals,As,Pease Hill Allotments Crowtrees,,,,,17.84,mg/kg,Arsenic,,
LEEDS_e246ac37bd74,Heavy Metals,Cd,Pease Hill Allotments Crowtrees,,,,,0.59,mg/kg,Cadmium,,
LEEDS_e246ac37bd74,Heavy Metals,Cu,Pease Hill Allotments Crowtrees,,,,,38.61,mg/kg,Copper,,
LEEDS_e246ac37bd74,Heavy Metals,Ni,Pease Hill Allotments Crowtrees,,,,,20.01,mg/kg,Nickel,,
LEEDS_e246ac37bd74,Heavy Metals,P2O5,Pease Hill Allotments Crowtrees,,,,,0.3,w%,Phosphorus,,
LEEDS_e246ac37bd74,Heavy Metals,Pb,Pease Hill Allotments Crowtrees,,,,,92.23,mg/kg,Lead,,
LEEDS_e246ac37bd74,Heavy Metals,Se,Pease Hill Allotments Crowtrees,,,,,0.88,mg/kg,Selenium,,
LEEDS_e246ac37bd74,Heavy Metals,Zr,Pease Hill Allotments Crowtrees,,,,,287.91,mg/kg,Zirconium,,
LEEDS_e246ac37bd74,Land Cover,,Pease Hill Allotments Crowtrees,,,,Suburban,,,,,
LEEDS_e246ac37bd74,Soil Parent,,Pease Hill Allotments Crowtrees,ARGILLIC - ARENACEOUS | ARENACEOUS,"A layered subsoil of clay, silt and sand. | A sand-rich subsoil.",MEDIUM TO HEAVY | LIGHT(SANDY) TO MEDIUM(SANDY),,,,,,
LEEDS_e246ac37bd74,Soil SOM,,Pease Hill Allotments Crowtrees,,,,,,,,,8.9
LEEDS_e246ac37bd74,Soil pH,,Pease Hill Allotments Crowtrees,,,,,,,,6.31,
LEEDS_e2c94c3618e1,Heavy Metals,As,Leeds Industrial Museum At Armley Mills,,,,,31.79,mg/kg,Arsenic,,
LEEDS_e2c94c3618e1,Heavy Metals,Cd,Leeds Industrial Museum At Armley Mills,,,,,0.42,mg/kg,Cadmium,,
LEEDS_e2c94c3618e1,Heavy Metals,Cu,Leeds Industrial Museum At Armley Mills,,,,,59.07,mg/kg,Copper,,
LEEDS_e2c94c3618e1,Heavy Metals,Ni,Leeds Industrial Museum At Armley Mills,,,,,34.53,mg/kg,Nickel,,
LEEDS_e2c94c3618e1,Heavy Metals,P2O5,Leeds Industrial Museum At Armley Mills,,,,,0.28,w%,Phosphorus,,
LEEDS_e2c94c3618e1,Heavy Metals,Pb,Leeds Industrial Museum At Armley Mills,,,,,118.82,mg/kg,Lead,,
LEEDS_e2c94c3618e1,Heavy Metals,Se,Leeds Industrial Museum At Armley Mills,,,,,0.97,mg/kg,Selenium,,
LEEDS_e2c94c3618e1,Heavy Metals,Zr,Leeds Industrial Museum At Armley Mills,,,,,280.16,mg/kg,Zirconium,,
LEEDS_e2c94c3618e1,Land Cover,,Leeds Industrial Museum At Armley Mills,,,,Urban,,,,,
LEEDS_e2c94c3618e1,Soil Parent,,Leeds Industrial Museum At Armley Mills,ARGILLIC - ARENACEOUS,"A layered subsoil of clay, silt and sand.",ALL,,,,,,
LEEDS_e4098007cea0,Heavy Metals,As,Incredible Edible Raised Beds,,,,,21.2,mg/kg,Arsenic,,
LEEDS_e4098007cea0,Heavy Metals,Cd,Incredible Edible Raised Beds,,,,,0.44,mg/kg,Cadmium,,
LEEDS_e4098007cea0,Heavy Metals,Cu,Incredible Edible Raised Beds,,,,,24.49,mg/kg,Copper,,
LEEDS_e4098007cea0,Heavy Metals,Ni,Incredible Edible Raised Beds,,,,,23.68,mg/kg,Nickel,,
LEEDS_e4098007cea0,Heavy Metals,P2O5,Incredible Edible Raised Beds,,,,,0.23,w%,Phosphorus,,
LEEDS_e4098007cea0,Heavy Metals,Pb,Incredible Edible Raised Beds,,,,,77.79,mg/kg,Lead,,
LEEDS_e4098007cea0,Heavy Metals,Se,Incredible Edible Raised Beds,,,,,0.71,mg/kg,Selenium,,
LEEDS_e4098007cea0,Heavy Metals,Zr,Incredible Edible Raised Beds,,,,,222.0,mg/kg,Zirconium,,
LEEDS_e4098007cea0,Land Cover,,Incredible Edible Raised Beds,,,,Suburban,,,,,
LEEDS_e4098007cea0,Soil Parent,,Incredible Edible Raised Beds,ARENACEOUS,A sand-rich subsoil.,LIGHT(SILTY) TO MEDIUM(SILTY) TO HEAVY,,,,,,
LEEDS_e512b7fc9b89,Heavy Metals,As,Flicks Allotments Yeadon,,,,,16.95,mg/kg,Arsenic,,
LEEDS_e512b7fc9b89,Heavy Metals,Cd,Flicks Allotments Yeadon,,,,,0.56,mg/kg,Cadmium,,
LEEDS_e512b7fc9b89,Heavy Metals,Cu,Flicks Allotments Yeadon,,,,,36.24,mg/kg,Copper,,
LEEDS_e512b7fc9b89,Heavy Metals,Ni,Flicks Allotments Yeadon,,,,,20.95,mg/kg,Nickel,,
LEEDS_e512b7fc9b89,Heavy Metals,P2O5,Flicks Allotments Yeadon,,,,,0.27,w%,Phosphorus,,
LEEDS_e512b7fc9b89,Heavy Metals,Pb,Flicks Allotments Yeadon,,,,,83.82,mg/kg,Lead,,
LEEDS_e512b7fc9b89,Heavy Metals,Se,Flicks Allotments Yeadon,,,,,0.88,mg/kg,Selenium,,
LEEDS_e512b7fc9b89,Heavy Metals,Zr,Flicks Allotments Yeadon,,,,,223.22,mg/kg,Zirconium,,
LEEDS_e512b7fc9b89,Land Cover,,Flicks Allotments Yeadon,,,,Suburban,,,,,
LEEDS_e512b7fc9b89,Soil Parent,,Flicks Allotments Yeadon,MIXED (ARGILLIC-RUDACEOUS),"A variable clay, silt, and sand subsoil.",MEDIUM TO LIGHT(SILTY) TO HEAVY,,,,,,
LEEDS_e5f921a3d0bd,Heavy Metals,As,Incredible Edible Raised Beds,,,,,32.05,mg/kg,Arsenic,,
LEEDS_e5f921a3d0bd,Heavy Metals,Cd,Incredible Edible Raised Beds,,,,,0.52,mg/kg,Cadmium,,
LEEDS_e5f921a3d0bd,Heavy Metals,Cu,Incredible Edible Raised Beds,,,,,53.45,mg/kg,Copper,,
LEEDS_e5f921a3d0bd,Heavy Metals,Ni,Incredible Edible Raised Beds,,,,,25.56,mg/kg,Nickel,,
LEEDS_e5f921a3d0bd,Heavy Metals,P2O5,Incredible Edible Raised Beds,,,,,0.33,w%,Phosphorus,,
LEEDS_e5f921a3d0bd,Heavy Metals,Pb,Incredible Edible Raised Beds,,,,,116.33,mg/kg,Lead,,
LEEDS_e5f921a3d0bd,Heavy Metals,Se,Incredible Edible Raised Beds,,,,,1.03,mg/kg,Selenium,,
LEEDS_e5f921a3d0bd,Heavy Metals,Zr,Incredible Edible Raised Beds,,,,,236.73,mg/kg,Zirconium,,
LEEDS_e5f921a3d0bd,Land Cover,,Incredible Edible Raised Beds,,,,Suburban,,,,,
LEEDS_e5f921a3d0bd,Soil Parent,,Incredible Edible Raised Beds,ARGILLIC - ARENACEOUS,"A layered subsoil of clay, silt and sand.",MEDIUM TO HEAVY,,,,,,
LEEDS_e66d8c8fb85d,Heavy Metals,As,Bunkers Hill Allotments,,,,,15.85,mg/kg,Arsenic,,
LEEDS_e66d8c8fb85d,Heavy Metals,Cd,Bunkers Hill Allotments,,,,,0.4,mg/kg,Cadmium,,
LEEDS_e66d8c8fb85d,Heavy Metals,Cu,Bunkers Hill Allotments,,,,,22.08,mg/kg,Copper,,
LEEDS_e66d8c8fb85d,Heavy Metals,Ni,Bunkers Hill Allotments,,,,,21.97,mg/kg,Nickel,,
LEEDS_e66d8c8fb85d,Heavy Metals,P2O5,Bunkers Hill Allotments,,,,,0.18,w%,Phosphorus,,
LEEDS_e66d8c8fb85d,Heavy Metals,Pb,Bunkers Hill Allotments,,,,,62.51,mg/kg,Lead,,
LEEDS_e66d8c8fb85d,Heavy Metals,Se,Bunkers Hill Allotments,,,,,0.52,mg/kg,Selenium,,
LEEDS_e66d8c8fb85d,Heavy Metals,Zr,Bunkers Hill Allotments,,,,,216.33,mg/kg,Zirconium,,
LEEDS_e66d8c8fb85d,Land Cover,,Bunkers Hill Allotments,,,,Improve grassland,,,,,
LEEDS_e66d8c8fb85d,Soil Parent,,Bunkers Hill Allotments,ARGILLIC - ARENACEOUS,"A layered subsoil of clay, silt and sand.",LIGHT(SILTY) TO MEDIUM(SILTY),,,,,,
LEEDS_e66d8c8fb85d,Soil SOM,,Bunkers Hill Allotments,,,,,,,,,3.13
LEEDS_e66d8c8fb85d,Soil pH,,Bunkers Hill Allotments,,,,,,,,7.7,
LEEDS_e77281ddc5ed,Heavy Metals,As,*Name Unavailable,,,,,17.06,mg/kg,Arsenic,,
LEEDS_e77281ddc5ed,Heavy Metals,Cd,*Name Unavailable,,,,,0.56,mg/kg,Cadmium,,
LEEDS_e77281ddc5ed,Heavy Metals,Cu,*Name Unavailable,,,,,22.94,mg/kg,Copper,,
LEEDS_e77281ddc5ed,Heavy Metals,Ni,*Name Unavailable,,,,,25.07,mg/kg,Nickel,,
LEEDS_e77281ddc5ed,Heavy Metals,P2O5,*Name Unavailable,,,,,0.21,w%,Phosphorus,,
LEEDS_e77281ddc5ed,Heavy Metals,Pb,*Name Unavailable,,,,,57.76,mg/kg,Lead,,
LEEDS_e77281ddc5ed,Heavy Metals,Se,*Name Unavailable,,,,,0.75,mg/kg,Selenium,,
LEEDS_e77281ddc5ed,Heavy Metals,Zr,*Name Unavailable,,,,,259.98,mg/kg,Zirconium,,
LEEDS_e77281ddc5ed,Land Cover,,*Name Unavailable,,,,Deciduous woodland | Suburban,,,,,
LEEDS_e77281ddc5ed,Soil Parent,,*Name Unavailable,MIXED (ARGILLIC-RUDACEOUS),"A variable clay, silt, and sand subsoil.",MEDIUM TO LIGHT(SILTY) TO HEAVY,,,,,,
LEEDS_e77281ddc5ed,Soil SOM,,*Name Unavailable,,,,,,,,,3.13
LEEDS_e77281ddc5ed,Soil pH,,*Name Unavailable,,,,,,,,7.7,
LEEDS_e8249e407952,Heavy Metals,As,Highfield Avenue Allotments,,,,,35.59,mg/kg,Arsenic,,
LEEDS_e8249e407952,Heavy Metals,Cd,Highfield Avenue Allotments,,,,,0.58,mg/kg,Cadmium,,
LEEDS_e8249e407952,Heavy Metals,Cu,Highfield Avenue Allotments,,,,,59.92,mg/kg,Copper,,
LEEDS_e8249e407952,Heavy Metals,Ni,Highfield Avenue Allotments,,,,,27.51,mg/kg,Nickel,,
LEEDS_e8249e407952,Heavy Metals,P2O5,Highfield Avenue Allotments,,,,,0.34,w%,Phosphorus,,
LEEDS_e8249e407952,Heavy Metals,Pb,Highfield Avenue Allotments,,,,,120.92,mg/kg,Lead,,
LEEDS_e8249e407952,Heavy Metals,Se,Highfield Avenue Allotments,,,,,1.04,mg/kg,Selenium,,
LEEDS_e8249e407952,Heavy Metals,Zr,Highfield Avenue Allotments,,,,,239.61,mg/kg,Zirconium,,
LEEDS_e8249e407952,Land Cover,,Highfield Avenue Allotments,,,,Suburban | Improve grassland,,,,,
LEEDS_e8249e407952,Soil Parent,,Highfield Avenue Allotments,ARGILLIC - ARENACEOUS,"A layered subsoil of clay, silt and sand.",MEDIUM TO HEAVY,,,,,,
LEEDS_e9cf3e3e9312,Heavy Metals,As,King George Road Community Orchard,,,,,16.46,mg/kg,Arsenic,,
LEEDS_e9cf3e3e9312,Heavy Metals,Cd,King George Road Community Orchard,,,,,0.63,mg/kg,Cadmium,,
LEEDS_e9cf3e3e9312,Heavy Metals,Cu,King George Road Community Orchard,,,,,38.71,mg/kg,Copper,,
LEEDS_e9cf3e3e9312,Heavy Metals,Ni,King George Road Community Orchard,,,,,21.3,mg/kg,Nickel,,
LEEDS_e9cf3e3e9312,Heavy Metals,P2O5,King George Road Community Orchard,,,,,0.36,w%,Phosphorus,,
LEEDS_e9cf3e3e9312,Heavy Metals,Pb,King George Road Community Orchard,,,,,84.04,mg/kg,Lead,,
LEEDS_e9cf3e3e9312,Heavy Metals,Se,King George Road Community Orchard,,,,,0.86,mg/kg,Selenium,,
LEEDS_e9cf3e3e9312,Heavy Metals,Zr,King George Road Community Orchard,,,,,339.3,mg/kg,Zirconium,,
LEEDS_e9cf3e3e9312,Land Cover,,King George Road Community Orchard,,,,Suburban,,,,,
LEEDS_e9cf3e3e9312,Soil Parent,,King George Road Community Orchard,MIXED (ARGILLIC-RUDACEOUS),"A variable clay, silt, and sand subsoil.",MEDIUM TO LIGHT(SILTY) TO HEAVY,,,,,,
LEEDS_e9e8fe87f53a,Heavy Metals,As,St Marys Rooftop Garden,,,,,16.95,mg/kg,Arsenic,,
LEEDS_e9e8fe87f53a,Heavy Metals,Cd,St Marys Rooftop Garden,,,,,0.39,mg/kg,Cadmium,,
LEEDS_e9e8fe87f53a,Heavy Metals,Cu,St Marys Rooftop Garden,,,,,25.83,mg/kg,Copper,,
LEEDS_e9e8fe87f53a,Heavy Metals,Ni,St Marys Rooftop Garden,,,,,23.24,mg/kg,Nickel,,
LEEDS_e9e8fe87f53a,Heavy Metals,P2O5,St Marys Rooftop Garden,,,,,0.28,w%,Phosphorus,,
LEEDS_e9e8fe87f53a,Heavy Metals,Pb,St Marys Rooftop Garden,,,,,81.5,mg/kg,Lead,,
LEEDS_e9e8fe87f53a,Heavy Metals,Se,St Marys Rooftop Garden,,,,,0.81,mg/kg,Selenium,,
LEEDS_e9e8fe87f53a,Heavy Metals,Zr,St Marys Rooftop Garden,,,,,251.37,mg/kg,Zirconium,,
LEEDS_e9e8fe87f53a,Land Cover,,St Marys Rooftop Garden,,,,Suburban,,,,,
LEEDS_e9e8fe87f53a,Soil Parent,,St Marys Rooftop Garden,ARENACEOUS,A sand-rich subsoil.,LIGHT(SILTY) TO MEDIUM(SILTY),,,,,,
LEEDS_e9f0c437de53,Heavy Metals,As,Bramley Fall Woods,,,,,23.83,mg/kg,Arsenic,,
LEEDS_e9f0c437de53,Heavy Metals,Cd,Bramley Fall Woods,,,,,0.45,mg/kg,Cadmium,,
LEEDS_e9f0c437de53,Heavy Metals,Cu,Bramley Fall Woods,,,,,42.15,mg/kg,Copper,,
LEEDS_e9f0c437de53,Heavy Metals,Ni,Bramley Fall Woods,,,,,29.84,mg/kg,Nickel,,
LEEDS_e9f0c437de53,Heavy Metals,P2O5,Bramley Fall Woods,,,,,0.29,w%,Phosphorus,,
LEEDS_e9f0c437de53,Heavy Metals,Pb,Bramley Fall Woods,,,,,99.55,mg/kg,Lead,,
LEEDS_e9f0c437de53,Heavy Metals,Se,Bramley Fall Woods,,,,,1.08,mg/kg,Selenium,,
LEEDS_e9f0c437de53,Heavy Metals,Zr,Bramley Fall Woods,,,,,334.06,mg/kg,Zirconium,,
LEEDS_e9f0c437de53,Land Cover,,Bramley Fall Woods,,,,Urban,,,,,
LEEDS_e9f0c437de53,Soil Parent,,Bramley Fall Woods,ARGILLIC - ARENACEOUS,"A layered subsoil of clay, silt and sand.",MEDIUM TO HEAVY,,,,,,
LEEDS_eab698d82fb5,Heavy Metals,As,Seacroft Forest Garden,,,,,13.09,mg/kg,Arsenic,,
LEEDS_eab698d82fb5,Heavy Metals,Cd,Seacroft Forest Garden,,,,,0.27,mg/kg,Cadmium,,
LEEDS_eab698d82fb5,Heavy Metals,Cu,Seacroft Forest Garden,,,,,25.81,mg/kg,Copper,,
LEEDS_eab698d82fb5,Heavy Metals,Ni,Seacroft Forest Garden,,,,,44.06,mg/kg,Nickel,,
LEEDS_eab698d82fb5,Heavy Metals,P2O5,Seacroft Forest Garden,,,,,0.19,w%,Phosphorus,,
LEEDS_eab698d82fb5,Heavy Metals,Pb,Seacroft Forest Garden,,,,,62.95,mg/kg,Lead,,
LEEDS_eab698d82fb5,Heavy Metals,Se,Seacroft Forest Garden,,,,,0.47,mg/kg,Selenium,,
LEEDS_eab698d82fb5,Heavy Metals,Zr,Seacroft Forest Garden,,,,,130.23,mg/kg,Zirconium,,
LEEDS_eab698d82fb5,Land Cover,,Seacroft Forest Garden,,,,Suburban,,,,,
LEEDS_eab698d82fb5,Soil Parent,,Seacroft Forest Garden,ARGILLIC - ARENACEOUS,"A layered subsoil of clay, silt and sand.",MEDIUM TO HEAVY,,,,,,
LEEDS_eb5a0568012c,Heavy Metals,As,Armley Charlie Cake Park,,,,,26.54,mg/kg,Arsenic,,
LEEDS_eb5a0568012c,Heavy Metals,Cd,Armley Charlie Cake Park,,,,,0.51,mg/kg,Cadmium,,
LEEDS_eb5a0568012c,Heavy Metals,Cu,Armley Charlie Cake Park,,,,,57.26,mg/kg,Copper,,
LEEDS_eb5a0568012c,Heavy Metals,Ni,Armley Charlie Cake Park,,,,,27.34,mg/kg,Nickel,,
LEEDS_eb5a0568012c,Heavy Metals,P2O5,Armley Charlie Cake Park,,,,,0.32,w%,Phosphorus,,
LEEDS_eb5a0568012c,Heavy Metals,Pb,Armley Charlie Cake Park,,,,,111.68,mg/kg,Lead,,
LEEDS_eb5a0568012c,Heavy Metals,Se,Armley Charlie Cake Park,,,,,1.08,mg/kg,Selenium,,
LEEDS_eb5a0568012c,Heavy Metals,Zr,Armley Charlie Cake Park,,,,,281.41,mg/kg,Zirconium,,
LEEDS_eb5a0568012c,Land Cover,,Armley Charlie Cake Park,,,,Urban,,,,,
LEEDS_eb5a0568012c,Soil Parent,,Armley Charlie Cake Park,ARGILLIC - ARENACEOUS,"A layered subsoil of clay, silt and sand.",MEDIUM TO HEAVY,,,,,,
LEEDS_eb6dfc9fa7ee,Heavy Metals,As,Incredible Edible Raised Beds,,,,,19.77,mg/kg,Arsenic,,
LEEDS_eb6dfc9fa7ee,Heavy Metals,Cd,Incredible Edible Raised Beds,,,,,0.54,mg/kg,Cadmium,,
LEEDS_eb6dfc9fa7ee,Heavy Metals,Cu,Incredible Edible Raised Beds,,,,,45.94,mg/kg,Copper,,
LEEDS_eb6dfc9fa7ee,Heavy Metals,Ni,Incredible Edible Raised Beds,,,,,20.63,mg/kg,Nickel,,
LEEDS_eb6dfc9fa7ee,Heavy Metals,P2O5,Incredible Edible Raised Beds,,,,,0.27,w%,Phosphorus,,
LEEDS_eb6dfc9fa7ee,Heavy Metals,Pb,Incredible Edible Raised Beds,,,,,118.59,mg/kg,Lead,,
LEEDS_eb6dfc9fa7ee,Heavy Metals,Se,Incredible Edible Raised Beds,,,,,1.1,mg/kg,Selenium,,
LEEDS_eb6dfc9fa7ee,Heavy Metals,Zr,Incredible Edible Raised Beds,,,,,307.67,mg/kg,Zirconium,,
LEEDS_eb6dfc9fa7ee,Land Cover,,Incredible Edible Raised Beds,,,,Suburban,,,,,
LEEDS_eb6dfc9fa7ee,Soil Parent,,Incredible Edible Raised Beds,ARENACEOUS,A sand-rich subsoil.,MEDIUM TO HEAVY,,,,,,
LEEDS_ec69772c8a04,Heavy Metals,As,Dolphine Lane Allotments,,,,,23.02,mg/kg,Arsenic,,
LEEDS_ec69772c8a04,Heavy Metals,Cd,Dolphine Lane Allotments,,,,,0.64,mg/kg,Cadmium,,
LEEDS_ec69772c8a04,Heavy Metals,Cu,Dolphine Lane Allotments,,,,,66.42,mg/kg,Copper,,
LEEDS_ec69772c8a04,Heavy Metals,Ni,Dolphine Lane Allotments,,,,,24.57,mg/kg,Nickel,,
LEEDS_ec69772c8a04,Heavy Metals,P2O5,Dolphine Lane Allotments,,,,,0.31,w%,Phosphorus,,
LEEDS_ec69772c8a04,Heavy Metals,Pb,Dolphine Lane Allotments,,,,,144.41,mg/kg,Lead,,
LEEDS_ec69772c8a04,Heavy Metals,Se,Dolphine Lane Allotments,,,,,1.15,mg/kg,Selenium,,
LEEDS_ec69772c8a04,Heavy Metals,Zr,Dolphine Lane Allotments,,,,,360.69,mg/kg,Zirconium,,
LEEDS_ec69772c8a04,Land Cover,,Dolphine Lane Allotments,,,,Suburban,,,,,
LEEDS_ec69772c8a04,Soil Parent,,Dolphine Lane Allotments,ARENACEOUS,A sand-rich subsoil.,MEDIUM TO HEAVY,,,,,,
LEEDS_ec69772c8a04,Soil SOM,,Dolphine Lane Allotments,,,,,,,,,5.14
LEEDS_ec69772c8a04,Soil pH,,Dolphine Lane Allotments,,,,,,,,7.05,
LEEDS_ec8ccd6a7e20,Heavy Metals,As,Incredible Edible Raised Beds,,,,,18.2,mg/kg,Arsenic,,
LEEDS_ec8ccd6a7e20,Heavy Metals,Cd,Incredible Edible Raised Beds,,,,,0.41,mg/kg,Cadmium,,
LEEDS_ec8ccd6a7e20,Heavy Metals,Cu,Incredible Edible Raised Beds,,,,,31.25,mg/kg,Copper,,
LEEDS_ec8ccd6a7e20,Heavy Metals,Ni,Incredible Edible Raised Beds,,,,,29.33,mg/kg,Nickel,,
LEEDS_ec8ccd6a7e20,Heavy Metals,P2O5,Incredible Edible Raised Beds,,,,,0.27,w%,Phosphorus,,
LEEDS_ec8ccd6a7e20,Heavy Metals,Pb,Incredible Edible Raised Beds,,,,,90.06,mg/kg,Lead,,
LEEDS_ec8ccd6a7e20,Heavy Metals,Se,Incredible Edible Raised Beds,,,,,0.84,mg/kg,Selenium,,
LEEDS_ec8ccd6a7e20,Heavy Metals,Zr,Incredible Edible Raised Beds,,,,,266.72,mg/kg,Zirconium,,
LEEDS_ec8ccd6a7e20,Land Cover,,Incredible Edible Raised Beds,,,,Suburban,,,,,
LEEDS_ec8ccd6a7e20,Soil Parent,,Incredible Edible Raised Beds,ARGILLIC - ARENACEOUS,"A layered subsoil of clay, silt and sand.",MEDIUM TO HEAVY,,,,,,
LEEDS_ed3b59726c72,Heavy Metals,As,Friends Of Hunslet Moor,,,,,32.63,mg/kg,Arsenic,,
LEEDS_ed3b59726c72,Heavy Metals,Cd,Friends Of Hunslet Moor,,,,,0.48,mg/kg,Cadmium,,
LEEDS_ed3b59726c72,Heavy Metals,Cu,Friends Of Hunslet Moor,,,,,51.91,mg/kg,Copper,,
LEEDS_ed3b59726c72,Heavy Metals,Ni,Friends Of Hunslet Moor,,,,,29.13,mg/kg,Nickel,,
LEEDS_ed3b59726c72,Heavy Metals,P2O5,Friends Of Hunslet Moor,,,,,0.32,w%,Phosphorus,,
LEEDS_ed3b59726c72,Heavy Metals,Pb,Friends Of Hunslet Moor,,,,,96.67,mg/kg,Lead,,
LEEDS_ed3b59726c72,Heavy Metals,Se,Friends Of Hunslet Moor,,,,,1.0,mg/kg,Selenium,,
LEEDS_ed3b59726c72,Heavy Metals,Zr,Friends Of Hunslet Moor,,,,,241.26,mg/kg,Zirconium,,
LEEDS_ed3b59726c72,Land Cover,,Friends Of Hunslet Moor,,,,Suburban,,,,,
LEEDS_ed3b59726c72,Soil Parent,,Friends Of Hunslet Moor,ARENACEOUS - RUDACEOUS,A layered subsoil of sand and gravel.,LIGHT(SANDY) TO MEDIUM(SANDY),,,,,,
LEEDS_ed538b80c40b,Heavy Metals,As,Arthurs Rein,,,,,13.22,mg/kg,Arsenic,,
LEEDS_ed538b80c40b,Heavy Metals,Cd,Arthurs Rein,,,,,0.34,mg/kg,Cadmium,,
LEEDS_ed538b80c40b,Heavy Metals,Cu,Arthurs Rein,,,,,22.13,mg/kg,Copper,,
LEEDS_ed538b80c40b,Heavy Metals,Ni,Arthurs Rein,,,,,38.0,mg/kg,Nickel,,
LEEDS_ed538b80c40b,Heavy Metals,P2O5,Arthurs Rein,,,,,0.24,w%,Phosphorus,,
LEEDS_ed538b80c40b,Heavy Metals,Pb,Arthurs Rein,,,,,66.47,mg/kg,Lead,,
LEEDS_ed538b80c40b,Heavy Metals,Se,Arthurs Rein,,,,,0.56,mg/kg,Selenium,,
LEEDS_ed538b80c40b,Heavy Metals,Zr,Arthurs Rein,,,,,155.21,mg/kg,Zirconium,,
LEEDS_ed538b80c40b,Land Cover,,Arthurs Rein,,,,Suburban,,,,,
LEEDS_ed538b80c40b,Soil Parent,,Arthurs Rein,ARGILLIC - ARENACEOUS,"A layered subsoil of clay, silt and sand.",MEDIUM TO HEAVY,,,,,,
LEEDS_ed7dc3c9d58f,Heavy Metals,As,*Name Unavailable,,,,,18.0,mg/kg,Arsenic,,
LEEDS_ed7dc3c9d58f,Heavy Metals,Cd,*Name Unavailable,,,,,0.48,mg/kg,Cadmium,,
LEEDS_ed7dc3c9d58f,Heavy Metals,Cu,*Name Unavailable,,,,,30.6,mg/kg,Copper,,
LEEDS_ed7dc3c9d58f,Heavy Metals,Ni,*Name Unavailable,,,,,24.35,mg/kg,Nickel,,
LEEDS_ed7dc3c9d58f,Heavy Metals,P2O5,*Name Unavailable,,,,,0.29,w%,Phosphorus,,
LEEDS_ed7dc3c9d58f,Heavy Metals,Pb,*Name Unavailable,,,,,86.75,mg/kg,Lead,,
LEEDS_ed7dc3c9d58f,Heavy Metals,Se,*Name Unavailable,,,,,0.88,mg/kg,Selenium,,
LEEDS_ed7dc3c9d58f,Heavy Metals,Zr,*Name Unavailable,,,,,332.94,mg/kg,Zirconium,,
LEEDS_ed7dc3c9d58f,Land Cover,,*Name Unavailable,,,,Suburban,,,,,
LEEDS_ed7dc3c9d58f,Soil Parent,,*Name Unavailable,MIXED (ARGILLIC-RUDACEOUS),"A variable clay, silt, and sand subsoil.",MEDIUM TO LIGHT(SILTY) TO HEAVY,,,,,,
LEEDS_eda64de7813a,Heavy Metals,As,Red Road Allotments,,,,,25.63,mg/kg,Arsenic,,
LEEDS_eda64de7813a,Heavy Metals,Cd,Red Road Allotments,,,,,0.41,mg/kg,Cadmium,,
LEEDS_eda64de7813a,Heavy Metals,Cu,Red Road Allotments,,,,,52.74,mg/kg,Copper,,
LEEDS_eda64de7813a,Heavy Metals,Ni,Red Road Allotments,,,,,21.94,mg/kg,Nickel,,
LEEDS_eda64de7813a,Heavy Metals,P2O5,Red Road Allotments,,,,,0.3,w%,Phosphorus,,
LEEDS_eda64de7813a,Heavy Metals,Pb,Red Road Allotments,,,,,116.59,mg/kg,Lead,,
LEEDS_eda64de7813a,Heavy Metals,Se,Red Road Allotments,,,,,0.91,mg/kg,Selenium,,
LEEDS_eda64de7813a,Heavy Metals,Zr,Red Road Allotments,,,,,273.78,mg/kg,Zirconium,,
LEEDS_eda64de7813a,Land Cover,,Red Road Allotments,,,,Suburban | Urban,,,,,
LEEDS_eda64de7813a,Soil Parent,,Red Road Allotments,ARGILLIC - ARENACEOUS,"A layered subsoil of clay, silt and sand.",MEDIUM TO HEAVY,,,,,,
LEEDS_ee2bcf0cd863,Heavy Metals,As,Rothwell Country Park,,,,,17.11,mg/kg,Arsenic,,
LEEDS_ee2bcf0cd863,Heavy Metals,Cd,Rothwell Country Park,,,,,0.47,mg/kg,Cadmium,,
LEEDS_ee2bcf0cd863,Heavy Metals,Cu,Rothwell Country Park,,,,,37.73,mg/kg,Copper,,
LEEDS_ee2bcf0cd863,Heavy Metals,Ni,Rothwell Country Park,,,,,20.17,mg/kg,Nickel,,
LEEDS_ee2bcf0cd863,Heavy Metals,P2O5,Rothwell Country Park,,,,,0.26,w%,Phosphorus,,
LEEDS_ee2bcf0cd863,Heavy Metals,Pb,Rothwell Country Park,,,,,92.06,mg/kg,Lead,,
LEEDS_ee2bcf0cd863,Heavy Metals,Se,Rothwell Country Park,,,,,1.1,mg/kg,Selenium,,
LEEDS_ee2bcf0cd863,Heavy Metals,Zr,Rothwell Country Park,,,,,285.28,mg/kg,Zirconium,,
LEEDS_ee2bcf0cd863,Land Cover,,Rothwell Country Park,,,,Arable,,,,,
LEEDS_ee2bcf0cd863,Soil Parent,,Rothwell Country Park,ARGILLIC - ARENACEOUS,"A layered subsoil of clay, silt and sand.",MEDIUM TO HEAVY,,,,,,
LEEDS_ee2bcf0cd863,Soil SOM,,Rothwell Country Park,,,,,,,,,3.13
LEEDS_ee2bcf0cd863,Soil pH,,Rothwell Country Park,,,,,,,,7.05,
LEEDS_ee51e6c562a8,,,Incredible Edible Raised Beds,,,,,,,,,
LEEDS_ee926f5c1193,Heavy Metals,As,Hepworth Avenue Allotments,,,,,55.29,mg/kg,Arsenic,,
LEEDS_ee926f5c1193,Heavy Metals,Cd,Hepworth Avenue Allotments,,,,,0.57,mg/kg,Cadmium,,
LEEDS_ee926f5c1193,Heavy Metals,Cu,Hepworth Avenue Allotments,,,,,65.99,mg/kg,Copper,,
LEEDS_ee926f5c1193,Heavy Metals,Ni,Hepworth Avenue Allotments,,,,,36.95,mg/kg,Nickel,,
LEEDS_ee926f5c1193,Heavy Metals,P2O5,Hepworth Avenue Allotments,,,,,0.35,w%,Phosphorus,,
LEEDS_ee926f5c1193,Heavy Metals,Pb,Hepworth Avenue Allotments,,,,,116.94,mg/kg,Lead,,
LEEDS_ee926f5c1193,Heavy Metals,Se,Hepworth Avenue Allotments,,,,,1.0,mg/kg,Selenium,,
LEEDS_ee926f5c1193,Heavy Metals,Zr,Hepworth Avenue Allotments,,,,,208.22,mg/kg,Zirconium,,
LEEDS_ee926f5c1193,Land Cover,,Hepworth Avenue Allotments,,,,Arable | Improve grassland | Suburban,,,,,
LEEDS_ee926f5c1193,Soil Parent,,Hepworth Avenue Allotments,ARGILLIC - ARENACEOUS,"A layered subsoil of clay, silt and sand.",MEDIUM TO HEAVY,,,,,,
LEEDS_f0039ffc2f92,Heavy Metals,As,*Name Unavailable,,,,,30.5,mg/kg,Arsenic,,
LEEDS_f0039ffc2f92,Heavy Metals,Cd,*Name Unavailable,,,,,0.51,mg/kg,Cadmium,,
LEEDS_f0039ffc2f92,Heavy Metals,Cu,*Name Unavailable,,,,,52.24,mg/kg,Copper,,
LEEDS_f0039ffc2f92,Heavy Metals,Ni,*Name Unavailable,,,,,29.48,mg/kg,Nickel,,
LEEDS_f0039ffc2f92,Heavy Metals,P2O5,*Name Unavailable,,,,,0.33,w%,Phosphorus,,
LEEDS_f0039ffc2f92,Heavy Metals,Pb,*Name Unavailable,,,,,121.18,mg/kg,Lead,,
LEEDS_f0039ffc2f92,Heavy Metals,Se,*Name Unavailable,,,,,1.0,mg/kg,Selenium,,
LEEDS_f0039ffc2f92,Heavy Metals,Zr,*Name Unavailable,,,,,254.23,mg/kg,Zirconium,,
LEEDS_f0039ffc2f92,Land Cover,,*Name Unavailable,,,,Suburban,,,,,
LEEDS_f0039ffc2f92,Soil Parent,,*Name Unavailable,ARENACEOUS - RUDACEOUS,A layered subsoil of sand and gravel.,LIGHT(SANDY) TO MEDIUM(SANDY),,,,,,
LEEDS_f099a829625c,Heavy Metals,As,Incredible Edible Seacroft,,,,,13.31,mg/kg,Arsenic,,
LEEDS_f099a829625c,Heavy Metals,Cd,Incredible Edible Seacroft,,,,,0.36,mg/kg,Cadmium,,
LEEDS_f099a829625c,Heavy Metals,Cu,Incredible Edible Seacroft,,,,,22.1,mg/kg,Copper,,
LEEDS_f099a829625c,Heavy Metals,Ni,Incredible Edible Seacroft,,,,,33.18,mg/kg,Nickel,,
LEEDS_f099a829625c,Heavy Metals,P2O5,Incredible Edible Seacroft,,,,,0.24,w%,Phosphorus,,
LEEDS_f099a829625c,Heavy Metals,Pb,Incredible Edible Seacroft,,,,,66.82,mg/kg,Lead,,
LEEDS_f099a829625c,Heavy Metals,Se,Incredible Edible Seacroft,,,,,0.56,mg/kg,Selenium,,
LEEDS_f099a829625c,Heavy Metals,Zr,Incredible Edible Seacroft,,,,,170.92,mg/kg,Zirconium,,
LEEDS_f099a829625c,Land Cover,,Incredible Edible Seacroft,,,,Suburban,,,,,
LEEDS_f099a829625c,Soil Parent,,Incredible Edible Seacroft,ARGILLIC - ARENACEOUS,"A layered subsoil of clay, silt and sand.",MEDIUM TO HEAVY,,,,,,
LEEDS_f0d9e092ac94,Heavy Metals,As,Incredible Edible Raised Beds,,,,,15.37,mg/kg,Arsenic,,
LEEDS_f0d9e092ac94,Heavy Metals,Cd,Incredible Edible Raised Beds,,,,,0.32,mg/kg,Cadmium,,
LEEDS_f0d9e092ac94,Heavy Metals,Cu,Incredible Edible Raised Beds,,,,,29.23,mg/kg,Copper,,
LEEDS_f0d9e092ac94,Heavy Metals,Ni,Incredible Edible Raised Beds,,,,,36.5,mg/kg,Nickel,,
LEEDS_f0d9e092ac94,Heavy Metals,P2O5,Incredible Edible Raised Beds,,,,,0.21,w%,Phosphorus,,
LEEDS_f0d9e092ac94,Heavy Metals,Pb,Incredible Edible Raised Beds,,,,,65.81,mg/kg,Lead,,
LEEDS_f0d9e092ac94,Heavy Metals,Se,Incredible Edible Raised Beds,,,,,0.5,mg/kg,Selenium,,
LEEDS_f0d9e092ac94,Heavy Metals,Zr,Incredible Edible Raised Beds,,,,,176.27,mg/kg,Zirconium,,
LEEDS_f0d9e092ac94,Land Cover,,Incredible Edible Raised Beds,,,,Improve grassland,,,,,
LEEDS_f0d9e092ac94,Soil Parent,,Incredible Edible Raised Beds,ARGILLIC - ARENACEOUS,"A layered subsoil of clay, silt and sand.",MEDIUM TO HEAVY,,,,,,
LEEDS_f11158142b24,Heavy Metals,As,Bramley Elderly Action Community Garden Group,,,,,23.7,mg/kg,Arsenic,,
LEEDS_f11158142b24,Heavy Metals,Cd,Bramley Elderly Action Community Garden Group,,,,,0.46,mg/kg,Cadmium,,
LEEDS_f11158142b24,Heavy Metals,Cu,Bramley Elderly Action Community Garden Group,,,,,45.99,mg/kg,Copper,,
LEEDS_f11158142b24,Heavy Metals,Ni,Bramley Elderly Action Community Garden Group,,,,,23.64,mg/kg,Nickel,,
LEEDS_f11158142b24,Heavy Metals,P2O5,Bramley Elderly Action Community Garden Group,,,,,0.29,w%,Phosphorus,,
LEEDS_f11158142b24,Heavy Metals,Pb,Bramley Elderly Action Community Garden Group,,,,,105.64,mg/kg,Lead,,
LEEDS_f11158142b24,Heavy Metals,Se,Bramley Elderly Action Community Garden Group,,,,,1.1,mg/kg,Selenium,,
LEEDS_f11158142b24,Heavy Metals,Zr,Bramley Elderly Action Community Garden Group,,,,,334.6,mg/kg,Zirconium,,
LEEDS_f11158142b24,Land Cover,,Bramley Elderly Action Community Garden Group,,,,Suburban,,,,,
LEEDS_f11158142b24,Soil Parent,,Bramley Elderly Action Community Garden Group,ARENACEOUS,A sand-rich subsoil.,LIGHT(SILTY) TO MEDIUM(SILTY),,,,,,
LEEDS_f2309a1c1486,Heavy Metals,As,Incredible Edible Raised Beds,,,,,33.48,mg/kg,Arsenic,,
LEEDS_f2309a1c1486,Heavy Metals,Cd,Incredible Edible Raised Beds,,,,,0.47,mg/kg,Cadmium,,
LEEDS_f2309a1c1486,Heavy Metals,Cu,Incredible Edible Raised Beds,,,,,75.13,mg/kg,Copper,,
LEEDS_f2309a1c1486,Heavy Metals,Ni,Incredible Edible Raised Beds,,,,,35.07,mg/kg,Nickel,,
LEEDS_f2309a1c1486,Heavy Metals,P2O5,Incredible Edible Raised Beds,,,,,0.29,w%,Phosphorus,,
LEEDS_f2309a1c1486,Heavy Metals,Pb,Incredible Edible Raised Beds,,,,,130.38,mg/kg,Lead,,
LEEDS_f2309a1c1486,Heavy Metals,Se,Incredible Edible Raised Beds,,,,,0.95,mg/kg,Selenium,,
LEEDS_f2309a1c1486,Heavy Metals,Zr,Incredible Edible Raised Beds,,,,,258.12,mg/kg,Zirconium,,
LEEDS_f2309a1c1486,Land Cover,,Incredible Edible Raised Beds,,,,Urban,,,,,
LEEDS_f2309a1c1486,Soil Parent,,Incredible Edible Raised Beds,ARGILLIC - ARENACEOUS,"A layered subsoil of clay, silt and sand.",ALL,,,,,,
LEEDS_f310300111ba,Heavy Metals,As,Hovingham Allotments Gardens,,,,,17.67,mg/kg,Arsenic,,
LEEDS_f310300111ba,Heavy Metals,Cd,Hovingham Allotments Gardens,,,,,0.34,mg/kg,Cadmium,,
LEEDS_f310300111ba,Heavy Metals,Cu,Hovingham Allotments Gardens,,,,,24.43,mg/kg,Copper,,
LEEDS_f310300111ba,Heavy Metals,Ni,Hovingham Allotments Gardens,,,,,23.75,mg/kg,Nickel,,
LEEDS_f310300111ba,Heavy Metals,P2O5,Hovingham Allotments Gardens,,,,,0.27,w%,Phosphorus,,
LEEDS_f310300111ba,Heavy Metals,Pb,Hovingham Allotments Gardens,,,,,68.73,mg/kg,Lead,,
LEEDS_f310300111ba,Heavy Metals,Se,Hovingham Allotments Gardens,,,,,0.74,mg/kg,Selenium,,
LEEDS_f310300111ba,Heavy Metals,Zr,Hovingham Allotments Gardens,,,,,240.79,mg/kg,Zirconium,,
LEEDS_f310300111ba,Land Cover,,Hovingham Allotments Gardens,,,,Suburban | Urban,,,,,
LEEDS_f310300111ba,Soil Parent,,Hovingham Allotments Gardens,ARGILLIC - ARENACEOUS,"A layered subsoil of clay, silt and sand.",MEDIUM TO HEAVY,,,,,,
LEEDS_f37329b36ae6,Heavy Metals,As,*Name Unavailable,,,,,18.93,mg/kg,Arsenic,,
LEEDS_f37329b36ae6,Heavy Metals,Cd,*Name Unavailable,,,,,0.57,mg/kg,Cadmium,,
LEEDS_f37329b36ae6,Heavy Metals,Cu,*Name Unavailable,,,,,36.73,mg/kg,Copper,,
LEEDS_f37329b36ae6,Heavy Metals,Ni,*Name Unavailable,,,,,23.06,mg/kg,Nickel,,
LEEDS_f37329b36ae6,Heavy Metals,P2O5,*Name Unavailable,,,,,0.29,w%,Phosphorus,,
LEEDS_f37329b36ae6,Heavy Metals,Pb,*Name Unavailable,,,,,97.09,mg/kg,Lead,,
LEEDS_f37329b36ae6,Heavy Metals,Se,*Name Unavailable,,,,,0.9,mg/kg,Selenium,,
LEEDS_f37329b36ae6,Heavy Metals,Zr,*Name Unavailable,,,,,257.35,mg/kg,Zirconium,,
LEEDS_f37329b36ae6,Land Cover,,*Name Unavailable,,,,Suburban,,,,,
LEEDS_f37329b36ae6,Soil Parent,,*Name Unavailable,MIXED (ARGILLIC-RUDACEOUS),"A variable clay, silt, and sand subsoil.",MEDIUM TO LIGHT(SILTY) TO HEAVY,,,,,,
LEEDS_f46d29b08871,Heavy Metals,As,Market Garden Volunteer,,,,,20.2,mg/kg,Arsenic,,
LEEDS_f46d29b08871,Heavy Metals,Cd,Market Garden Volunteer,,,,,0.4,mg/kg,Cadmium,,
LEEDS_f46d29b08871,Heavy Metals,Cu,Market Garden Volunteer,,,,,33.36,mg/kg,Copper,,
LEEDS_f46d29b08871,Heavy Metals,Ni,Market Garden Volunteer,,,,,27.63,mg/kg,Nickel,,
LEEDS_f46d29b08871,Heavy Metals,P2O5,Market Garden Volunteer,,,,,0.28,w%,Phosphorus,,
LEEDS_f46d29b08871,Heavy Metals,Pb,Market Garden Volunteer,,,,,93.3,mg/kg,Lead,,
LEEDS_f46d29b08871,Heavy Metals,Se,Market Garden Volunteer,,,,,0.87,mg/kg,Selenium,,
LEEDS_f46d29b08871,Heavy Metals,Zr,Market Garden Volunteer,,,,,293.07,mg/kg,Zirconium,,
LEEDS_f46d29b08871,Land Cover,,Market Garden Volunteer,,,,Suburban,,,,,
LEEDS_f46d29b08871,Soil Parent,,Market Garden Volunteer,ARGILLIC - ARENACEOUS,"A layered subsoil of clay, silt and sand.",MEDIUM TO HEAVY,,,,,,
LEEDS_f4f1579de401,Heavy Metals,As,St Edwards Community Orchard,,,,,12.39,mg/kg,Arsenic,,
LEEDS_f4f1579de401,Heavy Metals,Cd,St Edwards Community Orchard,,,,,0.71,mg/kg,Cadmium,,
LEEDS_f4f1579de401,Heavy Metals,Cu,St Edwards Community Orchard,,,,,28.44,mg/kg,Copper,,
LEEDS_f4f1579de401,Heavy Metals,Ni,St Edwards Community Orchard,,,,,26.11,mg/kg,Nickel,,
LEEDS_f4f1579de401,Heavy Metals,P2O5,St Edwards Community Orchard,,,,,0.21,w%,Phosphorus,,
LEEDS_f4f1579de401,Heavy Metals,Pb,St Edwards Community Orchard,,,,,79.17,mg/kg,Lead,,
LEEDS_f4f1579de401,Heavy Metals,Se,St Edwards Community Orchard,,,,,0.59,mg/kg,Selenium,,
LEEDS_f4f1579de401,Heavy Metals,Zr,St Edwards Community Orchard,,,,,238.17,mg/kg,Zirconium,,
LEEDS_f4f1579de401,Land Cover,,St Edwards Community Orchard,,,,Suburban | Improve grassland,,,,,
LEEDS_f4f1579de401,Soil Parent,,St Edwards Community Orchard,ARENACEOUS - RUDACEOUS,A layered subsoil of sand and gravel.,LIGHT(SANDY) TO MEDIUM(SANDY),,,,,,
LEEDS_f4f1579de401,Soil SOM,,St Edwards Community Orchard,,,,,,,,,10.21
LEEDS_f4f1579de401,Soil pH,,St Edwards Community Orchard,,,,,,,,6.07,
LEEDS_f5a44139028c,Heavy Metals,As,Incredible Edible Raised Beds,,,,,19.66,mg/kg,Arsenic,,
LEEDS_f5a44139028c,Heavy Metals,Cd,Incredible Edible Raised Beds,,,,,0.58,mg/kg,Cadmium,,
LEEDS_f5a44139028c,Heavy Metals,Cu,Incredible Edible Raised Beds,,,,,36.23,mg/kg,Copper,,
LEEDS_f5a44139028c,Heavy Metals,Ni,Incredible Edible Raised Beds,,,,,23.35,mg/kg,Nickel,,
LEEDS_f5a44139028c,Heavy Metals,P2O5,Incredible Edible Raised Beds,,,,,0.29,w%,Phosphorus,,
LEEDS_f5a44139028c,Heavy Metals,Pb,Incredible Edible Raised Beds,,,,,83.12,mg/kg,Lead,,
LEEDS_f5a44139028c,Heavy Metals,Se,Incredible Edible Raised Beds,,,,,0.94,mg/kg,Selenium,,
LEEDS_f5a44139028c,Heavy Metals,Zr,Incredible Edible Raised Beds,,,,,292.68,mg/kg,Zirconium,,
LEEDS_f5a44139028c,Land Cover,,Incredible Edible Raised Beds,,,,Improve grassland,,,,,
LEEDS_f5a44139028c,Soil Parent,,Incredible Edible Raised Beds,MIXED (ARGILLIC-RUDACEOUS),"A variable clay, silt, and sand subsoil.",MEDIUM TO LIGHT(SILTY) TO HEAVY,,,,,,
LEEDS_f5a44139028c,Soil SOM,,Incredible Edible Raised Beds,,,,,,,,,8.9
LEEDS_f5a44139028c,Soil pH,,Incredible Edible Raised Beds,,,,,,,,6.31,
LEEDS_f5def09d747e,Heavy Metals,As,Garforth Community Wildlife Area,,,,,16.72,mg/kg,Arsenic,,
LEEDS_f5def09d747e,Heavy Metals,Cd,Garforth Community Wildlife Area,,,,,0.5,mg/kg,Cadmium,,
LEEDS_f5def09d747e,Heavy Metals,Cu,Garforth Community Wildlife Area,,,,,23.13,mg/kg,Copper,,
LEEDS_f5def09d747e,Heavy Metals,Ni,Garforth Community Wildlife Area,,,,,26.82,mg/kg,Nickel,,
LEEDS_f5def09d747e,Heavy Metals,P2O5,Garforth Community Wildlife Area,,,,,0.19,w%,Phosphorus,,
LEEDS_f5def09d747e,Heavy Metals,Pb,Garforth Community Wildlife Area,,,,,66.42,mg/kg,Lead,,
LEEDS_f5def09d747e,Heavy Metals,Se,Garforth Community Wildlife Area,,,,,0.65,mg/kg,Selenium,,
LEEDS_f5def09d747e,Heavy Metals,Zr,Garforth Community Wildlife Area,,,,,298.82,mg/kg,Zirconium,,
LEEDS_f5def09d747e,Land Cover,,Garforth Community Wildlife Area,,,,Suburban,,,,,
LEEDS_f5def09d747e,Soil Parent,,Garforth Community Wildlife Area,ARGILLIC - ARENACEOUS,"A layered subsoil of clay, silt and sand.",MEDIUM TO HEAVY,,,,,,
LEEDS_f675dc548292,Heavy Metals,As,*Name Unavailable,,,,,14.15,mg/kg,Arsenic,,
LEEDS_f675dc548292,Heavy Metals,Cd,*Name Unavailable,,,,,0.45,mg/kg,Cadmium,,
LEEDS_f675dc548292,Heavy Metals,Cu,*Name Unavailable,,,,,44.57,mg/kg,Copper,,
LEEDS_f675dc548292,Heavy Metals,Ni,*Name Unavailable,,,,,26.75,mg/kg,Nickel,,
LEEDS_f675dc548292,Heavy Metals,P2O5,*Name Unavailable,,,,,0.34,w%,Phosphorus,,
LEEDS_f675dc548292,Heavy Metals,Pb,*Name Unavailable,,,,,62.79,mg/kg,Lead,,
LEEDS_f675dc548292,Heavy Metals,Se,*Name Unavailable,,,,,0.83,mg/kg,Selenium,,
LEEDS_f675dc548292,Heavy Metals,Zr,*Name Unavailable,,,,,282.11,mg/kg,Zirconium,,
LEEDS_f675dc548292,Land Cover,,*Name Unavailable,,,,Improve grassland | Arable | Suburban | Urban,,,,,
LEEDS_f675dc548292,Soil Parent,,*Name Unavailable,ARENACEOUS,A sand-rich subsoil.,MEDIUM TO HEAVY,,,,,,
LEEDS_f675dc548292,Soil SOM,,*Name Unavailable,,,,,,,,,5.14
LEEDS_f675dc548292,Soil pH,,*Name Unavailable,,,,,,,,7.05,
LEEDS_f7347bfb5a1d,Heavy Metals,As,Chapeltown,,,,,20.92,mg/kg,Arsenic,,
LEEDS_f7347bfb5a1d,Heavy Metals,Cd,Chapeltown,,,,,0.39,mg/kg,Cadmium,,
LEEDS_f7347bfb5a1d,Heavy Metals,Cu,Chapeltown,,,,,31.87,mg/kg,Copper,,
LEEDS_f7347bfb5a1d,Heavy Metals,Ni,Chapeltown,,,,,23.63,mg/kg,Nickel,,
LEEDS_f7347bfb5a1d,Heavy Metals,P2O5,Chapeltown,,,,,0.28,w%,Phosphorus,,
LEEDS_f7347bfb5a1d,Heavy Metals,Pb,Chapeltown,,,,,78.99,mg/kg,Lead,,
LEEDS_f7347bfb5a1d,Heavy Metals,Se,Chapeltown,,,,,0.8,mg/kg,Selenium,,
LEEDS_f7347bfb5a1d,Heavy Metals,Zr,Chapeltown,,,,,252.72,mg/kg,Zirconium,,
LEEDS_f7347bfb5a1d,Land Cover,,Chapeltown,,,,Suburban,,,,,
LEEDS_f7347bfb5a1d,Soil Parent,,Chapeltown,ARGILLIC - ARENACEOUS,"A layered subsoil of clay, silt and sand.",MEDIUM TO HEAVY,,,,,,
LEEDS_f80ff79fa909,Heavy Metals,As,Cemetery Road Allotments Yeadon,,,,,15.53,mg/kg,Arsenic,,
LEEDS_f80ff79fa909,Heavy Metals,Cd,Cemetery Road Allotments Yeadon,,,,,0.56,mg/kg,Cadmium,,
LEEDS_f80ff79fa909,Heavy Metals,Cu,Cemetery Road Allotments Yeadon,,,,,32.19,mg/kg,Copper,,
LEEDS_f80ff79fa909,Heavy Metals,Ni,Cemetery Road Allotments Yeadon,,,,,19.25,mg/kg,Nickel,,
LEEDS_f80ff79fa909,Heavy Metals,P2O5,Cemetery Road Allotments Yeadon,,,,,0.27,w%,Phosphorus,,
LEEDS_f80ff79fa909,Heavy Metals,Pb,Cemetery Road Allotments Yeadon,,,,,84.02,mg/kg,Lead,,
LEEDS_f80ff79fa909,Heavy Metals,Se,Cemetery Road Allotments Yeadon,,,,,0.88,mg/kg,Selenium,,
LEEDS_f80ff79fa909,Heavy Metals,Zr,Cemetery Road Allotments Yeadon,,,,,214.51,mg/kg,Zirconium,,
LEEDS_f80ff79fa909,Land Cover,,Cemetery Road Allotments Yeadon,,,,Improve grassland | Suburban,,,,,
LEEDS_f80ff79fa909,Soil Parent,,Cemetery Road Allotments Yeadon,MIXED (ARGILLIC-RUDACEOUS),"A variable clay, silt, and sand subsoil.",MEDIUM TO LIGHT(SILTY) TO HEAVY,,,,,,
LEEDS_f86e68c0d15e,Heavy Metals,As,West Park Fields Community Orchard,,,,,19.85,mg/kg,Arsenic,,
LEEDS_f86e68c0d15e,Heavy Metals,Cd,West Park Fields Community Orchard,,,,,0.58,mg/kg,Cadmium,,
LEEDS_f86e68c0d15e,Heavy Metals,Cu,West Park Fields Community Orchard,,,,,31.42,mg/kg,Copper,,
LEEDS_f86e68c0d15e,Heavy Metals,Ni,West Park Fields Community Orchard,,,,,29.3,mg/kg,Nickel,,
LEEDS_f86e68c0d15e,Heavy Metals,P2O5,West Park Fields Community Orchard,,,,,0.32,w%,Phosphorus,,
LEEDS_f86e68c0d15e,Heavy Metals,Pb,West Park Fields Community Orchard,,,,,91.29,mg/kg,Lead,,
LEEDS_f86e68c0d15e,Heavy Metals,Se,West Park Fields Community Orchard,,,,,0.9,mg/kg,Selenium,,
LEEDS_f86e68c0d15e,Heavy Metals,Zr,West Park Fields Community Orchard,,,,,296.26,mg/kg,Zirconium,,
LEEDS_f86e68c0d15e,Land Cover,,West Park Fields Community Orchard,,,,Suburban,,,,,
LEEDS_f86e68c0d15e,Soil Parent,,West Park Fields Community Orchard,MIXED (ARGILLIC-RUDACEOUS),"A variable clay, silt, and sand subsoil.",MEDIUM TO LIGHT(SILTY) TO HEAVY,,,,,,
LEEDS_f89096ff03de,Heavy Metals,As,Nunroyd Park,,,,,21.81,mg/kg,Arsenic,,
LEEDS_f89096ff03de,Heavy Metals,Cd,Nunroyd Park,,,,,0.61,mg/kg,Cadmium,,
LEEDS_f89096ff03de,Heavy Metals,Cu,Nunroyd Park,,,,,43.05,mg/kg,Copper,,
LEEDS_f89096ff03de,Heavy Metals,Ni,Nunroyd Park,,,,,25.94,mg/kg,Nickel,,
LEEDS_f89096ff03de,Heavy Metals,P2O5,Nunroyd Park,,,,,0.3,w%,Phosphorus,,
LEEDS_f89096ff03de,Heavy Metals,Pb,Nunroyd Park,,,,,95.79,mg/kg,Lead,,
LEEDS_f89096ff03de,Heavy Metals,Se,Nunroyd Park,,,,,0.88,mg/kg,Selenium,,
LEEDS_f89096ff03de,Heavy Metals,Zr,Nunroyd Park,,,,,239.15,mg/kg,Zirconium,,
LEEDS_f89096ff03de,Land Cover,,Nunroyd Park,,,,Suburban,,,,,
LEEDS_f89096ff03de,Soil Parent,,Nunroyd Park,MIXED (ARGILLIC-RUDACEOUS),"A variable clay, silt, and sand subsoil.",MEDIUM TO LIGHT(SILTY) TO HEAVY,,,,,,
LEEDS_f91d5bf6c61f,Heavy Metals,As,Incredible Edible Raised Beds,,,,,16.34,mg/kg,Arsenic,,
LEEDS_f91d5bf6c61f,Heavy Metals,Cd,Incredible Edible Raised Beds,,,,,0.49,mg/kg,Cadmium,,
LEEDS_f91d5bf6c61f,Heavy Metals,Cu,Incredible Edible Raised Beds,,,,,35.3,mg/kg,Copper,,
LEEDS_f91d5bf6c61f,Heavy Metals,Ni,Incredible Edible Raised Beds,,,,,22.65,mg/kg,Nickel,,
LEEDS_f91d5bf6c61f,Heavy Metals,P2O5,Incredible Edible Raised Beds,,,,,0.26,w%,Phosphorus,,
LEEDS_f91d5bf6c61f,Heavy Metals,Pb,Incredible Edible Raised Beds,,,,,84.24,mg/kg,Lead,,
LEEDS_f91d5bf6c61f,Heavy Metals,Se,Incredible Edible Raised Beds,,,,,1.0,mg/kg,Selenium,,
LEEDS_f91d5bf6c61f,Heavy Metals,Zr,Incredible Edible Raised Beds,,,,,248.13,mg/kg,Zirconium,,
LEEDS_f91d5bf6c61f,Land Cover,,Incredible Edible Raised Beds,,,,Improve grassland,,,,,
LEEDS_f91d5bf6c61f,Soil Parent,,Incredible Edible Raised Beds,MIXED (ARGILLIC-RUDACEOUS),"A variable clay, silt, and sand subsoil.",MEDIUM TO LIGHT(SILTY) TO HEAVY,,,,,,
LEEDS_f9b706b61aef,Heavy Metals,As,Broadfields Community Orchard,,,,,16.46,mg/kg,Arsenic,,
LEEDS_f9b706b61aef,Heavy Metals,Cd,Broadfields Community Orchard,,,,,0.63,mg/kg,Cadmium,,
LEEDS_f9b706b61aef,Heavy Metals,Cu,Broadfields Community Orchard,,,,,38.71,mg/kg,Copper,,
LEEDS_f9b706b61aef,Heavy Metals,Ni,Broadfields Community Orchard,,,,,21.3,mg/kg,Nickel,,
LEEDS_f9b706b61aef,Heavy Metals,P2O5,Broadfields Community Orchard,,,,,0.36,w%,Phosphorus,,
LEEDS_f9b706b61aef,Heavy Metals,Pb,Broadfields Community Orchard,,,,,84.04,mg/kg,Lead,,
LEEDS_f9b706b61aef,Heavy Metals,Se,Broadfields Community Orchard,,,,,0.86,mg/kg,Selenium,,
LEEDS_f9b706b61aef,Heavy Metals,Zr,Broadfields Community Orchard,,,,,339.3,mg/kg,Zirconium,,
LEEDS_f9b706b61aef,Land Cover,,Broadfields Community Orchard,,,,Suburban,,,,,
LEEDS_f9b706b61aef,Soil Parent,,Broadfields Community Orchard,MIXED (ARGILLIC-RUDACEOUS),"A variable clay, silt, and sand subsoil.",MEDIUM TO LIGHT(SILTY) TO HEAVY,,,,,,
LEEDS_fb1ae6e9d2ee,Heavy Metals,As,TCV Skelton Grange,,,,,25.73,mg/kg,Arsenic,,
LEEDS_fb1ae6e9d2ee,Heavy Metals,Cd,TCV Skelton Grange,,,,,0.46,mg/kg,Cadmium,,
LEEDS_fb1ae6e9d2ee,Heavy Metals,Cu,TCV Skelton Grange,,,,,57.21,mg/kg,Copper,,
LEEDS_fb1ae6e9d2ee,Heavy Metals,Ni,TCV Skelton Grange,,,,,19.6,mg/kg,Nickel,,
LEEDS_fb1ae6e9d2ee,Heavy Metals,P2O5,TCV Skelton Grange,,,,,0.28,w%,Phosphorus,,
LEEDS_fb1ae6e9d2ee,Heavy Metals,Pb,TCV Skelton Grange,,,,,122.28,mg/kg,Lead,,
LEEDS_fb1ae6e9d2ee,Heavy Metals,Se,TCV Skelton Grange,,,,,0.97,mg/kg,Selenium,,
LEEDS_fb1ae6e9d2ee,Heavy Metals,Zr,TCV Skelton Grange,,,,,281.49,mg/kg,Zirconium,,
LEEDS_fb1ae6e9d2ee,Land Cover,,TCV Skelton Grange,,,,Suburban,,,,,
LEEDS_fb1ae6e9d2ee,Soil Parent,,TCV Skelton Grange,ARGILLIC - ARENACEOUS,"A layered subsoil of clay, silt and sand.",MEDIUM TO HEAVY,,,,,,
LEEDS_fc00f19b4564,Heavy Metals,As,Keswick Lane Allotments,,,,,8.8,mg/kg,Arsenic,,
LEEDS_fc00f19b4564,Heavy Metals,Cd,Keswick Lane Allotments,,,,,0.43,mg/kg,Cadmium,,
LEEDS_fc00f19b4564,Heavy Metals,Cu,Keswick Lane Allotments,,,,,16.05,mg/kg,Copper,,
LEEDS_fc00f19b4564,Heavy Metals,Ni,Keswick Lane Allotments,,,,,17.92,mg/kg,Nickel,,
LEEDS_fc00f19b4564,Heavy Metals,P2O5,Keswick Lane Allotments,,,,,0.19,w%,Phosphorus,,
LEEDS_fc00f19b4564,Heavy Metals,Pb,Keswick Lane Allotments,,,,,43.62,mg/kg,Lead,,
LEEDS_fc00f19b4564,Heavy Metals,Se,Keswick Lane Allotments,,,,,0.66,mg/kg,Selenium,,
LEEDS_fc00f19b4564,Heavy Metals,Zr,Keswick Lane Allotments,,,,,286.51,mg/kg,Zirconium,,
LEEDS_fc00f19b4564,Land Cover,,Keswick Lane Allotments,,,,Suburban,,,,,
LEEDS_fc00f19b4564,Soil Parent,,Keswick Lane Allotments,ARGILLIC - ARENACEOUS,"A layered subsoil of clay, silt and sand.",LIGHT(SILTY) TO MEDIUM(SILTY) TO HEAVY,,,,,,
LEEDS_fc00f19b4564,Soil SOM,,Keswick Lane Allotments,,,,,,,,,8.9
LEEDS_fc00f19b4564,Soil pH,,Keswick Lane Allotments,,,,,,,,6.31,
LEEDS_fc5191ca278a,Heavy Metals,As,Garforth Church Lane Allotments,,,,,16.9,mg/kg,Arsenic,,
LEEDS_fc5191ca278a,Heavy Metals,Cd,Garforth Church Lane Allotments,,,,,0.49,mg/kg,Cadmium,,
LEEDS_fc5191ca278a,Heavy Metals,Cu,Garforth Church Lane Allotments,,,,,20.42,mg/kg,Copper,,
LEEDS_fc5191ca278a,Heavy Metals,Ni,Garforth Church Lane Allotments,,,,,27.56,mg/kg,Nickel,,
LEEDS_fc5191ca278a,Heavy Metals,P2O5,Garforth Church Lane Allotments,,,,,0.21,w%,Phosphorus,,
LEEDS_fc5191ca278a,Heavy Metals,Pb,Garforth Church Lane Allotments,,,,,60.69,mg/kg,Lead,,
LEEDS_fc5191ca278a,Heavy Metals,Se,Garforth Church Lane Allotments,,,,,0.68,mg/kg,Selenium,,
LEEDS_fc5191ca278a,Heavy Metals,Zr,Garforth Church Lane Allotments,,,,,306.7,mg/kg,Zirconium,,
LEEDS_fc5191ca278a,Land Cover,,Garforth Church Lane Allotments,,,,Suburban,,,,,
LEEDS_fc5191ca278a,Soil Parent,,Garforth Church Lane Allotments,ARENACEOUS | ARGILLIC - ARENACEOUS,"A sand-rich subsoil. | A layered subsoil of clay, silt and sand.",MEDIUM TO HEAVY,,,,,,
LEEDS_fd2be1184ecb,Heavy Metals,As,Aberford Allotments Field Lane,,,,,14.55,mg/kg,Arsenic,,
LEEDS_fd2be1184ecb,Heavy Metals,Cd,Aberford Allotments Field Lane,,,,,0.5,mg/kg,Cadmium,,
LEEDS_fd2be1184ecb,Heavy Metals,Cu,Aberford Allotments Field Lane,,,,,17.86,mg/kg,Copper,,
LEEDS_fd2be1184ecb,Heavy Metals,Ni,Aberford Allotments Field Lane,,,,,18.53,mg/kg,Nickel,,
LEEDS_fd2be1184ecb,Heavy Metals,P2O5,Aberford Allotments Field Lane,,,,,0.18,w%,Phosphorus,,
LEEDS_fd2be1184ecb,Heavy Metals,Pb,Aberford Allotments Field Lane,,,,,57.66,mg/kg,Lead,,
LEEDS_fd2be1184ecb,Heavy Metals,Se,Aberford Allotments Field Lane,,,,,0.5,mg/kg,Selenium,,
LEEDS_fd2be1184ecb,Heavy Metals,Zr,Aberford Allotments Field Lane,,,,,247.41,mg/kg,Zirconium,,
LEEDS_fd2be1184ecb,Land Cover,,Aberford Allotments Field Lane,,,,Improve grassland | Suburban | Deciduous woodland,,,,,
LEEDS_fd2be1184ecb,Soil Parent,,Aberford Allotments Field Lane,ARGILLIC - ARENACEOUS,"A layered subsoil of clay, silt and sand.",LIGHT(SILTY) TO MEDIUM(SILTY),,,,,,
LEEDS_fd2be1184ecb,Soil SOM,,Aberford Allotments Field Lane,,,,,,,,,3.13
LEEDS_fd2be1184ecb,Soil pH,,Aberford Allotments Field Lane,,,,,,,,7.7,
LEEDS_fe1975e58075,Heavy Metals,As,Station Lane Allotments,,,,,24.37,mg/kg,Arsenic,,
LEEDS_fe1975e58075,Heavy Metals,Cd,Station Lane Allotments,,,,,0.63,mg/kg,Cadmium,,
LEEDS_fe1975e58075,Heavy Metals,Cu,Station Lane Allotments,,,,,65.21,mg/kg,Copper,,
LEEDS_fe1975e58075,Heavy Metals,Ni,Station Lane Allotments,,,,,25.15,mg/kg,Nickel,,
LEEDS_fe1975e58075,Heavy Metals,P2O5,Station Lane Allotments,,,,,0.33,w%,Phosphorus,,
LEEDS_fe1975e58075,Heavy Metals,Pb,Station Lane Allotments,,,,,138.32,mg/kg,Lead,,
LEEDS_fe1975e58075,Heavy Metals,Se,Station Lane Allotments,,,,,1.14,mg/kg,Selenium,,
LEEDS_fe1975e58075,Heavy Metals,Zr,Station Lane Allotments,,,,,361.38,mg/kg,Zirconium,,
LEEDS_fe1975e58075,Land Cover,,Station Lane Allotments,,,,Deciduous woodland | Urban,,,,,
LEEDS_fe1975e58075,Soil Parent,,Station Lane Allotments,ARENACEOUS,A sand-rich subsoil.,MEDIUM TO HEAVY,,,,,,
LEEDS_fe1975e58075,Soil SOM,,Station Lane Allotments,,,,,,,,,5.14
LEEDS_fe1975e58075,Soil pH,,Station Lane Allotments,,,,,,,,7.05,
LEEDS_feab6863078e,Heavy Metals,As,Pennington Perennials,,,,,23.42,mg/kg,Arsenic,,
LEEDS_feab6863078e,Heavy Metals,Cd,Pennington Perennials,,,,,0.4,mg/kg,Cadmium,,
LEEDS_feab6863078e,Heavy Metals,Cu,Pennington Perennials,,,,,41.02,mg/kg,Copper,,
LEEDS_feab6863078e,Heavy Metals,Ni,Pennington Perennials,,,,,27.37,mg/kg,Nickel,,
LEEDS_feab6863078e,Heavy Metals,P2O5,Pennington Perennials,,,,,0.28,w%,Phosphorus,,
LEEDS_feab6863078e,Heavy Metals,Pb,Pennington Perennials,,,,,101.58,mg/kg,Lead,,
LEEDS_feab6863078e,Heavy Metals,Se,Pennington Perennials,,,,,0.9,mg/kg,Selenium,,
LEEDS_feab6863078e,Heavy Metals,Zr,Pennington Perennials,,,,,255.11,mg/kg,Zirconium,,
LEEDS_feab6863078e,Land Cover,,Pennington Perennials,,,,Urban,,,,,
LEEDS_feab6863078e,Soil Parent,,Pennington Perennials,ARGILLIC - ARENACEOUS,"A layered subsoil of clay, silt and sand.",MEDIUM TO HEAVY,,,,,,
LEEDS_ff941d833b9f,Heavy Metals,As,Thorner Road Allotments,,,,,12.42,mg/kg,Arsenic,,
LEEDS_ff941d833b9f,Heavy Metals,Cd,Thorner Road Allotments,,,,,0.72,mg/kg,Cadmium,,
LEEDS_ff941d833b9f,Heavy Metals,Cu,Thorner Road Allotments,,,,,18.65,mg/kg,Copper,,
LEEDS_ff941d833b9f,Heavy Metals,Ni,Thorner Road Allotments,,,,,19.61,mg/kg,Nickel,,
LEEDS_ff941d833b9f,Heavy Metals,P2O5,Thorner Road Allotments,,,,,0.19,w%,Phosphorus,,
LEEDS_ff941d833b9f,Heavy Metals,Pb,Thorner Road Allotments,,,,,58.39,mg/kg,Lead,,
LEEDS_ff941d833b9f,Heavy Metals,Se,Thorner Road Allotments,,,,,0.53,mg/kg,Selenium,,
LEEDS_ff941d833b9f,Heavy Metals,Zr,Thorner Road Allotments,,,,,244.22,mg/kg,Zirconium,,
LEEDS_ff941d833b9f,Land Cover,,Thorner Road Allotments,,,,Arable | Improve grassland,,,,,
LEEDS_ff941d833b9f,Soil Parent,,Thorner Road Allotments,ARGILLIC - ARENACEOUS,"A layered subsoil of clay, silt and sand.",LIGHT(SILTY) TO MEDIUM(SILTY),,,,,,
LEEDS_ff941d833b9f,Soil SOM,,Thorner Road Allotments,,,,,,,,,3.13
LEEDS_ff941d833b9f,Soil pH,,Thorner Road Allotments,,,,,,,,7.7,
